-- MySQL dump 10.19  Distrib 10.2.37-MariaDB, for Linux (x86_64)
--
-- Host: localhost    Database: sea_forum
-- ------------------------------------------------------
-- Server version	10.2.37-MariaDB-cll-lve

/*!40101 SET @OLD_CHARACTER_SET_CLIENT=@@CHARACTER_SET_CLIENT */;
/*!40101 SET @OLD_CHARACTER_SET_RESULTS=@@CHARACTER_SET_RESULTS */;
/*!40101 SET @OLD_COLLATION_CONNECTION=@@COLLATION_CONNECTION */;
/*!40101 SET NAMES utf8mb4 */;
/*!40103 SET @OLD_TIME_ZONE=@@TIME_ZONE */;
/*!40103 SET TIME_ZONE='+00:00' */;
/*!40014 SET @OLD_UNIQUE_CHECKS=@@UNIQUE_CHECKS, UNIQUE_CHECKS=0 */;
/*!40014 SET @OLD_FOREIGN_KEY_CHECKS=@@FOREIGN_KEY_CHECKS, FOREIGN_KEY_CHECKS=0 */;
/*!40101 SET @OLD_SQL_MODE=@@SQL_MODE, SQL_MODE='NO_AUTO_VALUE_ON_ZERO' */;
/*!40111 SET @OLD_SQL_NOTES=@@SQL_NOTES, SQL_NOTES=0 */;

--
-- Table structure for table `phpbb_acl_groups`
--

DROP TABLE IF EXISTS `phpbb_acl_groups`;
/*!40101 SET @saved_cs_client     = @@character_set_client */;
/*!40101 SET character_set_client = utf8 */;
CREATE TABLE `phpbb_acl_groups` (
  `group_id` mediumint(8) unsigned NOT NULL DEFAULT 0,
  `forum_id` mediumint(8) unsigned NOT NULL DEFAULT 0,
  `auth_option_id` mediumint(8) unsigned NOT NULL DEFAULT 0,
  `auth_role_id` mediumint(8) unsigned NOT NULL DEFAULT 0,
  `auth_setting` tinyint(2) NOT NULL DEFAULT 0,
  KEY `group_id` (`group_id`),
  KEY `auth_opt_id` (`auth_option_id`),
  KEY `auth_role_id` (`auth_role_id`)
) ENGINE=InnoDB DEFAULT CHARSET=utf8 COLLATE=utf8_bin;
/*!40101 SET character_set_client = @saved_cs_client */;

--
-- Dumping data for table `phpbb_acl_groups`
--

LOCK TABLES `phpbb_acl_groups` WRITE;
/*!40000 ALTER TABLE `phpbb_acl_groups` DISABLE KEYS */;
INSERT INTO `phpbb_acl_groups` VALUES (1,0,91,0,1),(1,0,100,0,1),(1,0,119,0,1),(5,0,0,5,0),(5,0,0,1,0),(2,0,0,6,0),(3,0,0,6,0),(4,0,0,5,0),(4,0,0,10,0),(7,0,0,23,0),(9,0,0,6,0),(9,1,0,14,0),(9,5,0,14,0),(9,6,0,14,0),(9,7,0,14,0),(9,8,0,14,0),(9,9,0,14,0),(9,10,0,14,0),(9,11,0,14,0),(9,12,0,14,0),(9,14,0,14,0),(9,15,0,14,0),(9,16,0,14,0),(9,17,0,14,0),(9,18,0,14,0),(9,19,0,14,0),(9,20,0,14,0),(9,21,0,14,0),(9,22,0,14,0),(9,23,0,14,0),(9,25,0,14,0),(9,26,0,14,0),(9,27,0,14,0),(9,28,0,14,0),(9,29,0,14,0),(9,30,0,14,0),(9,31,0,14,0),(9,32,0,14,0),(9,33,0,14,0),(9,34,0,14,0),(9,35,0,14,0),(9,36,0,14,0),(9,37,0,14,0),(9,38,0,14,0),(9,39,0,14,0),(9,40,0,14,0),(9,41,0,14,0),(9,42,0,14,0),(9,43,0,14,0),(9,44,0,14,0),(9,45,0,14,0),(9,46,0,14,0),(5,19,0,14,0),(5,20,0,14,0),(5,21,0,14,0),(5,22,0,14,0),(5,23,0,14,0),(5,41,0,14,0),(5,46,0,14,0),(5,28,0,14,0),(5,32,0,14,0),(5,29,0,14,0),(5,33,0,14,0),(5,34,0,14,0),(5,30,0,14,0),(5,42,0,14,0),(5,44,0,14,0),(5,37,0,14,0),(5,45,0,14,0),(5,38,0,14,0),(5,14,0,14,0),(5,39,0,14,0),(5,15,0,14,0),(5,40,0,14,0),(5,1,0,14,0),(5,16,0,14,0),(5,25,0,14,0),(5,27,0,14,0),(5,17,0,14,0),(5,7,0,14,0),(5,5,0,14,0),(5,18,0,14,0),(5,26,0,14,0),(5,6,0,14,0),(5,43,0,14,0),(5,31,0,14,0),(5,35,0,14,0),(5,36,0,14,0),(5,8,0,14,0),(5,9,0,14,0),(5,10,0,14,0),(5,11,0,14,0),(5,12,0,14,0),(9,47,0,14,0),(5,47,0,14,0),(9,48,0,14,0),(5,48,0,14,0),(9,49,0,14,0),(5,49,0,14,0),(9,50,0,14,0),(5,50,0,14,0),(9,51,0,14,0),(5,51,0,14,0),(9,52,0,14,0),(5,52,0,14,0),(9,53,0,14,0),(5,53,0,14,0),(9,54,0,14,0),(5,54,0,14,0),(9,55,0,14,0),(5,55,0,14,0);
/*!40000 ALTER TABLE `phpbb_acl_groups` ENABLE KEYS */;
UNLOCK TABLES;

--
-- Table structure for table `phpbb_acl_options`
--

DROP TABLE IF EXISTS `phpbb_acl_options`;
/*!40101 SET @saved_cs_client     = @@character_set_client */;
/*!40101 SET character_set_client = utf8 */;
CREATE TABLE `phpbb_acl_options` (
  `auth_option_id` mediumint(8) unsigned NOT NULL AUTO_INCREMENT,
  `auth_option` varchar(50) COLLATE utf8_bin NOT NULL DEFAULT '',
  `is_global` tinyint(1) unsigned NOT NULL DEFAULT 0,
  `is_local` tinyint(1) unsigned NOT NULL DEFAULT 0,
  `founder_only` tinyint(1) unsigned NOT NULL DEFAULT 0,
  PRIMARY KEY (`auth_option_id`),
  UNIQUE KEY `auth_option` (`auth_option`)
) ENGINE=InnoDB AUTO_INCREMENT=126 DEFAULT CHARSET=utf8 COLLATE=utf8_bin;
/*!40101 SET character_set_client = @saved_cs_client */;

--
-- Dumping data for table `phpbb_acl_options`
--

LOCK TABLES `phpbb_acl_options` WRITE;
/*!40000 ALTER TABLE `phpbb_acl_options` DISABLE KEYS */;
INSERT INTO `phpbb_acl_options` VALUES (1,'f_',0,1,0),(2,'f_announce',0,1,0),(3,'f_announce_global',0,1,0),(4,'f_attach',0,1,0),(5,'f_bbcode',0,1,0),(6,'f_bump',0,1,0),(7,'f_delete',0,1,0),(8,'f_download',0,1,0),(9,'f_edit',0,1,0),(10,'f_email',0,1,0),(11,'f_flash',0,1,0),(12,'f_icons',0,1,0),(13,'f_ignoreflood',0,1,0),(14,'f_img',0,1,0),(15,'f_list',0,1,0),(16,'f_list_topics',0,1,0),(17,'f_noapprove',0,1,0),(18,'f_poll',0,1,0),(19,'f_post',0,1,0),(20,'f_postcount',0,1,0),(21,'f_print',0,1,0),(22,'f_read',0,1,0),(23,'f_reply',0,1,0),(24,'f_report',0,1,0),(25,'f_search',0,1,0),(26,'f_sigs',0,1,0),(27,'f_smilies',0,1,0),(28,'f_sticky',0,1,0),(29,'f_subscribe',0,1,0),(30,'f_user_lock',0,1,0),(31,'f_vote',0,1,0),(32,'f_votechg',0,1,0),(33,'f_softdelete',0,1,0),(34,'m_',1,1,0),(35,'m_approve',1,1,0),(36,'m_chgposter',1,1,0),(37,'m_delete',1,1,0),(38,'m_edit',1,1,0),(39,'m_info',1,1,0),(40,'m_lock',1,1,0),(41,'m_merge',1,1,0),(42,'m_move',1,1,0),(43,'m_report',1,1,0),(44,'m_split',1,1,0),(45,'m_softdelete',1,1,0),(46,'m_ban',1,0,0),(47,'m_pm_report',1,0,0),(48,'m_warn',1,0,0),(49,'a_',1,0,0),(50,'a_aauth',1,0,0),(51,'a_attach',1,0,0),(52,'a_authgroups',1,0,0),(53,'a_authusers',1,0,0),(54,'a_backup',1,0,0),(55,'a_ban',1,0,0),(56,'a_bbcode',1,0,0),(57,'a_board',1,0,0),(58,'a_bots',1,0,0),(59,'a_clearlogs',1,0,0),(60,'a_email',1,0,0),(61,'a_extensions',1,0,0),(62,'a_fauth',1,0,0),(63,'a_forum',1,0,0),(64,'a_forumadd',1,0,0),(65,'a_forumdel',1,0,0),(66,'a_group',1,0,0),(67,'a_groupadd',1,0,0),(68,'a_groupdel',1,0,0),(69,'a_icons',1,0,0),(70,'a_jabber',1,0,0),(71,'a_language',1,0,0),(72,'a_mauth',1,0,0),(73,'a_modules',1,0,0),(74,'a_names',1,0,0),(75,'a_phpinfo',1,0,0),(76,'a_profile',1,0,0),(77,'a_prune',1,0,0),(78,'a_ranks',1,0,0),(79,'a_reasons',1,0,0),(80,'a_roles',1,0,0),(81,'a_search',1,0,0),(82,'a_server',1,0,0),(83,'a_styles',1,0,0),(84,'a_switchperm',1,0,0),(85,'a_uauth',1,0,0),(86,'a_user',1,0,0),(87,'a_userdel',1,0,0),(88,'a_viewauth',1,0,0),(89,'a_viewlogs',1,0,0),(90,'a_words',1,0,0),(91,'u_',1,0,0),(92,'u_attach',1,0,0),(93,'u_chgavatar',1,0,0),(94,'u_chgcensors',1,0,0),(95,'u_chgemail',1,0,0),(96,'u_chggrp',1,0,0),(97,'u_chgname',1,0,0),(98,'u_chgpasswd',1,0,0),(99,'u_chgprofileinfo',1,0,0),(100,'u_download',1,0,0),(101,'u_emoji',1,0,0),(102,'u_hideonline',1,0,0),(103,'u_ignoreflood',1,0,0),(104,'u_masspm',1,0,0),(105,'u_masspm_group',1,0,0),(106,'u_pm_attach',1,0,0),(107,'u_pm_bbcode',1,0,0),(108,'u_pm_delete',1,0,0),(109,'u_pm_download',1,0,0),(110,'u_pm_edit',1,0,0),(111,'u_pm_emailpm',1,0,0),(112,'u_pm_flash',1,0,0),(113,'u_pm_forward',1,0,0),(114,'u_pm_img',1,0,0),(115,'u_pm_printpm',1,0,0),(116,'u_pm_smilies',1,0,0),(117,'u_readpm',1,0,0),(118,'u_savedrafts',1,0,0),(119,'u_search',1,0,0),(120,'u_sendemail',1,0,0),(121,'u_sendim',1,0,0),(122,'u_sendpm',1,0,0),(123,'u_sig',1,0,0),(124,'u_viewonline',1,0,0),(125,'u_viewprofile',1,0,0);
/*!40000 ALTER TABLE `phpbb_acl_options` ENABLE KEYS */;
UNLOCK TABLES;

--
-- Table structure for table `phpbb_acl_roles`
--

DROP TABLE IF EXISTS `phpbb_acl_roles`;
/*!40101 SET @saved_cs_client     = @@character_set_client */;
/*!40101 SET character_set_client = utf8 */;
CREATE TABLE `phpbb_acl_roles` (
  `role_id` mediumint(8) unsigned NOT NULL AUTO_INCREMENT,
  `role_name` varchar(255) COLLATE utf8_bin NOT NULL DEFAULT '',
  `role_description` text COLLATE utf8_bin NOT NULL,
  `role_type` varchar(10) COLLATE utf8_bin NOT NULL DEFAULT '',
  `role_order` smallint(4) unsigned NOT NULL DEFAULT 0,
  PRIMARY KEY (`role_id`),
  KEY `role_type` (`role_type`),
  KEY `role_order` (`role_order`)
) ENGINE=InnoDB AUTO_INCREMENT=25 DEFAULT CHARSET=utf8 COLLATE=utf8_bin;
/*!40101 SET character_set_client = @saved_cs_client */;

--
-- Dumping data for table `phpbb_acl_roles`
--

LOCK TABLES `phpbb_acl_roles` WRITE;
/*!40000 ALTER TABLE `phpbb_acl_roles` DISABLE KEYS */;
INSERT INTO `phpbb_acl_roles` VALUES (1,'ROLE_ADMIN_STANDARD','ROLE_DESCRIPTION_ADMIN_STANDARD','a_',1),(2,'ROLE_ADMIN_FORUM','ROLE_DESCRIPTION_ADMIN_FORUM','a_',3),(3,'ROLE_ADMIN_USERGROUP','ROLE_DESCRIPTION_ADMIN_USERGROUP','a_',4),(4,'ROLE_ADMIN_FULL','ROLE_DESCRIPTION_ADMIN_FULL','a_',2),(5,'ROLE_USER_FULL','ROLE_DESCRIPTION_USER_FULL','u_',3),(6,'ROLE_USER_STANDARD','ROLE_DESCRIPTION_USER_STANDARD','u_',1),(7,'ROLE_USER_LIMITED','ROLE_DESCRIPTION_USER_LIMITED','u_',2),(8,'ROLE_USER_NOPM','ROLE_DESCRIPTION_USER_NOPM','u_',4),(9,'ROLE_USER_NOAVATAR','ROLE_DESCRIPTION_USER_NOAVATAR','u_',5),(10,'ROLE_MOD_FULL','ROLE_DESCRIPTION_MOD_FULL','m_',3),(11,'ROLE_MOD_STANDARD','ROLE_DESCRIPTION_MOD_STANDARD','m_',1),(12,'ROLE_MOD_SIMPLE','ROLE_DESCRIPTION_MOD_SIMPLE','m_',2),(13,'ROLE_MOD_QUEUE','ROLE_DESCRIPTION_MOD_QUEUE','m_',4),(14,'ROLE_FORUM_FULL','ROLE_DESCRIPTION_FORUM_FULL','f_',7),(15,'ROLE_FORUM_STANDARD','ROLE_DESCRIPTION_FORUM_STANDARD','f_',5),(16,'ROLE_FORUM_NOACCESS','ROLE_DESCRIPTION_FORUM_NOACCESS','f_',1),(17,'ROLE_FORUM_READONLY','ROLE_DESCRIPTION_FORUM_READONLY','f_',2),(18,'ROLE_FORUM_LIMITED','ROLE_DESCRIPTION_FORUM_LIMITED','f_',3),(19,'ROLE_FORUM_BOT','ROLE_DESCRIPTION_FORUM_BOT','f_',9),(20,'ROLE_FORUM_ONQUEUE','ROLE_DESCRIPTION_FORUM_ONQUEUE','f_',8),(21,'ROLE_FORUM_POLLS','ROLE_DESCRIPTION_FORUM_POLLS','f_',6),(22,'ROLE_FORUM_LIMITED_POLLS','ROLE_DESCRIPTION_FORUM_LIMITED_POLLS','f_',4),(23,'ROLE_USER_NEW_MEMBER','ROLE_DESCRIPTION_USER_NEW_MEMBER','u_',6),(24,'ROLE_FORUM_NEW_MEMBER','ROLE_DESCRIPTION_FORUM_NEW_MEMBER','f_',10);
/*!40000 ALTER TABLE `phpbb_acl_roles` ENABLE KEYS */;
UNLOCK TABLES;

--
-- Table structure for table `phpbb_acl_roles_data`
--

DROP TABLE IF EXISTS `phpbb_acl_roles_data`;
/*!40101 SET @saved_cs_client     = @@character_set_client */;
/*!40101 SET character_set_client = utf8 */;
CREATE TABLE `phpbb_acl_roles_data` (
  `role_id` mediumint(8) unsigned NOT NULL DEFAULT 0,
  `auth_option_id` mediumint(8) unsigned NOT NULL DEFAULT 0,
  `auth_setting` tinyint(2) NOT NULL DEFAULT 0,
  PRIMARY KEY (`role_id`,`auth_option_id`),
  KEY `ath_op_id` (`auth_option_id`)
) ENGINE=InnoDB DEFAULT CHARSET=utf8 COLLATE=utf8_bin;
/*!40101 SET character_set_client = @saved_cs_client */;

--
-- Dumping data for table `phpbb_acl_roles_data`
--

LOCK TABLES `phpbb_acl_roles_data` WRITE;
/*!40000 ALTER TABLE `phpbb_acl_roles_data` DISABLE KEYS */;
INSERT INTO `phpbb_acl_roles_data` VALUES (1,49,1),(1,51,1),(1,52,1),(1,53,1),(1,55,1),(1,56,1),(1,57,1),(1,61,1),(1,62,1),(1,63,1),(1,64,1),(1,65,1),(1,66,1),(1,67,1),(1,68,1),(1,69,1),(1,72,1),(1,74,1),(1,76,1),(1,77,1),(1,78,1),(1,79,1),(1,85,1),(1,86,1),(1,87,1),(1,88,1),(1,89,1),(1,90,1),(2,49,1),(2,52,1),(2,53,1),(2,62,1),(2,63,1),(2,64,1),(2,65,1),(2,72,1),(2,77,1),(2,85,1),(2,88,1),(2,89,1),(3,49,1),(3,52,1),(3,53,1),(3,55,1),(3,66,1),(3,67,1),(3,68,1),(3,78,1),(3,85,1),(3,86,1),(3,88,1),(3,89,1),(4,49,1),(4,50,1),(4,51,1),(4,52,1),(4,53,1),(4,54,1),(4,55,1),(4,56,1),(4,57,1),(4,58,1),(4,59,1),(4,60,1),(4,61,1),(4,62,1),(4,63,1),(4,64,1),(4,65,1),(4,66,1),(4,67,1),(4,68,1),(4,69,1),(4,70,1),(4,71,1),(4,72,1),(4,73,1),(4,74,1),(4,75,1),(4,76,1),(4,77,1),(4,78,1),(4,79,1),(4,80,1),(4,81,1),(4,82,1),(4,83,1),(4,84,1),(4,85,1),(4,86,1),(4,87,1),(4,88,1),(4,89,1),(4,90,1),(5,91,1),(5,92,1),(5,93,1),(5,94,1),(5,95,1),(5,96,1),(5,97,1),(5,98,1),(5,99,1),(5,100,1),(5,101,1),(5,102,1),(5,103,1),(5,104,1),(5,105,1),(5,106,1),(5,107,1),(5,108,1),(5,109,1),(5,110,1),(5,111,1),(5,112,1),(5,113,1),(5,114,1),(5,115,1),(5,116,1),(5,117,1),(5,118,1),(5,119,1),(5,120,1),(5,121,1),(5,122,1),(5,123,1),(5,124,1),(5,125,1),(6,91,1),(6,92,1),(6,93,1),(6,94,1),(6,95,1),(6,98,1),(6,99,1),(6,100,1),(6,101,1),(6,102,1),(6,104,1),(6,105,1),(6,106,1),(6,107,1),(6,108,1),(6,109,1),(6,110,1),(6,111,1),(6,114,1),(6,115,1),(6,116,1),(6,117,1),(6,118,1),(6,119,1),(6,120,1),(6,121,1),(6,122,1),(6,123,1),(6,125,1),(7,91,1),(7,93,1),(7,94,1),(7,95,1),(7,98,1),(7,99,1),(7,100,1),(7,101,1),(7,102,1),(7,107,1),(7,108,1),(7,109,1),(7,110,1),(7,113,1),(7,114,1),(7,115,1),(7,116,1),(7,117,1),(7,122,1),(7,123,1),(7,125,1),(8,91,1),(8,93,1),(8,94,1),(8,95,1),(8,98,1),(8,100,1),(8,102,1),(8,104,0),(8,105,0),(8,117,0),(8,122,0),(8,123,1),(8,125,1),(9,91,1),(9,93,0),(9,94,1),(9,95,1),(9,98,1),(9,99,1),(9,100,1),(9,101,1),(9,102,1),(9,107,1),(9,108,1),(9,109,1),(9,110,1),(9,113,1),(9,114,1),(9,115,1),(9,116,1),(9,117,1),(9,122,1),(9,123,1),(9,125,1),(10,34,1),(10,35,1),(10,36,1),(10,37,1),(10,38,1),(10,39,1),(10,40,1),(10,41,1),(10,42,1),(10,43,1),(10,44,1),(10,45,1),(10,46,1),(10,47,1),(10,48,1),(11,34,1),(11,35,1),(11,37,1),(11,38,1),(11,39,1),(11,40,1),(11,41,1),(11,42,1),(11,43,1),(11,44,1),(11,45,1),(11,47,1),(11,48,1),(12,34,1),(12,37,1),(12,38,1),(12,39,1),(12,43,1),(12,45,1),(12,47,1),(13,34,1),(13,35,1),(13,38,1),(14,1,1),(14,2,1),(14,3,1),(14,4,1),(14,5,1),(14,6,1),(14,7,1),(14,8,1),(14,9,1),(14,10,1),(14,11,1),(14,12,1),(14,13,1),(14,14,1),(14,15,1),(14,16,1),(14,17,1),(14,18,1),(14,19,1),(14,20,1),(14,21,1),(14,22,1),(14,23,1),(14,24,1),(14,25,1),(14,26,1),(14,27,1),(14,28,1),(14,29,1),(14,30,1),(14,31,1),(14,32,1),(14,33,1),(15,1,1),(15,4,1),(15,5,1),(15,6,1),(15,7,1),(15,8,1),(15,9,1),(15,10,1),(15,12,1),(15,14,1),(15,15,1),(15,16,1),(15,17,1),(15,19,1),(15,20,1),(15,21,1),(15,22,1),(15,23,1),(15,24,1),(15,25,1),(15,26,1),(15,27,1),(15,29,1),(15,31,1),(15,32,1),(15,33,1),(16,1,0),(17,1,1),(17,8,1),(17,15,1),(17,16,1),(17,21,1),(17,22,1),(17,25,1),(17,29,1),(18,1,1),(18,5,1),(18,8,1),(18,9,1),(18,10,1),(18,14,1),(18,15,1),(18,16,1),(18,17,1),(18,19,1),(18,20,1),(18,21,1),(18,22,1),(18,23,1),(18,24,1),(18,25,1),(18,26,1),(18,27,1),(18,29,1),(18,31,1),(18,33,1),(19,1,1),(19,8,1),(19,15,1),(19,16,1),(19,21,1),(19,22,1),(20,1,1),(20,4,1),(20,5,1),(20,8,1),(20,9,1),(20,10,1),(20,14,1),(20,15,1),(20,16,1),(20,17,0),(20,19,1),(20,20,1),(20,21,1),(20,22,1),(20,23,1),(20,24,1),(20,25,1),(20,26,1),(20,27,1),(20,29,1),(20,31,1),(20,33,1),(21,1,1),(21,4,1),(21,5,1),(21,6,1),(21,7,1),(21,8,1),(21,9,1),(21,10,1),(21,12,1),(21,14,1),(21,15,1),(21,16,1),(21,17,1),(21,18,1),(21,19,1),(21,20,1),(21,21,1),(21,22,1),(21,23,1),(21,24,1),(21,25,1),(21,26,1),(21,27,1),(21,29,1),(21,31,1),(21,32,1),(21,33,1),(22,1,1),(22,5,1),(22,8,1),(22,9,1),(22,10,1),(22,14,1),(22,15,1),(22,16,1),(22,17,1),(22,18,1),(22,19,1),(22,20,1),(22,21,1),(22,22,1),(22,23,1),(22,24,1),(22,25,1),(22,26,1),(22,27,1),(22,29,1),(22,31,1),(22,33,1),(23,99,0),(23,104,0),(23,105,0),(23,122,0),(24,17,0);
/*!40000 ALTER TABLE `phpbb_acl_roles_data` ENABLE KEYS */;
UNLOCK TABLES;

--
-- Table structure for table `phpbb_acl_users`
--

DROP TABLE IF EXISTS `phpbb_acl_users`;
/*!40101 SET @saved_cs_client     = @@character_set_client */;
/*!40101 SET character_set_client = utf8 */;
CREATE TABLE `phpbb_acl_users` (
  `user_id` int(10) unsigned NOT NULL DEFAULT 0,
  `forum_id` mediumint(8) unsigned NOT NULL DEFAULT 0,
  `auth_option_id` mediumint(8) unsigned NOT NULL DEFAULT 0,
  `auth_role_id` mediumint(8) unsigned NOT NULL DEFAULT 0,
  `auth_setting` tinyint(2) NOT NULL DEFAULT 0,
  KEY `user_id` (`user_id`),
  KEY `auth_option_id` (`auth_option_id`),
  KEY `auth_role_id` (`auth_role_id`)
) ENGINE=InnoDB DEFAULT CHARSET=utf8 COLLATE=utf8_bin;
/*!40101 SET character_set_client = @saved_cs_client */;

--
-- Dumping data for table `phpbb_acl_users`
--

LOCK TABLES `phpbb_acl_users` WRITE;
/*!40000 ALTER TABLE `phpbb_acl_users` DISABLE KEYS */;
INSERT INTO `phpbb_acl_users` VALUES (2,0,0,5,0),(58,1,0,10,0),(58,7,0,10,0),(58,8,0,10,0),(58,9,0,10,0),(58,10,0,10,0),(58,11,0,10,0),(58,12,0,10,0),(58,14,0,10,0),(58,15,0,10,0),(58,16,0,10,0),(58,17,0,10,0),(58,18,0,10,0),(58,19,0,10,0),(58,20,0,10,0),(58,21,0,10,0),(58,22,0,10,0),(58,23,0,10,0),(58,25,0,10,0),(58,26,0,10,0),(58,27,0,10,0),(58,28,0,10,0),(58,29,0,10,0),(58,30,0,10,0),(58,31,0,10,0),(58,32,0,10,0),(58,33,0,10,0),(58,34,0,10,0),(58,35,0,10,0),(58,36,0,10,0),(58,37,0,10,0),(58,38,0,10,0),(58,39,0,10,0),(58,40,0,10,0),(58,41,0,10,0),(58,42,0,10,0),(58,43,0,10,0),(58,0,0,5,0),(58,44,0,10,0),(64,22,0,14,0),(58,45,0,10,0),(58,46,0,10,0),(58,0,0,3,0),(58,47,0,10,0),(58,48,0,10,0),(58,49,0,10,0),(58,50,0,10,0),(58,51,0,10,0),(58,52,0,10,0),(58,53,0,10,0),(58,54,0,10,0),(58,55,0,10,0);
/*!40000 ALTER TABLE `phpbb_acl_users` ENABLE KEYS */;
UNLOCK TABLES;

--
-- Table structure for table `phpbb_attachments`
--

DROP TABLE IF EXISTS `phpbb_attachments`;
/*!40101 SET @saved_cs_client     = @@character_set_client */;
/*!40101 SET character_set_client = utf8 */;
CREATE TABLE `phpbb_attachments` (
  `attach_id` int(10) unsigned NOT NULL AUTO_INCREMENT,
  `post_msg_id` int(10) unsigned NOT NULL DEFAULT 0,
  `topic_id` int(10) unsigned NOT NULL DEFAULT 0,
  `in_message` tinyint(1) unsigned NOT NULL DEFAULT 0,
  `poster_id` int(10) unsigned NOT NULL DEFAULT 0,
  `is_orphan` tinyint(1) unsigned NOT NULL DEFAULT 1,
  `physical_filename` varchar(255) COLLATE utf8_bin NOT NULL DEFAULT '',
  `real_filename` varchar(255) COLLATE utf8_bin NOT NULL DEFAULT '',
  `download_count` mediumint(8) unsigned NOT NULL DEFAULT 0,
  `attach_comment` text COLLATE utf8_bin NOT NULL,
  `extension` varchar(100) COLLATE utf8_bin NOT NULL DEFAULT '',
  `mimetype` varchar(100) COLLATE utf8_bin NOT NULL DEFAULT '',
  `filesize` int(20) unsigned NOT NULL DEFAULT 0,
  `filetime` int(11) unsigned NOT NULL DEFAULT 0,
  `thumbnail` tinyint(1) unsigned NOT NULL DEFAULT 0,
  PRIMARY KEY (`attach_id`),
  KEY `filetime` (`filetime`),
  KEY `post_msg_id` (`post_msg_id`),
  KEY `topic_id` (`topic_id`),
  KEY `poster_id` (`poster_id`),
  KEY `is_orphan` (`is_orphan`)
) ENGINE=InnoDB AUTO_INCREMENT=23 DEFAULT CHARSET=utf8 COLLATE=utf8_bin;
/*!40101 SET character_set_client = @saved_cs_client */;

--
-- Dumping data for table `phpbb_attachments`
--

LOCK TABLES `phpbb_attachments` WRITE;
/*!40000 ALTER TABLE `phpbb_attachments` DISABLE KEYS */;
INSERT INTO `phpbb_attachments` VALUES (1,82,34,0,63,0,'63_f1b30c87672c6b964dc403b64f497685','Screenshot 2022-04-13 134657.png',7,'','png','image/png',16050,1649850432,1),(2,83,33,0,63,0,'63_189dd0aff3fa8a13fa6f44d545829880','Screenshot 2022-04-13 135622.png',11,'','png','image/png',27387,1649850993,1),(3,92,12,0,58,0,'58_b37698a7dc666a363684d99963f99a07','jk.jpg',26,'','jpg','image/jpeg',218010,1649861287,1),(4,103,40,0,58,0,'58_5001abf9dbdd11a034b68af41c53b85f','kiedy-publikowac-na-facebooku.jpg',19,'','jpg','image/jpeg',68591,1650000712,1),(5,103,40,0,58,0,'58_12a6475d56f2123985ca160374a30c94','kiedy-publikowac-na-instagramie.jpg',19,'','jpg','image/jpeg',64826,1650001298,1),(6,104,41,0,58,0,'58_2ae9ac5ccd3adbf495ebc641c89df32a','skuter uchwyt transportowy.jpg',19,'','jpg','image/jpeg',225398,1650002698,1),(7,108,42,0,58,0,'58_321dbf99387d18630edbe9355b3ec9fa','nowy banner.jpg',29,'','jpg','image/jpeg',144871,1650013264,1),(8,108,42,0,58,0,'58_d89b5861871c930f5f0346f2dcfd8606','stary banner.jpg',29,'','jpg','image/jpeg',104535,1650013399,1),(9,138,49,0,58,0,'58_06db37e276b0201e58457e62667d8464','obraz_2022-04-20_071948541.png',13,'','png','image/png',208670,1650431993,1),(10,156,49,0,58,0,'58_f4f52e340767c75c1fb08f81459a01c0','obraz_2022-04-22_125850771.png',5,'','png','image/png',196580,1650625132,1),(11,169,57,0,58,0,'58_fa5e89e0054a4770dde8de4005969c40','279011389_5058072887574185_2561308068651019394_n.jpg',18,'','jpg','image/jpeg',193293,1650958847,1),(12,192,7,0,58,0,'58_12b40904b239d49e38da5dde23a0d97a','obraz_2022-04-27_075827466.png',22,'','png','image/png',71704,1651039109,1),(13,201,29,0,58,0,'58_bcef0322559299eaf7bc6b74c84e8311','demo days scooter.jpg',29,'','jpg','image/jpeg',172134,1651060109,1),(16,201,29,0,58,0,'58_cbdc5354eb8440e4ba97f9620dfdf03f','nurkowe demo days2.jpg',29,'','jpg','image/jpeg',178856,1651061350,1),(17,201,29,0,58,0,'58_bf8d7ae529318815c0e32cc4903e3054','nurkowe demo days.jpg',29,'','jpg','image/jpeg',233021,1651061350,1),(18,225,7,0,58,0,'58_dd2d31916992bb4442a032182420dc63','3.jpg',11,'','jpg','image/jpeg',168722,1651212690,1),(19,225,7,0,58,0,'58_d21f76e0dffeb0b8256fdec1c9e3d5b3','2.jpg',11,'','jpg','image/jpeg',37814,1651212690,1),(20,225,7,0,58,0,'58_87dd393d04be8299f38cedcf6a14af32','1.jpg',11,'','jpg','image/jpeg',70492,1651212690,1),(21,272,78,0,58,0,'58_d7fe6d4da7d52d1bd0e16809aa22e51b','fb rolka.jpg',6,'','jpg','image/jpeg',198628,1652164816,1),(22,274,6,0,58,0,'58_ab5b4ade30c22a5c214ef285546915c9','280092293_3130145203914328_1972688013633357119_n (1).jpg',8,'','jpg','image/jpeg',191936,1652165573,1);
/*!40000 ALTER TABLE `phpbb_attachments` ENABLE KEYS */;
UNLOCK TABLES;

--
-- Table structure for table `phpbb_banlist`
--

DROP TABLE IF EXISTS `phpbb_banlist`;
/*!40101 SET @saved_cs_client     = @@character_set_client */;
/*!40101 SET character_set_client = utf8 */;
CREATE TABLE `phpbb_banlist` (
  `ban_id` int(10) unsigned NOT NULL AUTO_INCREMENT,
  `ban_userid` int(10) unsigned NOT NULL DEFAULT 0,
  `ban_ip` varchar(40) COLLATE utf8_bin NOT NULL DEFAULT '',
  `ban_email` varchar(100) COLLATE utf8_bin NOT NULL DEFAULT '',
  `ban_start` int(11) unsigned NOT NULL DEFAULT 0,
  `ban_end` int(11) unsigned NOT NULL DEFAULT 0,
  `ban_exclude` tinyint(1) unsigned NOT NULL DEFAULT 0,
  `ban_reason` varchar(255) COLLATE utf8_bin NOT NULL DEFAULT '',
  `ban_give_reason` varchar(255) COLLATE utf8_bin NOT NULL DEFAULT '',
  PRIMARY KEY (`ban_id`),
  KEY `ban_end` (`ban_end`),
  KEY `ban_user` (`ban_userid`,`ban_exclude`),
  KEY `ban_email` (`ban_email`,`ban_exclude`),
  KEY `ban_ip` (`ban_ip`,`ban_exclude`)
) ENGINE=InnoDB DEFAULT CHARSET=utf8 COLLATE=utf8_bin;
/*!40101 SET character_set_client = @saved_cs_client */;

--
-- Dumping data for table `phpbb_banlist`
--

LOCK TABLES `phpbb_banlist` WRITE;
/*!40000 ALTER TABLE `phpbb_banlist` DISABLE KEYS */;
/*!40000 ALTER TABLE `phpbb_banlist` ENABLE KEYS */;
UNLOCK TABLES;

--
-- Table structure for table `phpbb_bbcodes`
--

DROP TABLE IF EXISTS `phpbb_bbcodes`;
/*!40101 SET @saved_cs_client     = @@character_set_client */;
/*!40101 SET character_set_client = utf8 */;
CREATE TABLE `phpbb_bbcodes` (
  `bbcode_id` smallint(4) unsigned NOT NULL DEFAULT 0,
  `bbcode_tag` varchar(16) COLLATE utf8_bin NOT NULL DEFAULT '',
  `bbcode_helpline` text COLLATE utf8_bin NOT NULL,
  `display_on_posting` tinyint(1) unsigned NOT NULL DEFAULT 0,
  `bbcode_match` text COLLATE utf8_bin NOT NULL,
  `bbcode_tpl` mediumtext COLLATE utf8_bin NOT NULL,
  `first_pass_match` mediumtext COLLATE utf8_bin NOT NULL,
  `first_pass_replace` mediumtext COLLATE utf8_bin NOT NULL,
  `second_pass_match` mediumtext COLLATE utf8_bin NOT NULL,
  `second_pass_replace` mediumtext COLLATE utf8_bin NOT NULL,
  PRIMARY KEY (`bbcode_id`),
  KEY `display_on_post` (`display_on_posting`)
) ENGINE=InnoDB DEFAULT CHARSET=utf8 COLLATE=utf8_bin;
/*!40101 SET character_set_client = @saved_cs_client */;

--
-- Dumping data for table `phpbb_bbcodes`
--

LOCK TABLES `phpbb_bbcodes` WRITE;
/*!40000 ALTER TABLE `phpbb_bbcodes` DISABLE KEYS */;
/*!40000 ALTER TABLE `phpbb_bbcodes` ENABLE KEYS */;
UNLOCK TABLES;

--
-- Table structure for table `phpbb_bookmarks`
--

DROP TABLE IF EXISTS `phpbb_bookmarks`;
/*!40101 SET @saved_cs_client     = @@character_set_client */;
/*!40101 SET character_set_client = utf8 */;
CREATE TABLE `phpbb_bookmarks` (
  `topic_id` int(10) unsigned NOT NULL DEFAULT 0,
  `user_id` int(10) unsigned NOT NULL DEFAULT 0,
  PRIMARY KEY (`topic_id`,`user_id`)
) ENGINE=InnoDB DEFAULT CHARSET=utf8 COLLATE=utf8_bin;
/*!40101 SET character_set_client = @saved_cs_client */;

--
-- Dumping data for table `phpbb_bookmarks`
--

LOCK TABLES `phpbb_bookmarks` WRITE;
/*!40000 ALTER TABLE `phpbb_bookmarks` DISABLE KEYS */;
INSERT INTO `phpbb_bookmarks` VALUES (7,58),(7,63),(22,58),(73,58),(73,63);
/*!40000 ALTER TABLE `phpbb_bookmarks` ENABLE KEYS */;
UNLOCK TABLES;

--
-- Table structure for table `phpbb_bots`
--

DROP TABLE IF EXISTS `phpbb_bots`;
/*!40101 SET @saved_cs_client     = @@character_set_client */;
/*!40101 SET character_set_client = utf8 */;
CREATE TABLE `phpbb_bots` (
  `bot_id` int(10) unsigned NOT NULL AUTO_INCREMENT,
  `bot_active` tinyint(1) unsigned NOT NULL DEFAULT 1,
  `bot_name` varchar(255) COLLATE utf8_bin NOT NULL DEFAULT '',
  `user_id` int(10) unsigned NOT NULL DEFAULT 0,
  `bot_agent` varchar(255) COLLATE utf8_bin NOT NULL DEFAULT '',
  `bot_ip` varchar(255) COLLATE utf8_bin NOT NULL DEFAULT '',
  PRIMARY KEY (`bot_id`),
  KEY `bot_active` (`bot_active`)
) ENGINE=InnoDB AUTO_INCREMENT=56 DEFAULT CHARSET=utf8 COLLATE=utf8_bin;
/*!40101 SET character_set_client = @saved_cs_client */;

--
-- Dumping data for table `phpbb_bots`
--

LOCK TABLES `phpbb_bots` WRITE;
/*!40000 ALTER TABLE `phpbb_bots` DISABLE KEYS */;
INSERT INTO `phpbb_bots` VALUES (1,1,'AdsBot [Google]',3,'AdsBot-Google',''),(2,1,'Ahrefs [Bot]',4,'AhrefsBot/',''),(3,1,'Alexa [Bot]',5,'ia_archiver',''),(4,1,'Alta Vista [Bot]',6,'Scooter/',''),(5,1,'Amazon [Bot]',7,'Amazonbot/',''),(6,1,'Ask Jeeves [Bot]',8,'Ask Jeeves',''),(7,1,'Baidu [Spider]',9,'Baiduspider',''),(8,1,'Bing [Bot]',10,'bingbot/',''),(9,1,'DuckDuckGo [Bot]',11,'DuckDuckBot/',''),(10,1,'Exabot [Bot]',12,'Exabot/',''),(11,1,'FAST Enterprise [Crawler]',13,'FAST Enterprise Crawler',''),(12,1,'FAST WebCrawler [Crawler]',14,'FAST-WebCrawler/',''),(13,1,'Francis [Bot]',15,'http://www.neomo.de/',''),(14,1,'Gigabot [Bot]',16,'Gigabot/',''),(15,1,'Google Adsense [Bot]',17,'Mediapartners-Google',''),(16,1,'Google Desktop',18,'Google Desktop',''),(17,1,'Google Feedfetcher',19,'Feedfetcher-Google',''),(18,1,'Google [Bot]',20,'Googlebot',''),(19,1,'Heise IT-Markt [Crawler]',21,'heise-IT-Markt-Crawler',''),(20,1,'Heritrix [Crawler]',22,'heritrix/1.',''),(21,1,'IBM Research [Bot]',23,'ibm.com/cs/crawler',''),(22,1,'ICCrawler - ICjobs',24,'ICCrawler - ICjobs',''),(23,1,'ichiro [Crawler]',25,'ichiro/',''),(24,1,'Majestic-12 [Bot]',26,'MJ12bot/',''),(25,1,'Metager [Bot]',27,'MetagerBot/',''),(26,1,'MSN NewsBlogs',28,'msnbot-NewsBlogs/',''),(27,1,'MSN [Bot]',29,'msnbot/',''),(28,1,'MSNbot Media',30,'msnbot-media/',''),(29,1,'NG-Search [Bot]',31,'NG-Search/',''),(30,1,'Nutch [Bot]',32,'http://lucene.apache.org/nutch/',''),(31,1,'Nutch/CVS [Bot]',33,'NutchCVS/',''),(32,1,'OmniExplorer [Bot]',34,'OmniExplorer_Bot/',''),(33,1,'Online link [Validator]',35,'online link validator',''),(34,1,'psbot [Picsearch]',36,'psbot/0',''),(35,1,'Seekport [Bot]',37,'Seekbot/',''),(36,1,'Semrush [Bot]',38,'SemrushBot/',''),(37,1,'Sensis [Crawler]',39,'Sensis Web Crawler',''),(38,1,'SEO Crawler',40,'SEO search Crawler/',''),(39,1,'Seoma [Crawler]',41,'Seoma [SEO Crawler]',''),(40,1,'SEOSearch [Crawler]',42,'SEOsearch/',''),(41,1,'Snappy [Bot]',43,'Snappy/1.1 ( http://www.urltrends.com/ )',''),(42,1,'Steeler [Crawler]',44,'http://www.tkl.iis.u-tokyo.ac.jp/~crawler/',''),(43,1,'Synoo [Bot]',45,'SynooBot/',''),(44,1,'Telekom [Bot]',46,'crawleradmin.t-info@telekom.de',''),(45,1,'TurnitinBot [Bot]',47,'TurnitinBot/',''),(46,1,'Voyager [Bot]',48,'voyager/',''),(47,1,'W3 [Sitesearch]',49,'W3 SiteSearch Crawler',''),(48,1,'W3C [Linkcheck]',50,'W3C-checklink/',''),(49,1,'W3C [Validator]',51,'W3C_*Validator',''),(50,1,'WiseNut [Bot]',52,'http://www.WISEnutbot.com',''),(51,1,'YaCy [Bot]',53,'yacybot',''),(52,1,'Yahoo MMCrawler [Bot]',54,'Yahoo-MMCrawler/',''),(53,1,'Yahoo Slurp [Bot]',55,'Yahoo! DE Slurp',''),(54,1,'Yahoo [Bot]',56,'Yahoo! Slurp',''),(55,1,'YahooSeeker [Bot]',57,'YahooSeeker/','');
/*!40000 ALTER TABLE `phpbb_bots` ENABLE KEYS */;
UNLOCK TABLES;

--
-- Table structure for table `phpbb_config`
--

DROP TABLE IF EXISTS `phpbb_config`;
/*!40101 SET @saved_cs_client     = @@character_set_client */;
/*!40101 SET character_set_client = utf8 */;
CREATE TABLE `phpbb_config` (
  `config_name` varchar(255) COLLATE utf8_bin NOT NULL DEFAULT '',
  `config_value` varchar(255) COLLATE utf8_bin NOT NULL DEFAULT '',
  `is_dynamic` tinyint(1) unsigned NOT NULL DEFAULT 0,
  PRIMARY KEY (`config_name`),
  KEY `is_dynamic` (`is_dynamic`)
) ENGINE=InnoDB DEFAULT CHARSET=utf8 COLLATE=utf8_bin;
/*!40101 SET character_set_client = @saved_cs_client */;

--
-- Dumping data for table `phpbb_config`
--

LOCK TABLES `phpbb_config` WRITE;
/*!40000 ALTER TABLE `phpbb_config` DISABLE KEYS */;
INSERT INTO `phpbb_config` VALUES ('active_sessions','0',0),('allow_attachments','1',0),('allow_autologin','1',0),('allow_avatar','1',0),('allow_avatar_gravatar','0',0),('allow_avatar_local','0',0),('allow_avatar_remote','0',0),('allow_avatar_remote_upload','1',0),('allow_avatar_upload','1',0),('allow_bbcode','1',0),('allow_birthdays','1',0),('allow_board_notifications','1',0),('allow_bookmarks','1',0),('allow_cdn','0',0),('allow_emailreuse','0',0),('allow_forum_notify','1',0),('allow_live_searches','1',0),('allow_mass_pm','1',0),('allow_name_chars','USERNAME_CHARS_ANY',0),('allow_namechange','0',0),('allow_nocensors','0',0),('allow_password_reset','1',0),('allow_pm_attach','0',0),('allow_pm_report','1',0),('allow_post_flash','1',0),('allow_post_links','1',0),('allow_privmsg','1',0),('allow_quick_reply','1',0),('allow_sig','1',0),('allow_sig_bbcode','1',0),('allow_sig_flash','0',0),('allow_sig_img','1',0),('allow_sig_links','1',0),('allow_sig_pm','1',0),('allow_sig_smilies','1',0),('allow_smilies','1',0),('allow_topic_notify','1',0),('allow_viglink_phpbb','1',0),('allowed_schemes_links','http,https,ftp',0),('assets_version','2',0),('attachment_quota','52428800',0),('auth_bbcode_pm','1',0),('auth_flash_pm','0',0),('auth_img_pm','1',0),('auth_method','db',0),('auth_oauth_bitly_key','',0),('auth_oauth_bitly_secret','',0),('auth_oauth_facebook_key','',0),('auth_oauth_facebook_secret','',0),('auth_oauth_google_key','',0),('auth_oauth_google_secret','',0),('auth_oauth_twitter_key','',0),('auth_oauth_twitter_secret','',0),('auth_smilies_pm','1',0),('avatar_filesize','100000',0),('avatar_gallery_path','images/avatars/gallery',0),('avatar_max_height','120',0),('avatar_max_width','120',0),('avatar_min_height','20',0),('avatar_min_width','20',0),('avatar_path','images/avatars/upload',0),('avatar_salt','7d083d29ee4ddf3ec1b9bda4e06d6ede',0),('board_contact','forum@seacraft.eu',0),('board_contact_name','Forum Seacraft Team',0),('board_disable','0',0),('board_disable_msg','',0),('board_email','forum@seacraft.eu',0),('board_email_form','0',0),('board_email_sig','Thanks, The Seacraft Team',0),('board_hide_emails','1',0),('board_index_text','',0),('board_startdate','1648824948',0),('board_timezone','Europe/Warsaw',0),('browser_check','1',0),('bump_interval','10',0),('bump_type','d',0),('cache_gc','7200',0),('cache_last_gc','1653477534',1),('captcha_gd','1',0),('captcha_gd_3d_noise','1',0),('captcha_gd_fonts','1',0),('captcha_gd_foreground_noise','0',0),('captcha_gd_wave','0',0),('captcha_gd_x_grid','25',0),('captcha_gd_y_grid','25',0),('captcha_plugin','core.captcha.plugins.gd',0),('check_attachment_content','1',0),('check_dnsbl','0',0),('chg_passforce','0',0),('confirm_refresh','1',0),('contact_admin_form_enable','1',0),('cookie_domain','seatest.h1n.ru',0),('cookie_name','phpbb3_alvxg',0),('cookie_notice','0',0),('cookie_path','/',0),('cookie_secure','1',0),('coppa_enable','0',0),('coppa_fax','',0),('coppa_mail','',0),('cron_lock','0',1),('database_gc','604800',0),('database_last_gc','1653476752',1),('dbms_version','10.2.37-MariaDB-cll-lve',0),('default_dateformat','D M d, Y g:i a',0),('default_lang','en',0),('default_search_return_chars','300',0),('default_style','2',0),('delete_time','0',0),('display_last_edited','1',0),('display_last_subject','1',0),('display_order','0',0),('display_unapproved_posts','1',0),('edit_time','0',0),('email_check_mx','1',0),('email_enable','1',0),('email_force_sender','0',0),('email_max_chunk_size','50',0),('email_package_size','20',0),('enable_accurate_pm_button','1',0),('enable_confirm','1',0),('enable_mod_rewrite','0',0),('enable_pm_icons','1',0),('enable_post_confirm','1',0),('enable_queue_trigger','0',0),('enable_update_hashes','0',0),('extension_force_unstable','0',0),('feed_enable','1',0),('feed_forum','1',0),('feed_http_auth','0',0),('feed_item_statistics','1',0),('feed_limit','10',0),('feed_limit_post','15',0),('feed_limit_topic','10',0),('feed_overall','1',0),('feed_overall_forums','0',0),('feed_overall_forums_limit','15',0),('feed_overall_topics','0',0),('feed_overall_topics_limit','15',0),('feed_topic','1',0),('feed_topics_active','0',0),('feed_topics_new','1',0),('flood_interval','15',0),('force_server_vars','0',0),('form_token_lifetime','7200',0),('form_token_mintime','0',0),('form_token_sid_guests','1',0),('forward_pm','1',0),('forwarded_for_check','0',0),('full_folder_action','2',0),('fulltext_mysql_max_word_len','254',0),('fulltext_mysql_min_word_len','4',0),('fulltext_native_common_thres','5',0),('fulltext_native_load_upd','1',0),('fulltext_native_max_chars','14',0),('fulltext_native_min_chars','3',0),('fulltext_postgres_max_word_len','254',0),('fulltext_postgres_min_word_len','4',0),('fulltext_postgres_ts_name','simple',0),('fulltext_sphinx_indexer_mem_limit','512',0),('fulltext_sphinx_stopwords','0',0),('gzip_compress','0',0),('help_send_statistics','1',0),('help_send_statistics_time','0',0),('hot_threshold','25',0),('icons_path','images/icons',0),('img_create_thumbnail','1',0),('img_display_inlined','1',0),('img_link_height','0',0),('img_link_width','0',0),('img_max_height','0',0),('img_max_thumb_width','400',0),('img_max_width','0',0),('img_min_thumb_filesize','12000',0),('img_quality','85',0),('img_strip_metadata','0',0),('ip_check','3',0),('ip_login_limit_max','50',0),('ip_login_limit_time','21600',0),('ip_login_limit_use_forwarded','0',0),('jab_allow_self_signed','0',0),('jab_enable','0',0),('jab_host','',0),('jab_package_size','20',0),('jab_password','',0),('jab_port','5222',0),('jab_use_ssl','0',0),('jab_username','',0),('jab_verify_peer','1',0),('jab_verify_peer_name','1',0),('last_queue_run','1652175162',1),('ldap_base_dn','',0),('ldap_email','',0),('ldap_password','',0),('ldap_port','',0),('ldap_server','',0),('ldap_uid','',0),('ldap_user','',0),('ldap_user_filter','',0),('legend_sort_groupname','0',0),('limit_load','0',0),('limit_search_load','0',0),('load_anon_lastread','0',0),('load_birthdays','1',0),('load_cpf_memberlist','1',0),('load_cpf_pm','1',0),('load_cpf_viewprofile','1',0),('load_cpf_viewtopic','1',0),('load_db_lastread','1',0),('load_db_track','1',0),('load_font_awesome_url','https://maxcdn.bootstrapcdn.com/font-awesome/4.7.0/css/font-awesome.min.css',0),('load_jquery_url','//ajax.googleapis.com/ajax/libs/jquery/3.6.0/jquery.min.js',0),('load_jumpbox','1',0),('load_moderators','1',0),('load_notifications','1',0),('load_online','1',0),('load_online_guests','1',0),('load_online_time','5',0),('load_onlinetrack','1',0),('load_search','1',0),('load_tplcompile','0',0),('load_unreads_search','1',0),('load_user_activity','1',0),('load_user_activity_limit','5000',0),('max_attachments','3',0),('max_attachments_pm','1',0),('max_autologin_time','0',0),('max_filesize','262144',0),('max_filesize_pm','262144',0),('max_login_attempts','3',0),('max_name_chars','20',0),('max_num_search_keywords','10',0),('max_poll_options','10',0),('max_post_chars','60000',0),('max_post_font_size','200',0),('max_post_img_height','0',0),('max_post_img_width','0',0),('max_post_smilies','0',0),('max_post_urls','0',0),('max_quote_depth','3',0),('max_reg_attempts','5',0),('max_sig_chars','255',0),('max_sig_font_size','200',0),('max_sig_img_height','0',0),('max_sig_img_width','0',0),('max_sig_smilies','0',0),('max_sig_urls','5',0),('mime_triggers','body|head|html|img|plaintext|a href|pre|script|table|title',0),('min_name_chars','3',0),('min_pass_chars','6',0),('min_post_chars','1',0),('min_search_author_chars','3',0),('new_member_group_default','0',0),('new_member_post_limit','3',0),('newest_user_colour','',1),('newest_user_id','64',1),('newest_username','Frank Lemke',1),('num_files','20',1),('num_posts','278',1),('num_topics','74',1),('num_users','6',1),('override_user_style','1',0),('pass_complex','PASS_TYPE_ANY',0),('phpbb_viglink_api_key','e4fd14f5d7f2bb6d80b8f8da1354718c',0),('plupload_last_gc','0',1),('plupload_salt','bcbf0248715eb25a5a890758cf2a8a32',0),('pm_edit_time','0',0),('pm_max_boxes','4',0),('pm_max_msgs','50',0),('pm_max_recipients','0',0),('posts_per_page','10',0),('print_pm','1',0),('questionnaire_unique_id','aur77izcngnuq2qp',0),('queue_interval','60',0),('queue_trigger_posts','3',0),('rand_seed','0',1),('rand_seed_last_update','0',1),('ranks_path','images/ranks',0),('read_notification_expire_days','30',0),('read_notification_gc','86400',0),('read_notification_last_gc','1653477551',1),('recaptcha_v3_domain','google.com',0),('recaptcha_v3_key','',0),('recaptcha_v3_method','post',0),('recaptcha_v3_secret','',0),('recaptcha_v3_threshold_default','0.5',0),('recaptcha_v3_threshold_login','0.5',0),('recaptcha_v3_threshold_post','0.5',0),('recaptcha_v3_threshold_register','0.5',0),('recaptcha_v3_threshold_report','0.5',0),('record_online_date','1648825738',1),('record_online_users','23',1),('referer_validation','0',0),('remote_upload_verify','0',0),('reparse_lock','0',1),('require_activation','2',0),('script_path','/',0),('search_anonymous_interval','0',0),('search_block_size','250',0),('search_gc','7200',0),('search_indexing_state','',1),('search_interval','0',0),('search_last_gc','1653477521',1),('search_store_results','1800',0),('search_type','\\phpbb\\search\\fulltext_native',0),('secure_allow_deny','1',0),('secure_allow_empty_referer','1',0),('secure_downloads','0',0),('server_name','seatest.h1n.ru',0),('server_port','80',0),('server_protocol','https://',0),('session_gc','3600',0),('session_last_gc','1653477519',1),('session_length','3600',0),('site_desc','',0),('site_home_text','',0),('site_home_url','',0),('sitename','Seacraft Team Forum',0),('smilies_path','images/smilies',0),('smilies_per_page','50',0),('smtp_allow_self_signed','0',0),('smtp_auth_method','PLAIN',0),('smtp_delivery','1',0),('smtp_host','localhost',0),('smtp_password','',1),('smtp_port','25',0),('smtp_username','',1),('smtp_verify_peer','0',0),('smtp_verify_peer_name','0',0),('teampage_forums','1',0),('teampage_memberships','1',0),('text_reparser.pm_text_cron_interval','10',0),('text_reparser.pm_text_last_cron','1653638206',0),('text_reparser.poll_option_cron_interval','10',0),('text_reparser.poll_option_last_cron','1649267234',0),('text_reparser.poll_title_cron_interval','10',0),('text_reparser.poll_title_last_cron','1648825079',0),('text_reparser.post_text_cron_interval','10',0),('text_reparser.post_text_last_cron','1648825212',0),('text_reparser.user_signature_cron_interval','10',0),('text_reparser.user_signature_last_cron','1648825212',0),('topics_per_page','25',0),('tpl_allow_php','0',0),('update_hashes_last_cron','1648825157',0),('update_hashes_lock','0',0),('upload_dir_size','2791518',1),('upload_icons_path','images/upload_icons',0),('upload_path','files',0),('use_system_cron','0',0),('version','3.3.7',0),('viglink_api_siteid','d41d8cd98f00b204e9800998ecf8427e',0),('viglink_ask_admin','',0),('viglink_ask_admin_last','1652708595',0),('viglink_convert_account_url','https://www.viglink.com/users/convertAccount?key=e4fd14f5d7f2bb6d80b8f8da1354718c&amp;subId=d61eb5e0dfabdb7b9e2847b178caced9&amp;expiration=1684244607&amp;signature=375299baff618201610ec76bfb074b5c',0),('viglink_enabled','0',0),('viglink_last_gc','1652708595',1),('warnings_expire_days','90',0),('warnings_gc','14400',0),('warnings_last_gc','1653477554',1);
/*!40000 ALTER TABLE `phpbb_config` ENABLE KEYS */;
UNLOCK TABLES;

--
-- Table structure for table `phpbb_config_text`
--

DROP TABLE IF EXISTS `phpbb_config_text`;
/*!40101 SET @saved_cs_client     = @@character_set_client */;
/*!40101 SET character_set_client = utf8 */;
CREATE TABLE `phpbb_config_text` (
  `config_name` varchar(255) COLLATE utf8_bin NOT NULL DEFAULT '',
  `config_value` mediumtext COLLATE utf8_bin NOT NULL,
  PRIMARY KEY (`config_name`)
) ENGINE=InnoDB DEFAULT CHARSET=utf8 COLLATE=utf8_bin;
/*!40101 SET character_set_client = @saved_cs_client */;

--
-- Dumping data for table `phpbb_config_text`
--

LOCK TABLES `phpbb_config_text` WRITE;
/*!40000 ALTER TABLE `phpbb_config_text` DISABLE KEYS */;
INSERT INTO `phpbb_config_text` VALUES ('contact_admin_info',''),('contact_admin_info_bitfield',''),('contact_admin_info_flags','7'),('contact_admin_info_uid',''),('reparser_resume','a:4:{s:24:\"text_reparser.poll_title\";a:3:{s:9:\"range-min\";i:1;s:9:\"range-max\";i:0;s:10:\"range-size\";i:100;}s:23:\"text_reparser.post_text\";a:3:{s:9:\"range-min\";i:1;s:9:\"range-max\";i:0;s:10:\"range-size\";i:100;}s:28:\"text_reparser.user_signature\";a:3:{s:9:\"range-min\";i:1;s:9:\"range-max\";i:0;s:10:\"range-size\";i:100;}s:25:\"text_reparser.poll_option\";a:3:{s:9:\"range-min\";i:1;s:9:\"range-max\";i:0;s:10:\"range-size\";i:100;}}');
/*!40000 ALTER TABLE `phpbb_config_text` ENABLE KEYS */;
UNLOCK TABLES;

--
-- Table structure for table `phpbb_confirm`
--

DROP TABLE IF EXISTS `phpbb_confirm`;
/*!40101 SET @saved_cs_client     = @@character_set_client */;
/*!40101 SET character_set_client = utf8 */;
CREATE TABLE `phpbb_confirm` (
  `confirm_id` char(32) COLLATE utf8_bin NOT NULL DEFAULT '',
  `session_id` char(32) COLLATE utf8_bin NOT NULL DEFAULT '',
  `confirm_type` tinyint(3) NOT NULL DEFAULT 0,
  `code` varchar(8) COLLATE utf8_bin NOT NULL DEFAULT '',
  `seed` int(10) unsigned NOT NULL DEFAULT 0,
  `attempts` mediumint(8) unsigned NOT NULL DEFAULT 0,
  PRIMARY KEY (`session_id`,`confirm_id`),
  KEY `confirm_type` (`confirm_type`)
) ENGINE=InnoDB DEFAULT CHARSET=utf8 COLLATE=utf8_bin;
/*!40101 SET character_set_client = @saved_cs_client */;

--
-- Dumping data for table `phpbb_confirm`
--

LOCK TABLES `phpbb_confirm` WRITE;
/*!40000 ALTER TABLE `phpbb_confirm` DISABLE KEYS */;
/*!40000 ALTER TABLE `phpbb_confirm` ENABLE KEYS */;
UNLOCK TABLES;

--
-- Table structure for table `phpbb_disallow`
--

DROP TABLE IF EXISTS `phpbb_disallow`;
/*!40101 SET @saved_cs_client     = @@character_set_client */;
/*!40101 SET character_set_client = utf8 */;
CREATE TABLE `phpbb_disallow` (
  `disallow_id` mediumint(8) unsigned NOT NULL AUTO_INCREMENT,
  `disallow_username` varchar(255) COLLATE utf8_bin NOT NULL DEFAULT '',
  PRIMARY KEY (`disallow_id`)
) ENGINE=InnoDB DEFAULT CHARSET=utf8 COLLATE=utf8_bin;
/*!40101 SET character_set_client = @saved_cs_client */;

--
-- Dumping data for table `phpbb_disallow`
--

LOCK TABLES `phpbb_disallow` WRITE;
/*!40000 ALTER TABLE `phpbb_disallow` DISABLE KEYS */;
/*!40000 ALTER TABLE `phpbb_disallow` ENABLE KEYS */;
UNLOCK TABLES;

--
-- Table structure for table `phpbb_drafts`
--

DROP TABLE IF EXISTS `phpbb_drafts`;
/*!40101 SET @saved_cs_client     = @@character_set_client */;
/*!40101 SET character_set_client = utf8 */;
CREATE TABLE `phpbb_drafts` (
  `draft_id` int(10) unsigned NOT NULL AUTO_INCREMENT,
  `user_id` int(10) unsigned NOT NULL DEFAULT 0,
  `topic_id` int(10) unsigned NOT NULL DEFAULT 0,
  `forum_id` mediumint(8) unsigned NOT NULL DEFAULT 0,
  `save_time` int(11) unsigned NOT NULL DEFAULT 0,
  `draft_subject` varchar(255) COLLATE utf8_bin NOT NULL DEFAULT '',
  `draft_message` mediumtext COLLATE utf8_bin NOT NULL,
  PRIMARY KEY (`draft_id`),
  KEY `save_time` (`save_time`)
) ENGINE=InnoDB DEFAULT CHARSET=utf8 COLLATE=utf8_bin;
/*!40101 SET character_set_client = @saved_cs_client */;

--
-- Dumping data for table `phpbb_drafts`
--

LOCK TABLES `phpbb_drafts` WRITE;
/*!40000 ALTER TABLE `phpbb_drafts` DISABLE KEYS */;
/*!40000 ALTER TABLE `phpbb_drafts` ENABLE KEYS */;
UNLOCK TABLES;

--
-- Table structure for table `phpbb_ext`
--

DROP TABLE IF EXISTS `phpbb_ext`;
/*!40101 SET @saved_cs_client     = @@character_set_client */;
/*!40101 SET character_set_client = utf8 */;
CREATE TABLE `phpbb_ext` (
  `ext_name` varchar(255) COLLATE utf8_bin NOT NULL DEFAULT '',
  `ext_active` tinyint(1) unsigned NOT NULL DEFAULT 0,
  `ext_state` text COLLATE utf8_bin NOT NULL,
  UNIQUE KEY `ext_name` (`ext_name`)
) ENGINE=InnoDB DEFAULT CHARSET=utf8 COLLATE=utf8_bin;
/*!40101 SET character_set_client = @saved_cs_client */;

--
-- Dumping data for table `phpbb_ext`
--

LOCK TABLES `phpbb_ext` WRITE;
/*!40000 ALTER TABLE `phpbb_ext` DISABLE KEYS */;
INSERT INTO `phpbb_ext` VALUES ('phpbb/viglink',1,'b:0;');
/*!40000 ALTER TABLE `phpbb_ext` ENABLE KEYS */;
UNLOCK TABLES;

--
-- Table structure for table `phpbb_extension_groups`
--

DROP TABLE IF EXISTS `phpbb_extension_groups`;
/*!40101 SET @saved_cs_client     = @@character_set_client */;
/*!40101 SET character_set_client = utf8 */;
CREATE TABLE `phpbb_extension_groups` (
  `group_id` mediumint(8) unsigned NOT NULL AUTO_INCREMENT,
  `group_name` varchar(255) COLLATE utf8_bin NOT NULL DEFAULT '',
  `cat_id` tinyint(2) NOT NULL DEFAULT 0,
  `allow_group` tinyint(1) unsigned NOT NULL DEFAULT 0,
  `download_mode` tinyint(1) unsigned NOT NULL DEFAULT 1,
  `upload_icon` varchar(255) COLLATE utf8_bin NOT NULL DEFAULT '',
  `max_filesize` int(20) unsigned NOT NULL DEFAULT 0,
  `allowed_forums` text COLLATE utf8_bin NOT NULL,
  `allow_in_pm` tinyint(1) unsigned NOT NULL DEFAULT 0,
  PRIMARY KEY (`group_id`)
) ENGINE=InnoDB AUTO_INCREMENT=6 DEFAULT CHARSET=utf8 COLLATE=utf8_bin;
/*!40101 SET character_set_client = @saved_cs_client */;

--
-- Dumping data for table `phpbb_extension_groups`
--

LOCK TABLES `phpbb_extension_groups` WRITE;
/*!40000 ALTER TABLE `phpbb_extension_groups` DISABLE KEYS */;
INSERT INTO `phpbb_extension_groups` VALUES (1,'IMAGES',1,1,1,'',0,'',0),(2,'ARCHIVES',0,1,1,'',0,'',0),(3,'PLAIN_TEXT',0,0,1,'',0,'',0),(4,'DOCUMENTS',0,0,1,'',0,'',0),(5,'DOWNLOADABLE_FILES',0,0,1,'',0,'',0);
/*!40000 ALTER TABLE `phpbb_extension_groups` ENABLE KEYS */;
UNLOCK TABLES;

--
-- Table structure for table `phpbb_extensions`
--

DROP TABLE IF EXISTS `phpbb_extensions`;
/*!40101 SET @saved_cs_client     = @@character_set_client */;
/*!40101 SET character_set_client = utf8 */;
CREATE TABLE `phpbb_extensions` (
  `extension_id` mediumint(8) unsigned NOT NULL AUTO_INCREMENT,
  `group_id` mediumint(8) unsigned NOT NULL DEFAULT 0,
  `extension` varchar(100) COLLATE utf8_bin NOT NULL DEFAULT '',
  PRIMARY KEY (`extension_id`)
) ENGINE=InnoDB AUTO_INCREMENT=55 DEFAULT CHARSET=utf8 COLLATE=utf8_bin;
/*!40101 SET character_set_client = @saved_cs_client */;

--
-- Dumping data for table `phpbb_extensions`
--

LOCK TABLES `phpbb_extensions` WRITE;
/*!40000 ALTER TABLE `phpbb_extensions` DISABLE KEYS */;
INSERT INTO `phpbb_extensions` VALUES (1,1,'gif'),(2,1,'png'),(3,1,'jpeg'),(4,1,'jpg'),(5,1,'tif'),(6,1,'tiff'),(7,1,'tga'),(8,2,'gtar'),(9,2,'gz'),(10,2,'tar'),(11,2,'zip'),(12,2,'rar'),(13,2,'ace'),(14,2,'torrent'),(15,2,'tgz'),(16,2,'bz2'),(17,2,'7z'),(18,3,'txt'),(19,3,'c'),(20,3,'h'),(21,3,'cpp'),(22,3,'hpp'),(23,3,'diz'),(24,3,'csv'),(25,3,'ini'),(26,3,'log'),(27,3,'js'),(28,3,'xml'),(29,4,'xls'),(30,4,'xlsx'),(31,4,'xlsm'),(32,4,'xlsb'),(33,4,'doc'),(34,4,'docx'),(35,4,'docm'),(36,4,'dot'),(37,4,'dotx'),(38,4,'dotm'),(39,4,'pdf'),(40,4,'ai'),(41,4,'ps'),(42,4,'ppt'),(43,4,'pptx'),(44,4,'pptm'),(45,4,'odg'),(46,4,'odp'),(47,4,'ods'),(48,4,'odt'),(49,4,'rtf'),(50,5,'mp3'),(51,5,'mpeg'),(52,5,'mpg'),(53,5,'ogg'),(54,5,'ogm');
/*!40000 ALTER TABLE `phpbb_extensions` ENABLE KEYS */;
UNLOCK TABLES;

--
-- Table structure for table `phpbb_forums`
--

DROP TABLE IF EXISTS `phpbb_forums`;
/*!40101 SET @saved_cs_client     = @@character_set_client */;
/*!40101 SET character_set_client = utf8 */;
CREATE TABLE `phpbb_forums` (
  `forum_id` mediumint(8) unsigned NOT NULL AUTO_INCREMENT,
  `parent_id` mediumint(8) unsigned NOT NULL DEFAULT 0,
  `left_id` mediumint(8) unsigned NOT NULL DEFAULT 0,
  `right_id` mediumint(8) unsigned NOT NULL DEFAULT 0,
  `forum_parents` mediumtext COLLATE utf8_bin NOT NULL,
  `forum_name` varchar(255) COLLATE utf8_bin NOT NULL DEFAULT '',
  `forum_desc` text COLLATE utf8_bin NOT NULL,
  `forum_desc_bitfield` varchar(255) COLLATE utf8_bin NOT NULL DEFAULT '',
  `forum_desc_options` int(11) unsigned NOT NULL DEFAULT 7,
  `forum_desc_uid` varchar(8) COLLATE utf8_bin NOT NULL DEFAULT '',
  `forum_link` varchar(255) COLLATE utf8_bin NOT NULL DEFAULT '',
  `forum_password` varchar(255) COLLATE utf8_bin NOT NULL DEFAULT '',
  `forum_style` mediumint(8) unsigned NOT NULL DEFAULT 0,
  `forum_image` varchar(255) COLLATE utf8_bin NOT NULL DEFAULT '',
  `forum_rules` text COLLATE utf8_bin NOT NULL,
  `forum_rules_link` varchar(255) COLLATE utf8_bin NOT NULL DEFAULT '',
  `forum_rules_bitfield` varchar(255) COLLATE utf8_bin NOT NULL DEFAULT '',
  `forum_rules_options` int(11) unsigned NOT NULL DEFAULT 7,
  `forum_rules_uid` varchar(8) COLLATE utf8_bin NOT NULL DEFAULT '',
  `forum_topics_per_page` smallint(4) unsigned NOT NULL DEFAULT 0,
  `forum_type` tinyint(4) NOT NULL DEFAULT 0,
  `forum_status` tinyint(4) NOT NULL DEFAULT 0,
  `forum_last_post_id` int(10) unsigned NOT NULL DEFAULT 0,
  `forum_last_poster_id` int(10) unsigned NOT NULL DEFAULT 0,
  `forum_last_post_subject` varchar(255) COLLATE utf8_bin NOT NULL DEFAULT '',
  `forum_last_post_time` int(11) unsigned NOT NULL DEFAULT 0,
  `forum_last_poster_name` varchar(255) COLLATE utf8_bin NOT NULL DEFAULT '',
  `forum_last_poster_colour` varchar(6) COLLATE utf8_bin NOT NULL DEFAULT '',
  `forum_flags` tinyint(4) NOT NULL DEFAULT 32,
  `display_on_index` tinyint(1) unsigned NOT NULL DEFAULT 1,
  `enable_indexing` tinyint(1) unsigned NOT NULL DEFAULT 1,
  `enable_icons` tinyint(1) unsigned NOT NULL DEFAULT 1,
  `enable_prune` tinyint(1) unsigned NOT NULL DEFAULT 0,
  `prune_next` int(11) unsigned NOT NULL DEFAULT 0,
  `prune_days` mediumint(8) unsigned NOT NULL DEFAULT 0,
  `prune_viewed` mediumint(8) unsigned NOT NULL DEFAULT 0,
  `prune_freq` mediumint(8) unsigned NOT NULL DEFAULT 0,
  `display_subforum_list` tinyint(1) unsigned NOT NULL DEFAULT 1,
  `display_subforum_limit` tinyint(1) unsigned NOT NULL DEFAULT 0,
  `forum_options` int(20) unsigned NOT NULL DEFAULT 0,
  `enable_shadow_prune` tinyint(1) unsigned NOT NULL DEFAULT 0,
  `prune_shadow_days` mediumint(8) unsigned NOT NULL DEFAULT 7,
  `prune_shadow_freq` mediumint(8) unsigned NOT NULL DEFAULT 1,
  `prune_shadow_next` int(11) NOT NULL DEFAULT 0,
  `forum_posts_approved` mediumint(8) unsigned NOT NULL DEFAULT 0,
  `forum_posts_unapproved` mediumint(8) unsigned NOT NULL DEFAULT 0,
  `forum_posts_softdeleted` mediumint(8) unsigned NOT NULL DEFAULT 0,
  `forum_topics_approved` mediumint(8) unsigned NOT NULL DEFAULT 0,
  `forum_topics_unapproved` mediumint(8) unsigned NOT NULL DEFAULT 0,
  `forum_topics_softdeleted` mediumint(8) unsigned NOT NULL DEFAULT 0,
  PRIMARY KEY (`forum_id`),
  KEY `left_right_id` (`left_id`,`right_id`),
  KEY `forum_lastpost_id` (`forum_last_post_id`)
) ENGINE=InnoDB AUTO_INCREMENT=56 DEFAULT CHARSET=utf8 COLLATE=utf8_bin;
/*!40101 SET character_set_client = @saved_cs_client */;

--
-- Dumping data for table `phpbb_forums`
--

LOCK TABLES `phpbb_forums` WRITE;
/*!40000 ALTER TABLE `phpbb_forums` DISABLE KEYS */;
INSERT INTO `phpbb_forums` VALUES (1,0,1,100,'','Dzia Marketing','','',7,'','','',0,'','','','',7,'',0,0,0,0,0,'',0,'','',48,1,1,1,0,0,0,0,0,1,0,0,0,7,1,0,0,0,0,0,0,0),(5,7,3,4,'a:2:{i:1;a:2:{i:0;s:16:\"Dzia Marketing\";i:1;i:0;}i:7;a:2:{i:0;s:12:\"Social media\";i:1;i:0;}}','Facebook','','',7,'','','',0,'','','','',7,'',0,1,0,197,60,'Re: Cykl Patenty',1651044025,'Paulina lzak','',48,1,1,1,0,0,7,7,1,1,0,0,0,7,1,0,5,0,0,4,0,0),(6,7,5,6,'a:2:{i:1;a:2:{i:0;s:16:\"Dzia Marketing\";i:1;i:0;}i:7;a:2:{i:0;s:12:\"Social media\";i:1;i:0;}}','Instagram','','',7,'','','',0,'','','','',7,'',0,1,0,0,0,'',0,'','',48,1,1,1,0,0,7,7,1,1,0,0,0,7,1,0,0,0,0,0,0,0),(7,1,2,9,'a:1:{i:1;a:2:{i:0;s:16:\"Dzia Marketing\";i:1;i:0;}}','Social media','','',7,'','','',0,'','','','',7,'',0,0,0,0,0,'',0,'','',48,1,1,1,0,0,7,7,1,1,0,0,0,7,1,0,0,0,0,0,0,0),(8,1,10,17,'a:1:{i:1;a:2:{i:0;s:16:\"Dzia Marketing\";i:1;i:0;}}','Strona www','','',7,'','','',0,'','','','',7,'',0,0,0,0,0,'',0,'','',48,1,1,1,0,0,7,7,1,1,0,0,0,7,1,0,0,0,0,0,0,0),(9,8,11,12,'a:2:{i:1;a:2:{i:0;s:16:\"Dzia Marketing\";i:1;i:0;}i:8;a:2:{i:0;s:10:\"Strona www\";i:1;i:0;}}','Tre','','',7,'','','',0,'','','','',7,'',0,1,0,244,58,'Re: Aktualizacja zakadki MIL',1651644530,'Damian Jakubik','',48,1,1,1,0,0,7,7,1,1,0,0,0,7,1,0,10,0,0,6,0,0),(10,8,13,14,'a:2:{i:1;a:2:{i:0;s:16:\"Dzia Marketing\";i:1;i:0;}i:8;a:2:{i:0;s:10:\"Strona www\";i:1;i:0;}}','Sprawy techniczne','','',7,'','','',0,'','','','',7,'',0,1,0,101,63,'Re: Bdy, nie dziaajce linki',1649940342,'Witold Hoffmann','',48,1,1,1,0,0,7,7,1,1,0,0,0,7,1,0,9,0,0,2,0,0),(11,8,15,16,'a:2:{i:1;a:2:{i:0;s:16:\"Dzia Marketing\";i:1;i:0;}i:8;a:2:{i:0;s:10:\"Strona www\";i:1;i:0;}}','Pozycjonowanie SEO','','',7,'','','',0,'','','','',7,'',0,1,0,156,58,'Re: Wizytwka firmowa w Google',1650625261,'Damian Jakubik','',48,1,1,1,0,0,7,7,1,1,0,0,0,7,1,0,4,0,0,1,0,0),(12,1,18,25,'a:1:{i:1;a:2:{i:0;s:16:\"Dzia Marketing\";i:1;i:0;}}','Newsletter','','',7,'','','',0,'','','','',7,'',0,0,0,0,0,'',0,'','',48,1,1,1,0,0,7,7,1,1,0,0,0,7,1,0,0,0,0,0,0,0),(14,12,19,20,'a:2:{i:1;a:2:{i:0;s:16:\"Dzia Marketing\";i:1;i:0;}i:12;a:2:{i:0;s:10:\"Newsletter\";i:1;i:0;}}','REC Business Update','','',7,'','','',0,'','','','',7,'',0,1,0,19,58,'Tematy na Business Update REC',1649269314,'Damian Jakubik','',48,1,1,1,0,0,7,7,1,1,0,0,0,7,1,0,1,0,0,1,0,0),(15,12,21,22,'a:2:{i:1;a:2:{i:0;s:16:\"Dzia Marketing\";i:1;i:0;}i:12;a:2:{i:0;s:10:\"Newsletter\";i:1;i:0;}}','MIL Business Update','','',7,'','','',0,'','','','',7,'',0,1,0,246,58,'Re: Tematy na Business Update MIL',1651645208,'Damian Jakubik','',48,1,1,1,0,0,0,0,0,1,0,0,0,0,0,0,8,0,0,1,0,0),(16,12,23,24,'a:2:{i:1;a:2:{i:0;s:16:\"Dzia Marketing\";i:1;i:0;}i:12;a:2:{i:0;s:10:\"Newsletter\";i:1;i:0;}}','Seacraft Newsletter','','',7,'','','',0,'','','','',7,'',0,1,0,146,58,'Re: Seacraft Newsletter 05.2022',1650526574,'Damian Jakubik','',48,1,1,1,0,1650531530,0,0,0,1,0,0,0,0,0,0,3,0,0,1,0,0),(17,1,26,35,'a:1:{i:1;a:2:{i:0;s:16:\"Dzia Marketing\";i:1;i:0;}}','Materiay marketingowe','','',7,'','','',0,'','','','',7,'',0,0,0,0,0,'',0,'','',32,1,1,1,0,0,7,7,1,1,0,0,0,7,1,0,0,0,0,0,0,0),(18,17,27,28,'a:2:{i:1;a:2:{i:0;s:16:\"Dzia Marketing\";i:1;i:0;}i:17;a:2:{i:0;s:23:\"Materiay marketingowe\";i:1;i:0;}}','Katalogi','','',7,'','','',0,'','','','',7,'',0,1,0,270,58,'[MIL] Brakujce zdjcia produktowe',1652162949,'Damian Jakubik','',48,1,1,1,0,0,7,7,1,1,0,0,0,7,1,0,17,0,0,2,0,0),(19,17,29,30,'a:2:{i:1;a:2:{i:0;s:16:\"Dzia Marketing\";i:1;i:0;}i:17;a:2:{i:0;s:23:\"Materiay marketingowe\";i:1;i:0;}}','Ulotki/Foldery','','',7,'','','',0,'','','','',7,'',0,1,0,97,61,'Re: Ulotka/flyer ENC3',1649924770,'Beata Sotys','',48,1,1,1,0,0,7,7,1,1,0,0,0,7,1,0,2,0,0,1,0,0),(20,17,31,32,'a:2:{i:1;a:2:{i:0;s:16:\"Dzia Marketing\";i:1;i:0;}i:17;a:2:{i:0;s:23:\"Materiay marketingowe\";i:1;i:0;}}','Filmy promujce','','',7,'','','',0,'','','','',7,'',0,1,0,278,63,'Re: GO! - scenariusz filmu',1652171718,'Witold Hoffmann','',48,1,1,1,0,0,7,7,1,1,0,0,0,7,1,0,20,0,0,1,0,0),(21,17,33,34,'a:2:{i:1;a:2:{i:0;s:16:\"Dzia Marketing\";i:1;i:0;}i:17;a:2:{i:0;s:23:\"Materiay marketingowe\";i:1;i:0;}}','Inne','','',7,'','','',0,'','','','',7,'',0,1,0,279,63,'Re: Projekty video o Jaskiniach Sowacja, Chorwacja, Hiszpania - propozycja wsparcia',1652171873,'Witold Hoffmann','',48,1,1,1,0,0,7,7,1,1,0,0,0,7,1,0,23,0,0,7,0,0),(22,1,36,37,'a:1:{i:1;a:2:{i:0;s:16:\"Dzia Marketing\";i:1;i:0;}}','Targi i eventy','','',7,'','','',0,'','','','',7,'',0,0,0,0,0,'',0,'','',48,1,1,1,0,0,7,7,1,1,0,0,0,7,1,0,0,0,0,0,0,0),(23,1,38,39,'a:1:{i:1;a:2:{i:0;s:16:\"Dzia Marketing\";i:1;i:0;}}','Firmowe targi','','',7,'','','',0,'','','','',7,'',0,1,0,240,63,'Re: USA - targi si specjalnych',1651260875,'Witold Hoffmann','',48,1,1,1,0,0,7,7,1,1,0,0,0,7,1,0,31,0,0,6,0,0),(25,1,40,41,'a:1:{i:1;a:2:{i:0;s:16:\"Dzia Marketing\";i:1;i:0;}}','Firmowe Demo Dni','','',7,'','','',0,'','','','',7,'',0,1,0,280,58,'Re: 25-26.06.2022 [REC] Handover event Cavebase',1652173372,'Damian Jakubik','',48,1,1,1,0,0,7,7,1,1,0,0,0,7,1,0,13,0,0,2,0,0),(26,1,42,43,'a:1:{i:1;a:2:{i:0;s:16:\"Dzia Marketing\";i:1;i:0;}}','Targi dystrybutorzy','','',7,'','','',0,'','','','',7,'',0,1,0,243,61,'18 - 21 padziernik 2022; Euronaval',1651487841,'Beata Sotys','',48,1,1,1,0,0,7,7,1,1,0,0,0,7,1,0,13,0,0,2,0,0),(27,1,64,87,'a:1:{i:1;a:2:{i:0;s:16:\"Dzia Marketing\";i:1;i:0;}}','Nowe produkty','','',7,'','','',0,'','','','',7,'',0,0,0,0,0,'',0,'','',48,1,1,1,0,0,7,7,1,1,0,0,0,7,1,0,0,0,0,0,0,0),(28,27,65,66,'a:2:{i:1;a:2:{i:0;s:16:\"Dzia Marketing\";i:1;i:0;}i:27;a:2:{i:0;s:13:\"Nowe produkty\";i:1;i:0;}}','GO!','','',7,'','','',0,'','','','',7,'',0,1,0,272,58,'Reklamy GO! na FB',1652164849,'Damian Jakubik','',48,1,1,1,0,0,7,7,1,1,0,0,0,7,1,0,10,0,0,5,0,0),(29,27,69,70,'a:2:{i:1;a:2:{i:0;s:16:\"Dzia Marketing\";i:1;i:0;}i:27;a:2:{i:0;s:13:\"Nowe produkty\";i:1;i:0;}}','Zasobnik','','',7,'','','',0,'','','','',7,'',0,1,0,180,63,'Re: Cena',1650972671,'Witold Hoffmann','',48,1,1,1,0,0,7,7,1,1,0,0,0,7,1,0,7,0,0,1,0,0),(30,27,71,72,'a:2:{i:1;a:2:{i:0;s:16:\"Dzia Marketing\";i:1;i:0;}i:27;a:2:{i:0;s:13:\"Nowe produkty\";i:1;i:0;}}','Stroboskop','','',7,'','','',0,'','','','',7,'',0,1,0,0,0,'',0,'','',48,1,1,1,0,0,7,7,1,1,0,0,0,7,1,0,0,0,0,0,0,0),(31,7,7,8,'a:2:{i:1;a:2:{i:0;s:16:\"Dzia Marketing\";i:1;i:0;}i:7;a:2:{i:0;s:12:\"Social media\";i:1;i:0;}}','Oglnie o SM','','',7,'','','',0,'','','','',7,'',0,1,0,254,58,'Re: Godne uwagi tematy',1651948513,'Damian Jakubik','',48,1,1,1,0,0,7,7,1,1,0,0,0,7,1,0,22,0,0,4,0,0),(32,1,58,63,'a:1:{i:1;a:2:{i:0;s:16:\"Dzia Marketing\";i:1;i:0;}}','Support i szkolenia','','',7,'','','',0,'','','','',7,'',0,0,0,0,0,'',0,'','',48,1,1,1,0,0,7,7,1,1,0,0,0,7,1,0,0,0,0,0,0,0),(33,32,59,60,'a:2:{i:1;a:2:{i:0;s:16:\"Dzia Marketing\";i:1;i:0;}i:32;a:2:{i:0;s:19:\"Support i szkolenia\";i:1;i:0;}}','Portal Support','','',7,'','','',0,'','','','',7,'',0,1,0,0,0,'',0,'','',48,1,1,1,0,0,7,7,1,1,0,0,0,7,1,0,0,0,0,0,0,0),(34,32,61,62,'a:2:{i:1;a:2:{i:0;s:16:\"Dzia Marketing\";i:1;i:0;}i:32;a:2:{i:0;s:19:\"Support i szkolenia\";i:1;i:0;}}','Szkolenia kontrahentw','','',7,'','','',0,'','','','',7,'',0,1,0,261,63,'Re: E-learning - zasady oglne + prototyp level 0',1652096188,'Witold Hoffmann','',48,1,1,1,0,0,7,7,1,1,0,0,0,7,1,0,5,0,0,3,0,0),(35,1,46,51,'a:1:{i:1;a:2:{i:0;s:16:\"Dzia Marketing\";i:1;i:0;}}','Dystrybutorzy','','',7,'','','',0,'','','','',7,'',0,0,0,0,0,'',0,'','',48,1,1,1,0,0,7,7,1,1,0,0,0,7,1,0,0,0,0,0,0,0),(36,35,47,48,'a:2:{i:1;a:2:{i:0;s:16:\"Dzia Marketing\";i:1;i:0;}i:35;a:2:{i:0;s:13:\"Dystrybutorzy\";i:1;i:0;}}','REC','','',7,'','','',0,'','','','',7,'',0,1,0,208,63,'Re: Warunki wsppracy - uzupenienia 2022',1651079018,'Witold Hoffmann','',48,1,1,1,0,0,7,7,1,1,0,0,0,7,1,0,5,0,0,2,0,0),(37,35,49,50,'a:2:{i:1;a:2:{i:0;s:16:\"Dzia Marketing\";i:1;i:0;}i:35;a:2:{i:0;s:13:\"Dystrybutorzy\";i:1;i:0;}}','MIL','','',7,'','','',0,'','','','',7,'',0,1,0,258,58,'Re: Umowy',1652082575,'Damian Jakubik','',48,1,1,1,0,0,7,7,1,1,0,0,0,7,1,0,2,0,0,1,0,0),(38,1,52,57,'a:1:{i:1;a:2:{i:0;s:16:\"Dzia Marketing\";i:1;i:0;}}','Cenniki','','',7,'','','',0,'','','','',7,'',0,0,0,0,0,'',0,'','',48,1,1,1,0,0,7,7,1,1,0,0,0,7,1,0,0,0,0,0,0,0),(39,38,53,54,'a:2:{i:1;a:2:{i:0;s:16:\"Dzia Marketing\";i:1;i:0;}i:38;a:2:{i:0;s:7:\"Cenniki\";i:1;i:0;}}','REC','','',7,'','','',0,'','','','',7,'',0,1,0,282,61,'Re: Zmiany w kolejnej wersji cennika rec',1652345887,'Beata Sotys','',48,1,1,1,0,0,7,7,1,1,0,0,0,7,1,0,4,0,0,2,0,0),(40,38,55,56,'a:2:{i:1;a:2:{i:0;s:16:\"Dzia Marketing\";i:1;i:0;}i:38;a:2:{i:0;s:7:\"Cenniki\";i:1;i:0;}}','MIL','','',7,'','','',0,'','','','',7,'',0,1,0,283,61,'Re: Niezbdne zmiany w cenniku special',1652686721,'Beata Sotys','',48,1,1,1,0,0,7,7,1,1,0,0,0,7,1,0,7,0,0,2,0,0),(41,1,98,99,'a:1:{i:1;a:2:{i:0;s:16:\"Dzia Marketing\";i:1;i:0;}}','Sprawy forum','','',7,'','','',0,'','','','',7,'',0,1,0,281,58,'Re: Sugestie, pomysy, zgoszenia',1652175159,'Damian Jakubik','',48,1,1,1,0,0,0,0,0,1,0,0,0,0,0,0,14,0,0,2,0,0),(42,1,96,97,'a:1:{i:1;a:2:{i:0;s:16:\"Dzia Marketing\";i:1;i:0;}}','Inne wane tematy','','',7,'','','',0,'','','','',7,'',0,1,0,268,61,'Re: Dodanie kodw do naklejek na produkty',1652118994,'Beata Sotys','',48,1,1,1,0,0,7,7,1,1,0,0,0,7,1,0,5,0,0,2,0,0),(43,1,44,45,'a:1:{i:1;a:2:{i:0;s:16:\"Dzia Marketing\";i:1;i:0;}}','Oglnie o wydarzeniach nurkowych','','',7,'','','',0,'','','','',7,'',0,1,0,237,61,'Re: Sesja zdjciowa Irena Stangieska- Czerwiec?',1651229339,'Beata Sotys','',48,1,1,1,0,0,7,7,1,1,0,0,0,7,1,0,13,0,0,3,0,0),(44,27,73,74,'a:2:{i:1;a:2:{i:0;s:16:\"Dzia Marketing\";i:1;i:0;}i:27;a:2:{i:0;s:13:\"Nowe produkty\";i:1;i:0;}}','Kartownik','','',7,'','','',0,'','','','',7,'',0,1,0,154,61,'Re: Kartownik',1650623800,'Beata Sotys','',48,1,1,1,0,0,7,7,1,1,0,0,0,7,1,0,2,0,0,1,0,0),(45,27,75,76,'a:2:{i:1;a:2:{i:0;s:16:\"Dzia Marketing\";i:1;i:0;}i:27;a:2:{i:0;s:13:\"Nowe produkty\";i:1;i:0;}}','Uchwyt na kamer','','',7,'','','',0,'','','','',7,'',0,1,0,68,61,'Re: Uchwyt na kamer',1649766183,'Beata Sotys','',48,1,1,1,0,0,7,7,1,1,0,0,0,7,1,0,3,0,0,1,0,0),(46,27,77,78,'a:2:{i:1;a:2:{i:0;s:16:\"Dzia Marketing\";i:1;i:0;}i:27;a:2:{i:0;s:13:\"Nowe produkty\";i:1;i:0;}}','Obcienie elektroniczne','','',7,'','','',0,'','','','',7,'',0,1,0,134,63,'Re: Obcienie elektroniczne',1650369636,'Witold Hoffmann','',48,1,1,1,0,0,7,7,1,1,0,0,0,7,1,0,5,0,0,1,0,0),(47,1,88,95,'a:1:{i:1;a:2:{i:0;s:16:\"Dzia Marketing\";i:1;i:0;}}','Konkurencja','','',7,'','','',0,'','','','',7,'',0,0,0,0,0,'',0,'','',32,1,1,1,0,0,7,7,1,1,0,0,0,7,1,0,0,0,0,0,0,0),(48,47,89,90,'a:2:{i:1;a:2:{i:0;s:16:\"Dzia Marketing\";i:1;i:0;}i:47;a:2:{i:0;s:11:\"Konkurencja\";i:1;i:0;}}','Bonex','','',7,'','','',0,'','','','',7,'',0,1,0,0,0,'',0,'','',48,1,1,1,0,0,7,7,1,1,0,0,0,7,1,0,0,0,0,0,0,0),(49,47,91,92,'a:2:{i:1;a:2:{i:0;s:16:\"Dzia Marketing\";i:1;i:0;}i:47;a:2:{i:0;s:11:\"Konkurencja\";i:1;i:0;}}','Suex','','',7,'','','',0,'','','','',7,'',0,1,0,152,61,'serwis suex',1650622255,'Beata Sotys','',48,1,1,1,0,0,7,7,1,1,0,0,0,7,1,0,1,0,0,1,0,0),(50,47,93,94,'a:2:{i:1;a:2:{i:0;s:16:\"Dzia Marketing\";i:1;i:0;}i:47;a:2:{i:0;s:11:\"Konkurencja\";i:1;i:0;}}','Inne','','',7,'','','',0,'','','','',7,'',0,1,0,104,58,'Podrbki, kopie, plagiaty naszego sprztu itp',1650002649,'Damian Jakubik','',48,1,1,1,0,0,7,7,1,1,0,0,0,7,1,0,1,0,0,1,0,0),(51,27,79,80,'a:2:{i:1;a:2:{i:0;s:16:\"Dzia Marketing\";i:1;i:0;}i:27;a:2:{i:0;s:13:\"Nowe produkty\";i:1;i:0;}}','Platforma ENC3M gen.II','','',7,'','','',0,'','','','',7,'',0,1,0,120,58,'Platforma ENC3M gen.II',1650354229,'Damian Jakubik','',48,1,1,1,0,0,7,7,1,1,0,0,0,7,1,0,1,0,0,1,0,0),(52,27,81,82,'a:2:{i:1;a:2:{i:0;s:16:\"Dzia Marketing\";i:1;i:0;}i:27;a:2:{i:0;s:13:\"Nowe produkty\";i:1;i:0;}}','Stojak do DPC','','',7,'','','',0,'','','','',7,'',0,1,0,128,58,'Stojak do DPC',1650358117,'Damian Jakubik','',48,1,1,1,0,0,7,7,1,1,0,0,0,7,1,0,1,0,0,1,0,0),(53,27,83,84,'a:2:{i:1;a:2:{i:0;s:16:\"Dzia Marketing\";i:1;i:0;}i:27;a:2:{i:0;s:13:\"Nowe produkty\";i:1;i:0;}}','Motowido','','',7,'','','',0,'','','','',7,'',0,1,0,0,0,'',0,'','',48,1,1,1,0,0,7,7,1,1,0,0,0,7,1,0,0,0,0,0,0,0),(54,27,67,68,'a:2:{i:1;a:2:{i:0;s:16:\"Dzia Marketing\";i:1;i:0;}i:27;a:2:{i:0;s:13:\"Nowe produkty\";i:1;i:0;}}','DPC','','',7,'','','',0,'','','','',7,'',0,1,0,231,61,'Re: Internacjonalizacja DPC',1651219312,'Beata Sotys','',48,1,1,1,0,0,7,7,1,1,0,0,0,7,1,0,2,0,0,1,0,0),(55,27,85,86,'a:2:{i:1;a:2:{i:0;s:16:\"Dzia Marketing\";i:1;i:0;}i:27;a:2:{i:0;s:13:\"Nowe produkty\";i:1;i:0;}}','Bateria lotnicza','','',7,'','','',0,'','','','',7,'',0,1,0,250,61,'Re: Sugestie, pomysy, zgoszenia',1651743959,'Beata Sotys','',48,1,1,1,0,0,7,7,1,1,0,0,0,7,1,0,1,0,0,1,0,0);
/*!40000 ALTER TABLE `phpbb_forums` ENABLE KEYS */;
UNLOCK TABLES;

--
-- Table structure for table `phpbb_forums_access`
--

DROP TABLE IF EXISTS `phpbb_forums_access`;
/*!40101 SET @saved_cs_client     = @@character_set_client */;
/*!40101 SET character_set_client = utf8 */;
CREATE TABLE `phpbb_forums_access` (
  `forum_id` mediumint(8) unsigned NOT NULL DEFAULT 0,
  `user_id` int(10) unsigned NOT NULL DEFAULT 0,
  `session_id` char(32) COLLATE utf8_bin NOT NULL DEFAULT '',
  PRIMARY KEY (`forum_id`,`user_id`,`session_id`)
) ENGINE=InnoDB DEFAULT CHARSET=utf8 COLLATE=utf8_bin;
/*!40101 SET character_set_client = @saved_cs_client */;

--
-- Dumping data for table `phpbb_forums_access`
--

LOCK TABLES `phpbb_forums_access` WRITE;
/*!40000 ALTER TABLE `phpbb_forums_access` DISABLE KEYS */;
/*!40000 ALTER TABLE `phpbb_forums_access` ENABLE KEYS */;
UNLOCK TABLES;

--
-- Table structure for table `phpbb_forums_track`
--

DROP TABLE IF EXISTS `phpbb_forums_track`;
/*!40101 SET @saved_cs_client     = @@character_set_client */;
/*!40101 SET character_set_client = utf8 */;
CREATE TABLE `phpbb_forums_track` (
  `user_id` int(10) unsigned NOT NULL DEFAULT 0,
  `forum_id` mediumint(8) unsigned NOT NULL DEFAULT 0,
  `mark_time` int(11) unsigned NOT NULL DEFAULT 0,
  PRIMARY KEY (`user_id`,`forum_id`)
) ENGINE=InnoDB DEFAULT CHARSET=utf8 COLLATE=utf8_bin;
/*!40101 SET character_set_client = @saved_cs_client */;

--
-- Dumping data for table `phpbb_forums_track`
--

LOCK TABLES `phpbb_forums_track` WRITE;
/*!40000 ALTER TABLE `phpbb_forums_track` DISABLE KEYS */;
INSERT INTO `phpbb_forums_track` VALUES (2,11,1650734401),(2,29,1651083345),(2,31,1649928339),(2,49,1650734488),(58,5,1651044933),(58,9,1651644530),(58,10,1649940475),(58,11,1650625261),(58,14,1649269314),(58,15,1651645208),(58,16,1650526575),(58,18,1652162950),(58,19,1649925453),(58,20,1652172851),(58,21,1652171922),(58,23,1651261577),(58,25,1652173372),(58,26,1651613235),(58,28,1652164850),(58,29,1650974544),(58,31,1651948514),(58,34,1652096522),(58,36,1651079424),(58,37,1652082575),(58,39,1652725351),(58,40,1652725463),(58,41,1652175160),(58,42,1652124513),(58,43,1651229663),(58,44,1650625567),(58,45,1649766669),(58,46,1650371687),(58,49,1650622787),(58,50,1650002650),(58,51,1650354229),(58,52,1650358117),(58,54,1651219648),(58,55,1651829749),(60,5,1651044025),(60,9,1651649048),(60,10,1650011699),(60,11,1650627838),(60,15,1651646632),(60,16,1650541340),(60,18,1652163159),(60,19,1649927547),(60,20,1652165335),(60,21,1651128339),(60,23,1651649063),(60,25,1652163106),(60,26,1651649136),(60,28,1651665044),(60,29,1651044303),(60,31,1652087604),(60,34,1652097702),(60,36,1651129339),(60,37,1652087716),(60,39,1650627846),(60,40,1651129382),(60,41,1651747859),(60,42,1652097699),(60,43,1651230383),(60,44,1650627840),(60,45,1650868563),(60,46,1650436079),(60,49,1650627841),(60,50,1650011952),(60,51,1650436071),(60,52,1650436076),(60,54,1651219741),(60,55,1652087777),(61,5,1651053750),(61,6,1649855285),(61,7,1649855285),(61,8,1649855285),(61,9,1651658810),(61,10,1649960535),(61,11,1650631177),(61,12,1649855285),(61,14,1649855285),(61,15,1651658835),(61,16,1650532885),(61,17,1649855285),(61,18,1652170772),(61,19,1649924770),(61,20,1652172172),(61,21,1652172119),(61,22,1649855285),(61,23,1651327667),(61,25,1652451437),(61,26,1651487842),(61,27,1649855285),(61,28,1652165680),(61,29,1650982578),(61,30,1649855285),(61,31,1652080128),(61,32,1649855285),(61,33,1649855285),(61,34,1652080725),(61,35,1649855285),(61,36,1651128786),(61,37,1652119147),(61,38,1649855285),(61,39,1652345887),(61,40,1652686722),(61,41,1652711930),(61,42,1652118994),(61,43,1651229339),(61,44,1650623801),(61,45,1649855285),(61,46,1650388359),(61,49,1650622255),(61,50,1650002757),(61,51,1651053954),(61,52,1650358760),(61,54,1651219312),(61,55,1652173226),(63,5,1651046206),(63,9,1651848906),(63,10,1649940343),(63,11,1650971429),(63,15,1651654176),(63,16,1650971446),(63,18,1652171319),(63,19,1649964771),(63,20,1652171718),(63,21,1652171873),(63,23,1651260875),(63,25,1652175063),(63,26,1651492323),(63,28,1652171880),(63,29,1650972671),(63,31,1652091626),(63,34,1652096188),(63,36,1651079018),(63,37,1652091633),(63,39,1653477520),(63,40,1653477534),(63,41,1652252123),(63,42,1652171277),(63,43,1651237881),(63,44,1650900742),(63,45,1649768038),(63,46,1650369637),(63,49,1650890144),(63,50,1650022832),(63,51,1650356765),(63,52,1650358679),(63,54,1651237895),(63,55,1651845057);
/*!40000 ALTER TABLE `phpbb_forums_track` ENABLE KEYS */;
UNLOCK TABLES;

--
-- Table structure for table `phpbb_forums_watch`
--

DROP TABLE IF EXISTS `phpbb_forums_watch`;
/*!40101 SET @saved_cs_client     = @@character_set_client */;
/*!40101 SET character_set_client = utf8 */;
CREATE TABLE `phpbb_forums_watch` (
  `forum_id` mediumint(8) unsigned NOT NULL DEFAULT 0,
  `user_id` int(10) unsigned NOT NULL DEFAULT 0,
  `notify_status` tinyint(1) unsigned NOT NULL DEFAULT 0,
  KEY `forum_id` (`forum_id`),
  KEY `user_id` (`user_id`),
  KEY `notify_stat` (`notify_status`)
) ENGINE=InnoDB DEFAULT CHARSET=utf8 COLLATE=utf8_bin;
/*!40101 SET character_set_client = @saved_cs_client */;

--
-- Dumping data for table `phpbb_forums_watch`
--

LOCK TABLES `phpbb_forums_watch` WRITE;
/*!40000 ALTER TABLE `phpbb_forums_watch` DISABLE KEYS */;
/*!40000 ALTER TABLE `phpbb_forums_watch` ENABLE KEYS */;
UNLOCK TABLES;

--
-- Table structure for table `phpbb_groups`
--

DROP TABLE IF EXISTS `phpbb_groups`;
/*!40101 SET @saved_cs_client     = @@character_set_client */;
/*!40101 SET character_set_client = utf8 */;
CREATE TABLE `phpbb_groups` (
  `group_id` mediumint(8) unsigned NOT NULL AUTO_INCREMENT,
  `group_type` tinyint(4) NOT NULL DEFAULT 1,
  `group_founder_manage` tinyint(1) unsigned NOT NULL DEFAULT 0,
  `group_skip_auth` tinyint(1) unsigned NOT NULL DEFAULT 0,
  `group_name` varchar(255) COLLATE utf8_bin NOT NULL DEFAULT '',
  `group_desc` text COLLATE utf8_bin NOT NULL,
  `group_desc_bitfield` varchar(255) COLLATE utf8_bin NOT NULL DEFAULT '',
  `group_desc_options` int(11) unsigned NOT NULL DEFAULT 7,
  `group_desc_uid` varchar(8) COLLATE utf8_bin NOT NULL DEFAULT '',
  `group_display` tinyint(1) unsigned NOT NULL DEFAULT 0,
  `group_avatar` varchar(255) COLLATE utf8_bin NOT NULL DEFAULT '',
  `group_avatar_type` varchar(255) COLLATE utf8_bin NOT NULL DEFAULT '',
  `group_avatar_width` smallint(4) unsigned NOT NULL DEFAULT 0,
  `group_avatar_height` smallint(4) unsigned NOT NULL DEFAULT 0,
  `group_rank` mediumint(8) unsigned NOT NULL DEFAULT 0,
  `group_colour` varchar(6) COLLATE utf8_bin NOT NULL DEFAULT '',
  `group_sig_chars` mediumint(8) unsigned NOT NULL DEFAULT 0,
  `group_receive_pm` tinyint(1) unsigned NOT NULL DEFAULT 0,
  `group_message_limit` mediumint(8) unsigned NOT NULL DEFAULT 0,
  `group_legend` mediumint(8) unsigned NOT NULL DEFAULT 0,
  `group_max_recipients` mediumint(8) unsigned NOT NULL DEFAULT 0,
  PRIMARY KEY (`group_id`),
  KEY `group_legend_name` (`group_legend`,`group_name`)
) ENGINE=InnoDB AUTO_INCREMENT=10 DEFAULT CHARSET=utf8 COLLATE=utf8_bin;
/*!40101 SET character_set_client = @saved_cs_client */;

--
-- Dumping data for table `phpbb_groups`
--

LOCK TABLES `phpbb_groups` WRITE;
/*!40000 ALTER TABLE `phpbb_groups` DISABLE KEYS */;
INSERT INTO `phpbb_groups` VALUES (1,3,0,0,'GUESTS','','',7,'',0,'','',0,0,0,'',0,0,0,0,5),(2,3,0,0,'REGISTERED','','',7,'',0,'','',0,0,0,'',0,0,0,0,5),(3,3,0,0,'REGISTERED_COPPA','','',7,'',0,'','',0,0,0,'',0,0,0,0,5),(4,3,0,0,'GLOBAL_MODERATORS','','',7,'',0,'','',0,0,0,'00AA00',0,0,0,2,0),(5,3,1,0,'ADMINISTRATORS','','',7,'',0,'','',0,0,0,'AA0000',0,0,0,1,0),(6,3,0,0,'BOTS','','',7,'',0,'','',0,0,0,'9E8DA7',0,0,0,0,5),(7,3,0,0,'NEWLY_REGISTERED','','',7,'',0,'','',0,0,0,'',0,0,0,0,5),(9,0,0,0,'Marketing','','',7,'',0,'','',0,0,0,'',0,0,0,0,0);
/*!40000 ALTER TABLE `phpbb_groups` ENABLE KEYS */;
UNLOCK TABLES;

--
-- Table structure for table `phpbb_icons`
--

DROP TABLE IF EXISTS `phpbb_icons`;
/*!40101 SET @saved_cs_client     = @@character_set_client */;
/*!40101 SET character_set_client = utf8 */;
CREATE TABLE `phpbb_icons` (
  `icons_id` mediumint(8) unsigned NOT NULL AUTO_INCREMENT,
  `icons_url` varchar(255) COLLATE utf8_bin NOT NULL DEFAULT '',
  `icons_width` tinyint(4) NOT NULL DEFAULT 0,
  `icons_height` tinyint(4) NOT NULL DEFAULT 0,
  `icons_alt` varchar(255) COLLATE utf8_bin NOT NULL DEFAULT '',
  `icons_order` mediumint(8) unsigned NOT NULL DEFAULT 0,
  `display_on_posting` tinyint(1) unsigned NOT NULL DEFAULT 1,
  PRIMARY KEY (`icons_id`),
  KEY `display_on_posting` (`display_on_posting`)
) ENGINE=InnoDB AUTO_INCREMENT=11 DEFAULT CHARSET=utf8 COLLATE=utf8_bin;
/*!40101 SET character_set_client = @saved_cs_client */;

--
-- Dumping data for table `phpbb_icons`
--

LOCK TABLES `phpbb_icons` WRITE;
/*!40000 ALTER TABLE `phpbb_icons` DISABLE KEYS */;
INSERT INTO `phpbb_icons` VALUES (1,'misc/fire.gif',16,16,'',1,1),(2,'smile/redface.gif',16,16,'',9,1),(3,'smile/mrgreen.gif',16,16,'',10,1),(4,'misc/heart.gif',16,16,'',4,1),(5,'misc/star.gif',16,16,'',2,1),(6,'misc/radioactive.gif',16,16,'',3,1),(7,'misc/thinking.gif',16,16,'',5,1),(8,'smile/info.gif',16,16,'',8,1),(9,'smile/question.gif',16,16,'',6,1),(10,'smile/alert.gif',16,16,'',7,1);
/*!40000 ALTER TABLE `phpbb_icons` ENABLE KEYS */;
UNLOCK TABLES;

--
-- Table structure for table `phpbb_lang`
--

DROP TABLE IF EXISTS `phpbb_lang`;
/*!40101 SET @saved_cs_client     = @@character_set_client */;
/*!40101 SET character_set_client = utf8 */;
CREATE TABLE `phpbb_lang` (
  `lang_id` tinyint(4) NOT NULL AUTO_INCREMENT,
  `lang_iso` varchar(30) COLLATE utf8_bin NOT NULL DEFAULT '',
  `lang_dir` varchar(30) COLLATE utf8_bin NOT NULL DEFAULT '',
  `lang_english_name` varchar(100) COLLATE utf8_bin NOT NULL DEFAULT '',
  `lang_local_name` varchar(255) COLLATE utf8_bin NOT NULL DEFAULT '',
  `lang_author` varchar(255) COLLATE utf8_bin NOT NULL DEFAULT '',
  PRIMARY KEY (`lang_id`),
  KEY `lang_iso` (`lang_iso`)
) ENGINE=InnoDB AUTO_INCREMENT=2 DEFAULT CHARSET=utf8 COLLATE=utf8_bin;
/*!40101 SET character_set_client = @saved_cs_client */;

--
-- Dumping data for table `phpbb_lang`
--

LOCK TABLES `phpbb_lang` WRITE;
/*!40000 ALTER TABLE `phpbb_lang` DISABLE KEYS */;
INSERT INTO `phpbb_lang` VALUES (1,'en','en','British English','British English','phpBB Limited');
/*!40000 ALTER TABLE `phpbb_lang` ENABLE KEYS */;
UNLOCK TABLES;

--
-- Table structure for table `phpbb_log`
--

DROP TABLE IF EXISTS `phpbb_log`;
/*!40101 SET @saved_cs_client     = @@character_set_client */;
/*!40101 SET character_set_client = utf8 */;
CREATE TABLE `phpbb_log` (
  `log_id` int(10) unsigned NOT NULL AUTO_INCREMENT,
  `log_type` tinyint(4) NOT NULL DEFAULT 0,
  `user_id` int(10) unsigned NOT NULL DEFAULT 0,
  `forum_id` mediumint(8) unsigned NOT NULL DEFAULT 0,
  `topic_id` int(10) unsigned NOT NULL DEFAULT 0,
  `post_id` int(10) unsigned NOT NULL DEFAULT 0,
  `reportee_id` int(10) unsigned NOT NULL DEFAULT 0,
  `log_ip` varchar(40) COLLATE utf8_bin NOT NULL DEFAULT '',
  `log_time` int(11) unsigned NOT NULL DEFAULT 0,
  `log_operation` text COLLATE utf8_bin NOT NULL,
  `log_data` mediumtext COLLATE utf8_bin NOT NULL,
  PRIMARY KEY (`log_id`),
  KEY `log_type` (`log_type`),
  KEY `forum_id` (`forum_id`),
  KEY `topic_id` (`topic_id`),
  KEY `reportee_id` (`reportee_id`),
  KEY `user_id` (`user_id`),
  KEY `log_time` (`log_time`)
) ENGINE=InnoDB AUTO_INCREMENT=376 DEFAULT CHARSET=utf8 COLLATE=utf8_bin;
/*!40101 SET character_set_client = @saved_cs_client */;

--
-- Dumping data for table `phpbb_log`
--

LOCK TABLES `phpbb_log` WRITE;
/*!40000 ALTER TABLE `phpbb_log` DISABLE KEYS */;
INSERT INTO `phpbb_log` VALUES (1,0,1,0,0,0,0,'37.212.24.255',1648824950,'LOG_MODULE_ADD','a:1:{i:0;s:20:\"ACP_VIGLINK_SETTINGS\";}'),(2,0,1,0,0,0,0,'',1648824950,'LOG_EXT_ENABLE','a:1:{i:0;s:13:\"phpbb/viglink\";}'),(3,2,1,0,0,0,0,'37.212.24.255',1648824950,'LOG_ERROR_EMAIL','a:1:{i:0;s:189:\"<strong>EMAIL/PHP/mail()</strong><br /><em>/install/app.php</em><br /><br />Errno 2: mail() has been disabled for security reasons at [ROOT]/includes/functions_messenger.php line 1979<br />\";}'),(4,0,2,0,0,0,0,'37.212.24.255',1648824951,'LOG_INSTALL_INSTALLED','a:1:{i:0;s:5:\"3.3.7\";}'),(5,2,58,0,0,0,0,'94.232.216.242',1649052988,'LOG_ERROR_EMAIL','a:1:{i:0;s:181:\"<strong>EMAIL/PHP/mail()</strong><br /><em>/ucp.php</em><br /><br />Errno 2: mail() has been disabled for security reasons at [ROOT]/includes/functions_messenger.php line 1979<br />\";}'),(6,2,1,0,0,0,0,'37.212.19.128',1649232154,'LOG_ERROR_EMAIL','a:1:{i:0;s:181:\"<strong>EMAIL/PHP/mail()</strong><br /><em>/app.php</em><br /><br />Errno 2: mail() has been disabled for security reasons at [ROOT]/includes/functions_messenger.php line 1979<br />\";}'),(7,2,1,0,0,0,0,'37.212.19.128',1649232329,'LOG_ERROR_EMAIL','a:1:{i:0;s:181:\"<strong>EMAIL/PHP/mail()</strong><br /><em>/ucp.php</em><br /><br />Errno 2: mail() has been disabled for security reasons at [ROOT]/includes/functions_messenger.php line 1979<br />\";}'),(8,0,2,0,0,0,0,'94.232.216.242',1649233201,'LOG_ADMIN_AUTH_SUCCESS',''),(9,0,2,0,0,0,0,'94.232.216.242',1649233623,'LOG_ACL_ADD_USER_GLOBAL_A_','a:1:{i:0;s:14:\"Damian Jakubik\";}'),(10,0,58,0,0,0,0,'94.232.216.242',1649237641,'LOG_ADMIN_AUTH_SUCCESS',''),(11,0,58,0,0,0,0,'94.232.216.242',1649237725,'LOG_CONFIG_SETTINGS',''),(12,0,58,0,0,0,0,'94.232.216.242',1649237931,'LOG_FORUM_EDIT','a:1:{i:0;s:9:\"Marketing\";}'),(13,0,58,0,0,0,0,'94.232.216.242',1649237982,'LOG_GROUP_CREATED','a:1:{i:0;s:9:\"Marketing\";}'),(14,0,58,0,0,0,0,'94.232.216.242',1649238048,'LOG_CONFIG_SETTINGS',''),(15,0,58,0,0,0,0,'94.232.216.242',1649238101,'LOG_ACL_ADD_FORUM_LOCAL_F_','a:2:{i:0;s:9:\"Marketing\";i:1;s:9:\"Marketing\";}'),(16,0,2,0,0,0,0,'94.232.216.242',1649238798,'LOG_ADMIN_AUTH_SUCCESS',''),(17,0,2,0,0,0,0,'94.232.216.242',1649238860,'LOG_GROUP_DEFAULTS','a:2:{i:0;s:14:\"Administrators\";i:1;s:14:\"Damian Jakubik\";}'),(18,0,2,0,0,0,0,'94.232.216.242',1649238860,'LOG_MODS_ADDED','a:2:{i:0;s:14:\"Administrators\";i:1;s:14:\"Damian Jakubik\";}'),(19,0,58,0,0,0,0,'94.232.216.242',1649238886,'LOG_ADMIN_AUTH_SUCCESS',''),(20,0,58,0,0,0,0,'94.232.216.242',1649238988,'LOG_FORUM_EDIT','a:1:{i:0;s:16:\"Dzia Marketing\";}'),(21,0,58,0,0,0,0,'94.232.216.242',1649239060,'LOG_FORUM_EDIT','a:1:{i:0;s:12:\"SOCIAL MEDIA\";}'),(23,0,58,0,0,0,0,'94.232.216.242',1649239146,'LOG_FORUM_EDIT','a:1:{i:0;s:12:\"Social Media\";}'),(24,0,58,0,0,0,0,'94.232.216.242',1649239284,'LOG_FORUM_ADD','a:1:{i:0;s:8:\"Facebook\";}'),(25,0,58,0,0,0,0,'94.232.216.242',1649239460,'LOG_FORUM_EDIT','a:1:{i:0;s:12:\"Social Media\";}'),(26,0,58,0,0,0,0,'94.232.216.242',1649239770,'LOG_FORUM_DEL_POSTS_FORUMS','a:1:{i:0;s:12:\"Social Media\";}'),(27,0,58,0,0,0,0,'94.232.216.242',1649239806,'LOG_FORUM_EDIT','a:1:{i:0;s:16:\"Dzia Marketing\";}'),(28,0,58,0,0,0,0,'94.232.216.242',1649239917,'LOG_FORUM_EDIT','a:1:{i:0;s:16:\"Dzia Marketing\";}'),(29,0,58,0,0,0,0,'94.232.216.242',1649239953,'LOG_FORUM_ADD','a:1:{i:0;s:12:\"Social Media\";}'),(30,0,58,0,0,0,0,'94.232.216.242',1649239973,'LOG_ACL_ADD_FORUM_LOCAL_F_','a:2:{i:0;s:12:\"Social Media\";i:1;s:9:\"Marketing\";}'),(31,0,58,0,0,0,0,'94.232.216.242',1649240140,'LOG_FORUM_EDIT','a:1:{i:0;s:16:\"Dzia Marketing\";}'),(32,0,58,0,0,0,0,'94.232.216.242',1649240219,'LOG_ADMIN_AUTH_SUCCESS',''),(33,0,58,0,0,0,0,'94.232.216.242',1649240359,'LOG_ACL_ADD_FORUM_LOCAL_F_','a:2:{i:0;s:30:\"Dzia Marketing, Social Media\";i:1;s:9:\"Marketing\";}'),(34,0,58,0,0,0,0,'94.232.216.242',1649240431,'LOG_ACL_ADD_FORUM_LOCAL_F_','a:2:{i:0;s:16:\"Dzia Marketing\";i:1;s:9:\"Marketing\";}'),(35,0,58,0,0,0,0,'94.232.216.242',1649240459,'LOG_ACL_ADD_FORUM_LOCAL_F_','a:2:{i:0;s:16:\"Dzia Marketing\";i:1;s:39:\"<span class=\"sep\">Administrators</span>\";}'),(36,0,58,0,0,0,0,'94.232.216.242',1649240502,'LOG_ACL_ADD_GROUP_LOCAL_F_','a:2:{i:0;s:30:\"Dzia Marketing, Social Media\";i:1;s:9:\"Marketing\";}'),(37,0,58,0,0,0,0,'94.232.216.242',1649240529,'LOG_FORUM_SYNC','a:1:{i:0;s:16:\"Dzia Marketing\";}'),(38,0,58,0,0,0,0,'94.232.216.242',1649240600,'LOG_FORUM_EDIT','a:1:{i:0;s:16:\"Dzia Marketing\";}'),(39,0,58,0,0,0,0,'94.232.216.242',1649240669,'LOG_FORUM_EDIT','a:1:{i:0;s:16:\"Dzia Marketing\";}'),(40,0,58,0,0,0,0,'94.232.216.242',1649240743,'LOG_FORUM_EDIT','a:1:{i:0;s:12:\"Social Media\";}'),(41,0,58,0,0,0,0,'94.232.216.242',1649240783,'LOG_FORUM_EDIT','a:1:{i:0;s:16:\"Dzia Marketing\";}'),(42,0,58,0,0,0,0,'94.232.216.242',1649240825,'LOG_FORUM_ADD','a:1:{i:0;s:8:\"Facebook\";}'),(43,0,58,0,0,0,0,'94.232.216.242',1649240844,'LOG_ACL_ADD_FORUM_LOCAL_F_','a:2:{i:0;s:8:\"Facebook\";i:1;s:9:\"Marketing\";}'),(44,0,58,0,0,0,0,'94.232.216.242',1649240895,'LOG_ACL_ADD_MOD_LOCAL_M_','a:2:{i:0;s:16:\"Dzia Marketing\";i:1;s:14:\"Damian Jakubik\";}'),(45,0,58,0,0,0,0,'94.232.216.242',1649240979,'LOG_FORUM_EDIT','a:1:{i:0;s:12:\"Social Media\";}'),(46,0,58,0,0,0,0,'94.232.216.242',1649240979,'LOG_FORUM_COPIED_PERMISSIONS','a:2:{i:0;s:16:\"Dzia Marketing\";i:1;s:12:\"Social Media\";}'),(47,0,58,0,0,0,0,'94.232.216.242',1649240996,'LOG_FORUM_SYNC','a:1:{i:0;s:16:\"Dzia Marketing\";}'),(48,0,58,0,0,0,0,'94.232.216.242',1649241253,'LOG_GROUP_DELETE','a:1:{i:0;s:9:\"Marketing\";}'),(49,0,58,0,0,0,0,'94.232.216.242',1649241296,'LOG_GROUP_CREATED','a:1:{i:0;s:9:\"Marketing\";}'),(50,0,58,0,0,0,0,'94.232.216.242',1649241314,'LOG_GROUP_DEFAULTS','a:2:{i:0;s:9:\"Marketing\";i:1;s:14:\"Damian Jakubik\";}'),(51,0,58,0,0,0,0,'94.232.216.242',1649241314,'LOG_MODS_ADDED','a:2:{i:0;s:9:\"Marketing\";i:1;s:14:\"Damian Jakubik\";}'),(52,0,58,0,0,0,0,'94.232.216.242',1649241399,'LOG_ACL_ADD_GROUP_LOCAL_F_','a:2:{i:0;s:40:\"Dzia Marketing, Social Media, Facebook\";i:1;s:9:\"Marketing\";}'),(53,0,58,0,0,0,0,'94.232.216.242',1649241464,'LOG_FORUM_DEL_FORUM','a:1:{i:0;s:12:\"Social Media\";}'),(54,0,58,0,0,0,0,'94.232.216.242',1649241542,'LOG_FORUM_ADD','a:1:{i:0;s:12:\"Social media\";}'),(55,0,58,0,0,0,0,'94.232.216.242',1649241542,'LOG_FORUM_COPIED_PERMISSIONS','a:2:{i:0;s:8:\"Facebook\";i:1;s:12:\"Social media\";}'),(56,0,58,0,0,0,0,'94.232.216.242',1649241572,'LOG_FORUM_EDIT','a:1:{i:0;s:9:\"Instagram\";}'),(57,0,58,0,0,0,0,'94.232.216.242',1649241603,'LOG_FORUM_ADD','a:1:{i:0;s:12:\"Social media\";}'),(58,0,58,0,0,0,0,'94.232.216.242',1649241603,'LOG_FORUM_COPIED_PERMISSIONS','a:2:{i:0;s:16:\"Dzia Marketing\";i:1;s:12:\"Social media\";}'),(59,0,58,0,0,0,0,'94.232.216.242',1649241610,'LOG_FORUM_MOVE_UP','a:2:{i:0;s:12:\"Social media\";i:1;s:9:\"Instagram\";}'),(60,0,58,0,0,0,0,'94.232.216.242',1649241613,'LOG_FORUM_MOVE_UP','a:2:{i:0;s:12:\"Social media\";i:1;s:8:\"Facebook\";}'),(61,0,58,0,0,0,0,'94.232.216.242',1649241659,'LOG_FORUM_EDIT','a:1:{i:0;s:12:\"Social media\";}'),(62,0,58,0,0,0,0,'94.232.216.242',1649241659,'LOG_FORUM_COPIED_PERMISSIONS','a:2:{i:0;s:16:\"Dzia Marketing\";i:1;s:12:\"Social media\";}'),(63,0,58,0,0,0,0,'94.232.216.242',1649241687,'LOG_FORUM_EDIT','a:1:{i:0;s:8:\"Facebook\";}'),(64,0,58,0,0,0,0,'94.232.216.242',1649241727,'LOG_FORUM_EDIT','a:1:{i:0;s:9:\"Instagram\";}'),(65,0,58,0,0,0,0,'94.232.216.242',1649242005,'LOG_FORUM_ADD','a:1:{i:0;s:10:\"Strona www\";}'),(66,0,58,0,0,0,0,'94.232.216.242',1649242005,'LOG_FORUM_COPIED_PERMISSIONS','a:2:{i:0;s:16:\"Dzia Marketing\";i:1;s:10:\"Strona www\";}'),(67,0,58,0,0,0,0,'94.232.216.242',1649242063,'LOG_FORUM_ADD','a:1:{i:0;s:7:\"Tre\";}'),(68,0,58,0,0,0,0,'94.232.216.242',1649242063,'LOG_FORUM_COPIED_PERMISSIONS','a:2:{i:0;s:10:\"Strona www\";i:1;s:7:\"Tre\";}'),(69,0,58,0,0,0,0,'94.232.216.242',1649242109,'LOG_FORUM_ADD','a:1:{i:0;s:17:\"Sprawy techniczne\";}'),(70,0,58,0,0,0,0,'94.232.216.242',1649242109,'LOG_FORUM_COPIED_PERMISSIONS','a:2:{i:0;s:10:\"Strona www\";i:1;s:17:\"Sprawy techniczne\";}'),(71,0,58,0,0,0,0,'94.232.216.242',1649242136,'LOG_FORUM_ADD','a:1:{i:0;s:18:\"Pozycjonowanie SEO\";}'),(72,0,58,0,0,0,0,'94.232.216.242',1649242136,'LOG_FORUM_COPIED_PERMISSIONS','a:2:{i:0;s:10:\"Strona www\";i:1;s:18:\"Pozycjonowanie SEO\";}'),(73,0,58,0,0,0,0,'94.232.216.242',1649242216,'LOG_FORUM_ADD','a:1:{i:0;s:10:\"Newsletter\";}'),(74,0,58,0,0,0,0,'94.232.216.242',1649242216,'LOG_FORUM_COPIED_PERMISSIONS','a:2:{i:0;s:16:\"Dzia Marketing\";i:1;s:10:\"Newsletter\";}'),(75,0,58,0,0,0,0,'94.232.216.242',1649242239,'LOG_FORUM_EDIT','a:1:{i:0;s:10:\"Newsletter\";}'),(76,0,58,0,0,0,0,'94.232.216.242',1649242282,'LOG_FORUM_EDIT','a:1:{i:0;s:10:\"Newsletter\";}'),(77,0,58,0,0,0,0,'94.232.216.242',1649242336,'LOG_FORUM_ADD','a:1:{i:0;s:19:\"Business Update REC\";}'),(78,0,58,0,0,0,0,'94.232.216.242',1649242336,'LOG_FORUM_COPIED_PERMISSIONS','a:2:{i:0;s:10:\"Newsletter\";i:1;s:19:\"Business Update REC\";}'),(79,0,58,0,0,0,0,'94.232.216.242',1649242362,'LOG_FORUM_DEL_POSTS','a:1:{i:0;s:19:\"Business Update REC\";}'),(80,0,58,0,0,0,0,'94.232.216.242',1649242642,'LOG_FORUM_ADD','a:1:{i:0;s:19:\"REC Business Update\";}'),(81,0,58,0,0,0,0,'94.232.216.242',1649242642,'LOG_FORUM_COPIED_PERMISSIONS','a:2:{i:0;s:10:\"Newsletter\";i:1;s:19:\"REC Business Update\";}'),(82,0,58,0,0,0,0,'94.232.216.242',1649242661,'LOG_FORUM_ADD','a:1:{i:0;s:19:\"MIL Business Update\";}'),(83,0,58,0,0,0,0,'94.232.216.242',1649242661,'LOG_FORUM_COPIED_PERMISSIONS','a:2:{i:0;s:10:\"Newsletter\";i:1;s:19:\"MIL Business Update\";}'),(84,0,58,0,0,0,0,'94.232.216.242',1649242863,'LOG_FORUM_ADD','a:1:{i:0;s:19:\"Seacraft Newsletter\";}'),(85,0,58,0,0,0,0,'94.232.216.242',1649242863,'LOG_FORUM_COPIED_PERMISSIONS','a:2:{i:0;s:10:\"Newsletter\";i:1;s:19:\"Seacraft Newsletter\";}'),(86,0,58,0,0,0,0,'94.232.216.242',1649242955,'LOG_FORUM_ADD','a:1:{i:0;s:23:\"Materiay marketingowe\";}'),(87,0,58,0,0,0,0,'94.232.216.242',1649242955,'LOG_FORUM_COPIED_PERMISSIONS','a:2:{i:0;s:16:\"Dzia Marketing\";i:1;s:23:\"Materiay marketingowe\";}'),(88,0,58,0,0,0,0,'94.232.216.242',1649243232,'LOG_FORUM_ADD','a:1:{i:0;s:8:\"Katalogi\";}'),(89,0,58,0,0,0,0,'94.232.216.242',1649243232,'LOG_FORUM_COPIED_PERMISSIONS','a:2:{i:0;s:23:\"Materiay marketingowe\";i:1;s:8:\"Katalogi\";}'),(90,0,58,0,0,0,0,'94.232.216.242',1649243259,'LOG_FORUM_ADD','a:1:{i:0;s:14:\"Ulotki/Foldery\";}'),(91,0,58,0,0,0,0,'94.232.216.242',1649243259,'LOG_FORUM_COPIED_PERMISSIONS','a:2:{i:0;s:23:\"Materiay marketingowe\";i:1;s:14:\"Ulotki/Foldery\";}'),(92,0,58,0,0,0,0,'94.232.216.242',1649243295,'LOG_FORUM_ADD','a:1:{i:0;s:16:\"Filmy promujce\";}'),(93,0,58,0,0,0,0,'94.232.216.242',1649243295,'LOG_FORUM_COPIED_PERMISSIONS','a:2:{i:0;s:23:\"Materiay marketingowe\";i:1;s:16:\"Filmy promujce\";}'),(94,0,58,0,0,0,0,'94.232.216.242',1649243322,'LOG_FORUM_ADD','a:1:{i:0;s:4:\"Inne\";}'),(95,0,58,0,0,0,0,'94.232.216.242',1649243322,'LOG_FORUM_COPIED_PERMISSIONS','a:2:{i:0;s:23:\"Materiay marketingowe\";i:1;s:4:\"Inne\";}'),(96,0,58,0,0,0,0,'94.232.216.242',1649243677,'LOG_FORUM_ADD','a:1:{i:0;s:5:\"Targi\";}'),(97,0,58,0,0,0,0,'94.232.216.242',1649243677,'LOG_FORUM_COPIED_PERMISSIONS','a:2:{i:0;s:16:\"Dzia Marketing\";i:1;s:5:\"Targi\";}'),(98,0,58,0,0,0,0,'94.232.216.242',1649243700,'LOG_FORUM_ADD','a:1:{i:0;s:7:\"Firmowe\";}'),(99,0,58,0,0,0,0,'94.232.216.242',1649243700,'LOG_FORUM_COPIED_PERMISSIONS','a:2:{i:0;s:5:\"Targi\";i:1;s:7:\"Firmowe\";}'),(100,0,58,0,0,0,0,'94.232.216.242',1649243824,'LOG_FORUM_EDIT','a:1:{i:0;s:11:\"Firmowe REC\";}'),(101,0,58,0,0,0,0,'94.232.216.242',1649243890,'LOG_FORUM_ADD','a:1:{i:0;s:11:\"Firmowe MIL\";}'),(102,0,58,0,0,0,0,'94.232.216.242',1649243890,'LOG_FORUM_COPIED_PERMISSIONS','a:2:{i:0;s:5:\"Targi\";i:1;s:11:\"Firmowe MIL\";}'),(103,0,58,0,0,0,0,'94.232.216.242',1649244056,'LOG_FORUM_ADD','a:1:{i:0;s:16:\"Firmowe Demo REC\";}'),(104,0,58,0,0,0,0,'94.232.216.242',1649244056,'LOG_FORUM_COPIED_PERMISSIONS','a:2:{i:0;s:5:\"Targi\";i:1;s:16:\"Firmowe Demo REC\";}'),(105,0,58,0,0,0,0,'94.232.216.242',1649244077,'LOG_FORUM_ADD','a:1:{i:0;s:16:\"Firmowe Demo MIL\";}'),(106,0,58,0,0,0,0,'94.232.216.242',1649244077,'LOG_FORUM_COPIED_PERMISSIONS','a:2:{i:0;s:5:\"Targi\";i:1;s:16:\"Firmowe Demo MIL\";}'),(107,0,58,0,0,0,0,'94.232.216.242',1649244227,'LOG_FORUM_EDIT','a:1:{i:0;s:7:\"Firmowe\";}'),(108,0,58,0,0,0,0,'94.232.216.242',1649244235,'LOG_FORUM_DEL_POSTS','a:1:{i:0;s:11:\"Firmowe MIL\";}'),(109,0,58,0,0,0,0,'94.232.216.242',1649244270,'LOG_FORUM_EDIT','a:1:{i:0;s:8:\"Demo dni\";}'),(110,0,58,0,0,0,0,'94.232.216.242',1649244320,'LOG_FORUM_EDIT','a:1:{i:0;s:16:\"Firmowe Demo Dni\";}'),(111,0,58,0,0,0,0,'94.232.216.242',1649244340,'LOG_FORUM_EDIT','a:1:{i:0;s:13:\"Firmowe targi\";}'),(112,0,58,0,0,0,0,'94.232.216.242',1649244380,'LOG_FORUM_EDIT','a:1:{i:0;s:13:\"Dystrybutorzy\";}'),(113,0,58,0,0,0,0,'94.232.216.242',1649244433,'LOG_FORUM_ADD','a:1:{i:0;s:13:\"Nowe produkty\";}'),(114,0,58,0,0,0,0,'94.232.216.242',1649244433,'LOG_FORUM_COPIED_PERMISSIONS','a:2:{i:0;s:16:\"Dzia Marketing\";i:1;s:13:\"Nowe produkty\";}'),(115,0,58,0,0,0,0,'94.232.216.242',1649244461,'LOG_FORUM_ADD','a:1:{i:0;s:3:\"GO!\";}'),(116,0,58,0,0,0,0,'94.232.216.242',1649244461,'LOG_FORUM_COPIED_PERMISSIONS','a:2:{i:0;s:13:\"Nowe produkty\";i:1;s:3:\"GO!\";}'),(117,0,58,0,0,0,0,'94.232.216.242',1649244494,'LOG_FORUM_ADD','a:1:{i:0;s:8:\"Zasobnik\";}'),(118,0,58,0,0,0,0,'94.232.216.242',1649244494,'LOG_FORUM_COPIED_PERMISSIONS','a:2:{i:0;s:13:\"Nowe produkty\";i:1;s:8:\"Zasobnik\";}'),(119,0,58,0,0,0,0,'94.232.216.242',1649244517,'LOG_FORUM_ADD','a:1:{i:0;s:10:\"Stroboskop\";}'),(120,0,58,0,0,0,0,'94.232.216.242',1649244517,'LOG_FORUM_COPIED_PERMISSIONS','a:2:{i:0;s:13:\"Nowe produkty\";i:1;s:10:\"Stroboskop\";}'),(121,0,58,0,0,0,0,'94.232.216.242',1649244561,'LOG_FORUM_ADD','a:1:{i:0;s:12:\"Nowe kanay\";}'),(122,0,58,0,0,0,0,'94.232.216.242',1649244561,'LOG_FORUM_COPIED_PERMISSIONS','a:2:{i:0;s:12:\"Social media\";i:1;s:12:\"Nowe kanay\";}'),(123,0,58,0,0,0,0,'94.232.216.242',1649244612,'LOG_FORUM_ADD','a:1:{i:0;s:19:\"Support i szkolenia\";}'),(124,0,58,0,0,0,0,'94.232.216.242',1649244612,'LOG_FORUM_COPIED_PERMISSIONS','a:2:{i:0;s:16:\"Dzia Marketing\";i:1;s:19:\"Support i szkolenia\";}'),(125,0,58,0,0,0,0,'94.232.216.242',1649244681,'LOG_FORUM_EDIT','a:1:{i:0;s:19:\"Support i szkolenia\";}'),(126,0,58,0,0,0,0,'94.232.216.242',1649244703,'LOG_FORUM_EDIT','a:1:{i:0;s:19:\"Support i szkolenia\";}'),(127,0,58,0,0,0,0,'94.232.216.242',1649244745,'LOG_FORUM_EDIT','a:1:{i:0;s:14:\"Targi i eventy\";}'),(128,0,58,0,0,0,0,'94.232.216.242',1649244781,'LOG_FORUM_ADD','a:1:{i:0;s:14:\"Portal Support\";}'),(129,0,58,0,0,0,0,'94.232.216.242',1649244781,'LOG_FORUM_COPIED_PERMISSIONS','a:2:{i:0;s:19:\"Support i szkolenia\";i:1;s:14:\"Portal Support\";}'),(130,0,58,0,0,0,0,'94.232.216.242',1649244819,'LOG_FORUM_ADD','a:1:{i:0;s:23:\"Szkolenia kontrahentw\";}'),(131,0,58,0,0,0,0,'94.232.216.242',1649244819,'LOG_FORUM_COPIED_PERMISSIONS','a:2:{i:0;s:19:\"Support i szkolenia\";i:1;s:23:\"Szkolenia kontrahentw\";}'),(132,0,58,0,0,0,0,'94.232.216.242',1649245161,'LOG_FORUM_ADD','a:1:{i:0;s:13:\"Dystrybutorzy\";}'),(133,0,58,0,0,0,0,'94.232.216.242',1649245161,'LOG_FORUM_COPIED_PERMISSIONS','a:2:{i:0;s:16:\"Dzia Marketing\";i:1;s:13:\"Dystrybutorzy\";}'),(134,0,58,0,0,0,0,'94.232.216.242',1649245184,'LOG_FORUM_EDIT','a:1:{i:0;s:13:\"Dystrybutorzy\";}'),(135,0,58,0,0,0,0,'94.232.216.242',1649246861,'LOG_FORUM_ADD','a:1:{i:0;s:3:\"REC\";}'),(136,0,58,0,0,0,0,'94.232.216.242',1649246861,'LOG_FORUM_COPIED_PERMISSIONS','a:2:{i:0;s:13:\"Dystrybutorzy\";i:1;s:3:\"REC\";}'),(137,0,58,0,0,0,0,'94.232.216.242',1649246907,'LOG_FORUM_ADD','a:1:{i:0;s:3:\"MIL\";}'),(138,0,58,0,0,0,0,'94.232.216.242',1649246907,'LOG_FORUM_COPIED_PERMISSIONS','a:2:{i:0;s:13:\"Dystrybutorzy\";i:1;s:3:\"MIL\";}'),(139,0,58,0,0,0,0,'94.232.216.242',1649246926,'LOG_FORUM_MOVE_UP','a:2:{i:0;s:13:\"Dystrybutorzy\";i:1;s:19:\"Support i szkolenia\";}'),(140,0,58,0,0,0,0,'94.232.216.242',1649246928,'LOG_FORUM_MOVE_UP','a:2:{i:0;s:13:\"Dystrybutorzy\";i:1;s:13:\"Nowe produkty\";}'),(141,0,58,0,0,0,0,'94.232.216.242',1649247175,'LOG_FORUM_ADD','a:1:{i:0;s:7:\"Cenniki\";}'),(142,0,58,0,0,0,0,'94.232.216.242',1649247175,'LOG_FORUM_COPIED_PERMISSIONS','a:2:{i:0;s:16:\"Dzia Marketing\";i:1;s:7:\"Cenniki\";}'),(143,0,58,0,0,0,0,'94.232.216.242',1649247221,'LOG_FORUM_ADD','a:1:{i:0;s:3:\"REC\";}'),(144,0,58,0,0,0,0,'94.232.216.242',1649247221,'LOG_FORUM_COPIED_PERMISSIONS','a:2:{i:0;s:7:\"Cenniki\";i:1;s:3:\"REC\";}'),(145,0,58,0,0,0,0,'94.232.216.242',1649247241,'LOG_FORUM_ADD','a:1:{i:0;s:3:\"MIL\";}'),(146,0,58,0,0,0,0,'94.232.216.242',1649247241,'LOG_FORUM_COPIED_PERMISSIONS','a:2:{i:0;s:7:\"Cenniki\";i:1;s:3:\"MIL\";}'),(147,0,58,0,0,0,0,'94.232.216.242',1649247248,'LOG_FORUM_MOVE_UP','a:2:{i:0;s:7:\"Cenniki\";i:1;s:19:\"Support i szkolenia\";}'),(148,0,58,0,0,0,0,'94.232.216.242',1649247252,'LOG_FORUM_MOVE_UP','a:2:{i:0;s:7:\"Cenniki\";i:1;s:13:\"Nowe produkty\";}'),(149,0,58,0,0,0,0,'94.232.216.242',1649248199,'LOG_USER_DELETED','a:1:{i:0;s:5:\"bebra\";}'),(150,0,58,0,0,0,0,'94.232.216.242',1649248412,'LOG_ACL_ADD_GROUP_LOCAL_F_','a:2:{i:0;s:56:\"Firmowe Demo Dni, Dystrybutorzy, Dystrybutorzy, REC, MIL\";i:1;s:31:\"<span class=\"sep\">Guests</span>\";}'),(151,0,58,0,0,0,0,'94.232.216.242',1649248412,'LOG_ACL_ADD_GROUP_LOCAL_F_','a:2:{i:0;s:65:\"Dzia Marketing, Facebook, Instagram, Social media, Nowe kanay\";i:1;s:31:\"<span class=\"sep\">Guests</span>\";}'),(152,0,58,0,0,0,0,'94.232.216.242',1649248412,'LOG_ACL_ADD_GROUP_LOCAL_F_','a:2:{i:0;s:69:\"Ulotki/Foldery, Filmy promujce, Inne, Targi i eventy, Firmowe targi\";i:1;s:31:\"<span class=\"sep\">Guests</span>\";}'),(153,0,58,0,0,0,0,'94.232.216.242',1649248412,'LOG_ACL_ADD_GROUP_LOCAL_F_','a:2:{i:0;s:37:\"Nowe produkty, GO!, Cenniki, REC, MIL\";i:1;s:31:\"<span class=\"sep\">Guests</span>\";}'),(154,0,58,0,0,0,0,'94.232.216.242',1649248412,'LOG_ACL_ADD_GROUP_LOCAL_F_','a:2:{i:0;s:96:\"REC Business Update, MIL Business Update, Seacraft Newsletter, Materiay marketingowe, Katalogi\";i:1;s:31:\"<span class=\"sep\">Guests</span>\";}'),(155,0,58,0,0,0,0,'94.232.216.242',1649248412,'LOG_ACL_ADD_GROUP_LOCAL_F_','a:2:{i:0;s:70:\"Strona www, Tre, Sprawy techniczne, Pozycjonowanie SEO, Newsletter\";i:1;s:31:\"<span class=\"sep\">Guests</span>\";}'),(156,0,58,0,0,0,0,'94.232.216.242',1649248412,'LOG_ACL_ADD_GROUP_LOCAL_F_','a:2:{i:0;s:82:\"Zasobnik, Stroboskop, Support i szkolenia, Portal Support, Szkolenia kontrahentw\";i:1;s:31:\"<span class=\"sep\">Guests</span>\";}'),(157,0,58,0,0,0,0,'94.232.216.242',1649250685,'LOG_FORUM_ADD','a:1:{i:0;s:12:\"Sprawy forum\";}'),(158,0,58,0,0,0,0,'94.232.216.242',1649250685,'LOG_FORUM_COPIED_PERMISSIONS','a:2:{i:0;s:16:\"Dzia Marketing\";i:1;s:12:\"Sprawy forum\";}'),(159,0,58,0,0,0,0,'94.232.216.242',1649251138,'LOG_FORUM_ADD','a:1:{i:0;s:18:\"Inne wane tematy\";}'),(160,0,58,0,0,0,0,'94.232.216.242',1649251138,'LOG_FORUM_COPIED_PERMISSIONS','a:2:{i:0;s:16:\"Dzia Marketing\";i:1;s:18:\"Inne wane tematy\";}'),(161,0,58,0,0,0,0,'94.232.216.242',1649251153,'LOG_FORUM_MOVE_UP','a:2:{i:0;s:18:\"Inne wane tematy\";i:1;s:12:\"Sprawy forum\";}'),(162,0,58,0,0,0,0,'192.162.175.145',1649266735,'LOG_ADMIN_AUTH_SUCCESS',''),(163,0,58,0,0,0,0,'192.162.175.145',1649266773,'LOG_CONFIG_AVATAR',''),(164,0,58,0,0,0,0,'192.162.175.145',1649267305,'LOG_CONFIG_AVATAR',''),(165,1,58,26,10,0,0,'192.162.175.145',1649267651,'LOG_SOFTDELETE_TOPIC','a:3:{i:0;s:38:\"Zasady prezentacji produktu na targach\";i:1;s:14:\"Damian Jakubik\";i:2;s:0:\"\";}'),(166,1,58,26,10,10,0,'192.162.175.145',1649267666,'LOG_DELETE_POST','a:3:{i:0;s:38:\"Zasady prezentacji produktu na targach\";i:1;s:14:\"Damian Jakubik\";i:2;s:0:\"\";}'),(167,1,58,9,15,0,0,'192.162.175.145',1649268031,'LOG_DELETE_TOPIC','a:3:{i:0;s:22:\"Aktualizacja wydarze\";i:1;s:14:\"Damian Jakubik\";i:2;s:0:\"\";}'),(168,0,58,0,0,0,0,'192.162.175.145',1649268814,'LOG_AUTO_PRUNE','a:1:{i:0;s:19:\"Seacraft Newsletter\";}'),(169,0,58,0,0,0,0,'192.162.175.145',1649269566,'LOG_FORUM_ADD','a:1:{i:0;s:18:\"Wydarzenia nurkowe\";}'),(170,0,58,0,0,0,0,'192.162.175.145',1649269566,'LOG_FORUM_COPIED_PERMISSIONS','a:2:{i:0;s:14:\"Targi i eventy\";i:1;s:18:\"Wydarzenia nurkowe\";}'),(171,0,58,0,0,0,0,'192.162.175.145',1649270596,'LOG_CONFIG_ATTACH',''),(172,0,58,0,0,0,0,'192.162.175.145',1649273902,'LOG_FORUM_EDIT','a:1:{i:0;s:33:\"Oglnie o wydarzeniach nurkowych\";}'),(173,2,60,0,0,0,0,'94.232.216.242',1649313278,'LOG_ERROR_EMAIL','a:1:{i:0;s:181:\"<strong>EMAIL/PHP/mail()</strong><br /><em>/ucp.php</em><br /><br />Errno 2: mail() has been disabled for security reasons at [ROOT]/includes/functions_messenger.php line 1979<br />\";}'),(174,0,58,0,0,0,0,'94.232.216.242',1649313387,'LOG_ADMIN_AUTH_SUCCESS',''),(175,0,58,0,0,0,0,'94.232.216.242',1649313410,'LOG_USERS_ADDED','a:2:{i:0;s:9:\"Marketing\";i:1;s:16:\"Paulina lzak\";}'),(176,2,61,0,0,0,0,'94.232.216.242',1649314097,'LOG_ERROR_EMAIL','a:1:{i:0;s:181:\"<strong>EMAIL/PHP/mail()</strong><br /><em>/ucp.php</em><br /><br />Errno 2: mail() has been disabled for security reasons at [ROOT]/includes/functions_messenger.php line 1979<br />\";}'),(177,0,58,0,0,0,0,'94.232.216.242',1649314192,'LOG_USERS_ADDED','a:2:{i:0;s:9:\"Marketing\";i:1;s:13:\"Beata Sotys\";}'),(178,2,63,0,0,0,0,'85.221.240.2',1649314907,'LOG_ERROR_EMAIL','a:1:{i:0;s:181:\"<strong>EMAIL/PHP/mail()</strong><br /><em>/ucp.php</em><br /><br />Errno 2: mail() has been disabled for security reasons at [ROOT]/includes/functions_messenger.php line 1979<br />\";}'),(179,2,1,0,0,0,0,'85.221.240.2',1649315026,'LOG_ERROR_EMAIL','a:1:{i:0;s:181:\"<strong>EMAIL/PHP/mail()</strong><br /><em>/app.php</em><br /><br />Errno 2: mail() has been disabled for security reasons at [ROOT]/includes/functions_messenger.php line 1979<br />\";}'),(180,0,58,0,0,0,0,'94.232.216.242',1649315266,'LOG_USERS_ADDED','a:2:{i:0;s:9:\"Marketing\";i:1;s:15:\"Witold Hoffmann\";}'),(181,0,58,0,0,0,0,'94.232.216.242',1649316263,'LOG_ACL_DEL_FORUM_LOCAL_F_','a:2:{i:0;s:556:\"Dzia Marketing, Facebook, Instagram, Social media, Strona www, Tre, Sprawy techniczne, Pozycjonowanie SEO, Newsletter, REC Business Update, MIL Business Update, Seacraft Newsletter, Materiay marketingowe, Katalogi, Ulotki/Foldery, Filmy promujce, Inne, Targi i eventy, Firmowe targi, Firmowe Demo Dni, Dystrybutorzy, Nowe produkty, GO!, Zasobnik, Stroboskop, Nowe kanay, Support i szkolenia, Portal Support, Szkolenia kontrahentw, Dystrybutorzy, REC, MIL, Cenniki, REC, MIL, Sprawy forum, Inne wane tematy, Oglnie o wydarzeniach nurkowych\";i:1;s:29:\"<span class=\"sep\">Bots</span>\";}'),(182,0,58,0,0,0,0,'94.232.216.242',1649316269,'LOG_ACL_DEL_FORUM_LOCAL_F_','a:2:{i:0;s:556:\"Dzia Marketing, Facebook, Instagram, Social media, Strona www, Tre, Sprawy techniczne, Pozycjonowanie SEO, Newsletter, REC Business Update, MIL Business Update, Seacraft Newsletter, Materiay marketingowe, Katalogi, Ulotki/Foldery, Filmy promujce, Inne, Targi i eventy, Firmowe targi, Firmowe Demo Dni, Dystrybutorzy, Nowe produkty, GO!, Zasobnik, Stroboskop, Nowe kanay, Support i szkolenia, Portal Support, Szkolenia kontrahentw, Dystrybutorzy, REC, MIL, Cenniki, REC, MIL, Sprawy forum, Inne wane tematy, Oglnie o wydarzeniach nurkowych\";i:1;s:31:\"<span class=\"sep\">Guests</span>\";}'),(183,0,58,0,0,0,0,'94.232.216.242',1649316278,'LOG_ACL_DEL_FORUM_LOCAL_F_','a:2:{i:0;s:556:\"Dzia Marketing, Facebook, Instagram, Social media, Strona www, Tre, Sprawy techniczne, Pozycjonowanie SEO, Newsletter, REC Business Update, MIL Business Update, Seacraft Newsletter, Materiay marketingowe, Katalogi, Ulotki/Foldery, Filmy promujce, Inne, Targi i eventy, Firmowe targi, Firmowe Demo Dni, Dystrybutorzy, Nowe produkty, GO!, Zasobnik, Stroboskop, Nowe kanay, Support i szkolenia, Portal Support, Szkolenia kontrahentw, Dystrybutorzy, REC, MIL, Cenniki, REC, MIL, Sprawy forum, Inne wane tematy, Oglnie o wydarzeniach nurkowych\";i:1;s:41:\"<span class=\"sep\">Registered users</span>\";}'),(184,0,58,0,0,0,0,'94.232.216.242',1649316287,'LOG_ACL_DEL_FORUM_LOCAL_F_','a:2:{i:0;s:556:\"Dzia Marketing, Facebook, Instagram, Social media, Strona www, Tre, Sprawy techniczne, Pozycjonowanie SEO, Newsletter, REC Business Update, MIL Business Update, Seacraft Newsletter, Materiay marketingowe, Katalogi, Ulotki/Foldery, Filmy promujce, Inne, Targi i eventy, Firmowe targi, Firmowe Demo Dni, Dystrybutorzy, Nowe produkty, GO!, Zasobnik, Stroboskop, Nowe kanay, Support i szkolenia, Portal Support, Szkolenia kontrahentw, Dystrybutorzy, REC, MIL, Cenniki, REC, MIL, Sprawy forum, Inne wane tematy, Oglnie o wydarzeniach nurkowych\";i:1;s:47:\"<span class=\"sep\">Registered COPPA users</span>\";}'),(185,0,58,0,0,0,0,'94.232.216.242',1649316740,'LOG_ACL_TRANSFER_PERMISSIONS','a:1:{i:0;s:15:\"Witold Hoffmann\";}'),(186,0,2,0,0,0,0,'94.232.216.242',1649317539,'LOG_ADMIN_AUTH_SUCCESS',''),(187,0,2,0,0,0,0,'94.232.216.242',1649317575,'LOG_ACL_ADD_USER_GLOBAL_U_','a:1:{i:0;s:14:\"Damian Jakubik\";}'),(188,0,58,0,0,0,0,'94.232.216.242',1649317600,'LOG_ADMIN_AUTH_SUCCESS',''),(189,0,58,0,0,0,0,'94.232.216.242',1649317627,'LOG_ACL_TRANSFER_PERMISSIONS','a:1:{i:0;s:15:\"Witold Hoffmann\";}'),(190,0,58,0,0,0,0,'94.232.216.242',1649317678,'LOG_ACL_RESTORE_PERMISSIONS','a:1:{i:0;s:15:\"Witold Hoffmann\";}'),(191,3,58,0,0,0,63,'94.232.216.242',1649318842,'LOG_USER_NEW_PASSWORD','a:1:{i:0;s:15:\"Witold Hoffmann\";}'),(192,0,58,0,0,0,0,'94.232.216.242',1649318842,'LOG_USER_USER_UPDATE','a:1:{i:0;s:15:\"Witold Hoffmann\";}'),(193,2,58,0,0,0,0,'94.232.216.242',1649319847,'LOG_ERROR_EMAIL','a:1:{i:0;s:181:\"<strong>EMAIL/PHP/mail()</strong><br /><em>/app.php</em><br /><br />Errno 2: mail() has been disabled for security reasons at [ROOT]/includes/functions_messenger.php line 1979<br />\";}'),(194,2,61,0,0,0,0,'94.232.216.242',1649331802,'LOG_ERROR_EMAIL','a:1:{i:0;s:181:\"<strong>EMAIL/PHP/mail()</strong><br /><em>/app.php</em><br /><br />Errno 2: mail() has been disabled for security reasons at [ROOT]/includes/functions_messenger.php line 1979<br />\";}'),(195,0,2,0,0,0,0,'5.181.233.54',1649404461,'LOG_ADMIN_AUTH_SUCCESS',''),(196,0,2,0,0,0,0,'37.212.19.128',1649404961,'LOG_ADMIN_AUTH_SUCCESS',''),(197,2,2,0,0,0,0,'37.212.19.128',1649407310,'LOG_ERROR_EMAIL','a:1:{i:0;s:181:\"<strong>EMAIL/PHP/mail()</strong><br /><em>/app.php</em><br /><br />Errno 2: mail() has been disabled for security reasons at [ROOT]/includes/functions_messenger.php line 1979<br />\";}'),(198,0,58,0,0,0,0,'94.232.216.242',1649407823,'LOG_ADMIN_AUTH_SUCCESS',''),(199,0,58,0,0,0,0,'94.232.216.242',1649407901,'LOG_FORUM_ADD','a:1:{i:0;s:9:\"Kartownik\";}'),(200,0,58,0,0,0,0,'94.232.216.242',1649407901,'LOG_FORUM_COPIED_PERMISSIONS','a:2:{i:0;s:13:\"Nowe produkty\";i:1;s:9:\"Kartownik\";}'),(201,0,58,0,0,0,0,'94.232.216.242',1649408600,'LOG_CONFIG_SETTINGS',''),(202,0,58,0,0,0,0,'94.232.216.242',1649658571,'LOG_AUTO_PRUNE','a:1:{i:0;s:19:\"Seacraft Newsletter\";}'),(203,2,61,0,0,0,0,'91.196.8.186',1649668357,'LOG_ERROR_EMAIL','a:1:{i:0;s:181:\"<strong>EMAIL/PHP/mail()</strong><br /><em>/app.php</em><br /><br />Errno 2: mail() has been disabled for security reasons at [ROOT]/includes/functions_messenger.php line 1979<br />\";}'),(204,2,64,0,0,0,0,'82.207.248.89',1649683617,'LOG_ERROR_EMAIL','a:1:{i:0;s:181:\"<strong>EMAIL/PHP/mail()</strong><br /><em>/ucp.php</em><br /><br />Errno 2: mail() has been disabled for security reasons at [ROOT]/includes/functions_messenger.php line 1979<br />\";}'),(205,0,58,0,0,0,0,'192.162.175.145',1649690534,'LOG_ADMIN_AUTH_SUCCESS',''),(206,0,58,0,0,0,0,'192.162.175.145',1649691426,'LOG_ACL_ADD_USER_LOCAL_F_','a:2:{i:0;s:14:\"Targi i eventy\";i:1;s:11:\"Frank Lemke\";}'),(207,0,58,0,0,0,0,'94.232.216.242',1649744817,'LOG_ADMIN_AUTH_SUCCESS',''),(208,0,58,0,0,0,0,'94.232.216.242',1649744846,'LOG_FORUM_ADD','a:1:{i:0;s:17:\"Uchwyt na kamer\";}'),(209,0,58,0,0,0,0,'94.232.216.242',1649744846,'LOG_FORUM_COPIED_PERMISSIONS','a:2:{i:0;s:13:\"Nowe produkty\";i:1;s:17:\"Uchwyt na kamer\";}'),(210,0,58,0,0,0,0,'94.232.216.242',1649748962,'LOG_CONFIG_EMAIL',''),(211,2,58,0,0,0,0,'94.232.216.242',1649748967,'LOG_ERROR_EMAIL','a:1:{i:0;s:187:\"<strong>EMAIL/PHP/mail()</strong><br /><em>/adm/index.php</em><br /><br />Errno 2: mail() has been disabled for security reasons at [ROOT]/includes/functions_messenger.php line 1979<br />\";}'),(212,0,58,0,0,0,0,'94.232.216.242',1649749116,'LOG_FORUM_ADD','a:1:{i:0;s:26:\"Obcienie elektroniczne\";}'),(213,0,58,0,0,0,0,'94.232.216.242',1649749116,'LOG_FORUM_COPIED_PERMISSIONS','a:2:{i:0;s:13:\"Nowe produkty\";i:1;s:26:\"Obcienie elektroniczne\";}'),(214,0,58,0,0,0,0,'94.232.216.242',1649749360,'LOG_CONFIG_EMAIL',''),(215,2,58,0,0,0,0,'94.232.216.242',1649749363,'LOG_ERROR_EMAIL','a:1:{i:0;s:187:\"<strong>EMAIL/PHP/mail()</strong><br /><em>/adm/index.php</em><br /><br />Errno 2: mail() has been disabled for security reasons at [ROOT]/includes/functions_messenger.php line 1979<br />\";}'),(216,0,58,0,0,0,0,'94.232.216.242',1649751959,'LOG_AUTO_PRUNE','a:1:{i:0;s:19:\"Seacraft Newsletter\";}'),(217,2,63,0,0,0,0,'85.221.240.2',1649755289,'LOG_ERROR_EMAIL','a:1:{i:0;s:181:\"<strong>EMAIL/PHP/mail()</strong><br /><em>/app.php</em><br /><br />Errno 2: mail() has been disabled for security reasons at [ROOT]/includes/functions_messenger.php line 1979<br />\";}'),(218,1,58,16,2,60,0,'94.232.216.242',1649755684,'LOG_DELETE_POST','a:3:{i:0;s:25:\"Re: Newsletter 20.04.2022\";i:1;s:14:\"Damian Jakubik\";i:2;s:0:\"\";}'),(219,2,58,0,0,0,0,'94.232.216.242',1649758275,'LOG_ERROR_EMAIL','a:1:{i:0;s:181:\"<strong>EMAIL/PHP/mail()</strong><br /><em>/app.php</em><br /><br />Errno 2: mail() has been disabled for security reasons at [ROOT]/includes/functions_messenger.php line 1979<br />\";}'),(220,2,58,0,0,0,0,'192.162.175.145',1649786431,'LOG_ERROR_EMAIL','a:1:{i:0;s:181:\"<strong>EMAIL/PHP/mail()</strong><br /><em>/app.php</em><br /><br />Errno 2: mail() has been disabled for security reasons at [ROOT]/includes/functions_messenger.php line 1979<br />\";}'),(221,2,61,0,0,0,0,'185.153.39.80',1649790617,'LOG_ERROR_EMAIL','a:1:{i:0;s:181:\"<strong>EMAIL/PHP/mail()</strong><br /><em>/app.php</em><br /><br />Errno 2: mail() has been disabled for security reasons at [ROOT]/includes/functions_messenger.php line 1979<br />\";}'),(222,2,1,0,0,0,0,'185.153.39.80',1649831494,'LOG_ERROR_EMAIL','a:1:{i:0;s:181:\"<strong>EMAIL/PHP/mail()</strong><br /><em>/app.php</em><br /><br />Errno 2: mail() has been disabled for security reasons at [ROOT]/includes/functions_messenger.php line 1979<br />\";}'),(223,0,58,0,0,0,0,'94.232.216.242',1649832037,'LOG_ADMIN_AUTH_SUCCESS',''),(224,3,58,0,0,0,61,'94.232.216.242',1649832156,'LOG_USER_NEW_PASSWORD','a:1:{i:0;s:13:\"Beata Sotys\";}'),(225,0,58,0,0,0,0,'94.232.216.242',1649832156,'LOG_USER_USER_UPDATE','a:1:{i:0;s:13:\"Beata Sotys\";}'),(226,3,61,0,0,0,61,'185.153.39.80',1649832559,'LOG_USER_NEW_PASSWORD','a:1:{i:0;s:13:\"Beata Sotys\";}'),(227,0,58,0,0,0,0,'94.232.216.242',1649843805,'LOG_CONFIG_EMAIL',''),(228,2,58,0,0,0,0,'94.232.216.242',1649843818,'LOG_ERROR_EMAIL','a:1:{i:0;s:547:\"<strong>EMAIL/SMTP</strong><br /><em>/adm/index.php</em><br /><br />Could not connect to smtp host : 0 : php_network_getaddresses: getaddrinfo failed: Name or service not known<br /><br />Errno 2: stream_socket_client(): php_network_getaddresses: getaddrinfo failed: Name or service not known at [ROOT]/includes/functions_messenger.php line 1187&lt;br /&gt;\nErrno 2: stream_socket_client(): unable to connect to :0 (php_network_getaddresses: getaddrinfo failed: Name or service not known) at [ROOT]/includes/functions_messenger.php line 1187<br />\";}'),(229,2,58,0,0,0,0,'94.232.216.242',1649843915,'LOG_ERROR_EMAIL','a:1:{i:0;s:547:\"<strong>EMAIL/SMTP</strong><br /><em>/adm/index.php</em><br /><br />Could not connect to smtp host : 0 : php_network_getaddresses: getaddrinfo failed: Name or service not known<br /><br />Errno 2: stream_socket_client(): php_network_getaddresses: getaddrinfo failed: Name or service not known at [ROOT]/includes/functions_messenger.php line 1187&lt;br /&gt;\nErrno 2: stream_socket_client(): unable to connect to :0 (php_network_getaddresses: getaddrinfo failed: Name or service not known) at [ROOT]/includes/functions_messenger.php line 1187<br />\";}'),(230,0,58,0,0,0,0,'94.232.216.242',1649843915,'LOG_MASS_EMAIL','a:1:{i:0;s:14:\"Administrators\";}'),(231,0,58,0,0,0,0,'94.232.216.242',1649844009,'LOG_CONFIG_EMAIL',''),(232,2,58,0,0,0,0,'94.232.216.242',1649844025,'LOG_ERROR_EMAIL','a:1:{i:0;s:187:\"<strong>EMAIL/PHP/mail()</strong><br /><em>/adm/index.php</em><br /><br />Errno 2: mail() has been disabled for security reasons at [ROOT]/includes/functions_messenger.php line 1979<br />\";}'),(233,0,58,0,0,0,0,'94.232.216.242',1649844025,'LOG_MASS_EMAIL','a:1:{i:0;s:14:\"Administrators\";}'),(234,0,58,0,0,0,0,'94.232.216.242',1649844179,'LOG_CONFIG_EMAIL',''),(235,0,58,0,0,0,0,'94.232.216.242',1649844227,'LOG_MASS_EMAIL','a:1:{i:0;s:14:\"Administrators\";}'),(236,0,58,0,0,0,0,'94.232.216.242',1649927860,'LOG_ADMIN_AUTH_SUCCESS',''),(237,0,58,0,0,0,0,'94.232.216.242',1649927930,'LOG_FORUM_EDIT','a:1:{i:0;s:13:\"Oglnie o SM\";}'),(238,0,58,0,0,0,0,'94.232.216.242',1649927988,'LOG_ADMIN_AUTH_SUCCESS',''),(239,0,58,0,0,0,0,'94.232.216.242',1649928794,'LOG_ADMIN_AUTH_SUCCESS',''),(240,0,58,0,0,0,0,'94.232.216.242',1649928891,'LOG_ACL_ADD_ADMIN_GLOBAL_A_','a:1:{i:0;s:14:\"Damian Jakubik\";}'),(241,0,58,0,0,0,0,'94.232.216.242',1650000060,'LOG_ADMIN_AUTH_SUCCESS',''),(242,0,58,0,0,0,0,'94.232.216.242',1650000192,'LOG_ACL_ADD_GROUP_LOCAL_F_','a:2:{i:0;s:69:\"Ulotki/Foldery, Filmy promujce, Inne, Targi i eventy, Firmowe targi\";i:1;s:39:\"<span class=\"sep\">Administrators</span>\";}'),(243,0,58,0,0,0,0,'94.232.216.242',1650000192,'LOG_ACL_ADD_GROUP_LOCAL_F_','a:2:{i:0;s:12:\"Sprawy forum\";i:1;s:39:\"<span class=\"sep\">Administrators</span>\";}'),(244,0,58,0,0,0,0,'94.232.216.242',1650000192,'LOG_ACL_ADD_GROUP_LOCAL_F_','a:2:{i:0;s:108:\"Support i szkolenia, Portal Support, Szkolenia kontrahentw, Inne wane tematy, Obcienie elektroniczne\";i:1;s:39:\"<span class=\"sep\">Administrators</span>\";}'),(245,0,58,0,0,0,0,'94.232.216.242',1650000192,'LOG_ACL_ADD_GROUP_LOCAL_F_','a:2:{i:0;s:55:\"GO!, Zasobnik, Stroboskop, Kartownik, Uchwyt na kamer\";i:1;s:39:\"<span class=\"sep\">Administrators</span>\";}'),(246,0,58,0,0,0,0,'94.232.216.242',1650000192,'LOG_ACL_ADD_GROUP_LOCAL_F_','a:2:{i:0;s:37:\"Nowe produkty, MIL, Cenniki, REC, MIL\";i:1;s:39:\"<span class=\"sep\">Administrators</span>\";}'),(247,0,58,0,0,0,0,'94.232.216.242',1650000192,'LOG_ACL_ADD_GROUP_LOCAL_F_','a:2:{i:0;s:96:\"REC Business Update, MIL Business Update, Seacraft Newsletter, Materiay marketingowe, Katalogi\";i:1;s:39:\"<span class=\"sep\">Administrators</span>\";}'),(248,0,58,0,0,0,0,'94.232.216.242',1650000192,'LOG_ACL_ADD_GROUP_LOCAL_F_','a:2:{i:0;s:66:\"Dzia Marketing, Facebook, Instagram, Social media, Oglnie o SM\";i:1;s:39:\"<span class=\"sep\">Administrators</span>\";}'),(249,0,58,0,0,0,0,'94.232.216.242',1650000192,'LOG_ACL_ADD_GROUP_LOCAL_F_','a:2:{i:0;s:86:\"Firmowe Demo Dni, Dystrybutorzy, Dystrybutorzy, REC, Oglnie o wydarzeniach nurkowych\";i:1;s:39:\"<span class=\"sep\">Administrators</span>\";}'),(250,0,58,0,0,0,0,'94.232.216.242',1650000192,'LOG_ACL_ADD_GROUP_LOCAL_F_','a:2:{i:0;s:70:\"Strona www, Tre, Sprawy techniczne, Pozycjonowanie SEO, Newsletter\";i:1;s:39:\"<span class=\"sep\">Administrators</span>\";}'),(251,1,2,31,12,0,0,'94.232.216.242',1650000523,'LOG_MOVE','a:4:{i:0;s:8:\"Facebook\";i:1;s:13:\"Oglnie o SM\";i:2;i:5;i:3;i:31;}'),(252,0,58,0,0,0,0,'94.232.216.242',1650002096,'LOG_ADMIN_AUTH_SUCCESS',''),(253,0,58,0,0,0,0,'94.232.216.242',1650002135,'LOG_FORUM_ADD','a:1:{i:0;s:11:\"Konkurencja\";}'),(254,0,58,0,0,0,0,'94.232.216.242',1650002135,'LOG_FORUM_COPIED_PERMISSIONS','a:2:{i:0;s:16:\"Dzia Marketing\";i:1;s:11:\"Konkurencja\";}'),(255,0,58,0,0,0,0,'94.232.216.242',1650002185,'LOG_FORUM_ADD','a:1:{i:0;s:5:\"Bonex\";}'),(256,0,58,0,0,0,0,'94.232.216.242',1650002185,'LOG_FORUM_COPIED_PERMISSIONS','a:2:{i:0;s:11:\"Konkurencja\";i:1;s:5:\"Bonex\";}'),(257,0,58,0,0,0,0,'94.232.216.242',1650002198,'LOG_FORUM_ADD','a:1:{i:0;s:4:\"Suex\";}'),(258,0,58,0,0,0,0,'94.232.216.242',1650002198,'LOG_FORUM_COPIED_PERMISSIONS','a:2:{i:0;s:11:\"Konkurencja\";i:1;s:4:\"Suex\";}'),(259,0,58,0,0,0,0,'94.232.216.242',1650002211,'LOG_FORUM_ADD','a:1:{i:0;s:4:\"Inne\";}'),(260,0,58,0,0,0,0,'94.232.216.242',1650002211,'LOG_FORUM_COPIED_PERMISSIONS','a:2:{i:0;s:11:\"Konkurencja\";i:1;s:4:\"Inne\";}'),(261,0,58,0,0,0,0,'94.232.216.242',1650002246,'LOG_FORUM_MOVE_UP','a:2:{i:0;s:11:\"Konkurencja\";i:1;s:12:\"Sprawy forum\";}'),(262,0,58,0,0,0,0,'94.232.216.242',1650002250,'LOG_FORUM_MOVE_UP','a:2:{i:0;s:12:\"Sprawy forum\";i:1;s:11:\"Konkurencja\";}'),(263,0,58,0,0,0,0,'94.232.216.242',1650002253,'LOG_FORUM_MOVE_UP','a:2:{i:0;s:11:\"Konkurencja\";i:1;s:12:\"Sprawy forum\";}'),(264,0,58,0,0,0,0,'94.232.216.242',1650002256,'LOG_FORUM_MOVE_UP','a:2:{i:0;s:11:\"Konkurencja\";i:1;s:18:\"Inne wane tematy\";}'),(265,0,2,0,0,0,0,'94.232.216.242',1650003375,'LOG_ADMIN_AUTH_SUCCESS',''),(266,0,2,0,0,0,0,'94.232.216.242',1650003412,'LOG_MASS_EMAIL','a:1:{i:0;s:14:\"Damian Jakubik\";}'),(267,0,58,0,0,0,0,'94.232.216.242',1650353909,'LOG_ADMIN_AUTH_SUCCESS',''),(268,0,58,0,0,0,0,'94.232.216.242',1650354170,'LOG_FORUM_ADD','a:1:{i:0;s:22:\"Platforma ENC3M gen.II\";}'),(269,0,58,0,0,0,0,'94.232.216.242',1650354170,'LOG_FORUM_COPIED_PERMISSIONS','a:2:{i:0;s:13:\"Nowe produkty\";i:1;s:22:\"Platforma ENC3M gen.II\";}'),(270,1,58,26,11,0,0,'94.232.216.242',1650358033,'LOG_DELETE_TOPIC','a:3:{i:0;s:38:\"Zasady prezentacji produktu na targach\";i:1;s:14:\"Damian Jakubik\";i:2;s:0:\"\";}'),(271,0,58,0,0,0,0,'94.232.216.242',1650358092,'LOG_FORUM_ADD','a:1:{i:0;s:13:\"Stojak do DPC\";}'),(272,0,58,0,0,0,0,'94.232.216.242',1650358092,'LOG_FORUM_COPIED_PERMISSIONS','a:2:{i:0;s:13:\"Nowe produkty\";i:1;s:13:\"Stojak do DPC\";}'),(273,0,58,0,0,0,0,'94.232.216.242',1650445130,'LOG_AUTO_PRUNE','a:1:{i:0;s:19:\"Seacraft Newsletter\";}'),(274,0,58,0,0,0,0,'94.232.216.242',1650445270,'LOG_ADMIN_AUTH_SUCCESS',''),(275,0,58,0,0,0,0,'94.232.216.242',1650446581,'LOG_ADMIN_AUTH_SUCCESS',''),(276,0,58,0,0,0,0,'94.232.216.242',1650447051,'LOG_FORUM_SYNC','a:1:{i:0;s:19:\"Seacraft Newsletter\";}'),(277,0,58,0,0,0,0,'94.232.216.242',1650447115,'LOG_FORUM_EDIT','a:1:{i:0;s:19:\"Seacraft Newsletter\";}'),(278,0,58,0,0,0,0,'94.232.216.242',1650447144,'LOG_FORUM_EDIT','a:1:{i:0;s:19:\"MIL Business Update\";}'),(279,0,58,0,0,0,0,'94.232.216.242',1650447197,'LOG_FORUM_EDIT','a:1:{i:0;s:12:\"Sprawy forum\";}'),(280,0,58,0,0,0,0,'94.232.216.242',1650617172,'LOG_ADMIN_AUTH_SUCCESS',''),(281,3,58,0,0,0,64,'94.232.216.242',1650617223,'LOG_USER_NEW_PASSWORD','a:1:{i:0;s:11:\"Frank Lemke\";}'),(282,0,58,0,0,0,0,'94.232.216.242',1650617223,'LOG_USER_USER_UPDATE','a:1:{i:0;s:11:\"Frank Lemke\";}'),(283,0,58,0,0,0,0,'94.232.216.242',1650618795,'LOG_USERS_ADDED','a:2:{i:0;s:9:\"Marketing\";i:1;s:11:\"Frank Lemke\";}'),(284,0,58,0,0,0,0,'94.232.216.242',1650618992,'LOG_USER_USER_UPDATE','a:1:{i:0;s:11:\"Frank Lemke\";}'),(285,0,58,0,0,0,0,'94.232.216.242',1650619061,'LOG_CONFIG_REGISTRATION',''),(286,0,58,0,0,0,0,'94.232.216.242',1651037007,'LOG_ADMIN_AUTH_SUCCESS',''),(287,0,58,0,0,0,0,'94.232.216.242',1651037054,'LOG_FORUM_EDIT','a:1:{i:0;s:13:\"Firmowe targi\";}'),(288,0,58,0,0,0,0,'94.232.216.242',1651037283,'LOG_FORUM_EDIT','a:1:{i:0;s:16:\"Firmowe Demo Dni\";}'),(289,0,58,0,0,0,0,'94.232.216.242',1651037334,'LOG_FORUM_EDIT','a:1:{i:0;s:19:\"Targi dystrybutorzy\";}'),(290,0,58,0,0,0,0,'94.232.216.242',1651037353,'LOG_FORUM_EDIT','a:1:{i:0;s:19:\"Targi dystrybutorzy\";}'),(291,0,58,0,0,0,0,'94.232.216.242',1651037367,'LOG_FORUM_EDIT','a:1:{i:0;s:33:\"Oglnie o wydarzeniach nurkowych\";}'),(292,0,58,0,0,0,0,'94.232.216.242',1651037379,'LOG_FORUM_MOVE_UP','a:2:{i:0;s:13:\"Firmowe targi\";i:1;s:12:\"Sprawy forum\";}'),(293,0,58,0,0,0,0,'94.232.216.242',1651037383,'LOG_FORUM_MOVE_UP','a:2:{i:0;s:13:\"Firmowe targi\";i:1;s:18:\"Inne wane tematy\";}'),(294,0,58,0,0,0,0,'94.232.216.242',1651037386,'LOG_FORUM_MOVE_UP','a:2:{i:0;s:13:\"Firmowe targi\";i:1;s:11:\"Konkurencja\";}'),(295,0,58,0,0,0,0,'94.232.216.242',1651037388,'LOG_FORUM_MOVE_UP','a:2:{i:0;s:13:\"Firmowe targi\";i:1;s:19:\"Support i szkolenia\";}'),(296,0,58,0,0,0,0,'94.232.216.242',1651037391,'LOG_FORUM_MOVE_UP','a:2:{i:0;s:13:\"Firmowe targi\";i:1;s:13:\"Nowe produkty\";}'),(297,0,58,0,0,0,0,'94.232.216.242',1651037395,'LOG_FORUM_MOVE_UP','a:2:{i:0;s:13:\"Nowe produkty\";i:1;s:13:\"Firmowe targi\";}'),(298,0,58,0,0,0,0,'94.232.216.242',1651037398,'LOG_FORUM_MOVE_UP','a:2:{i:0;s:19:\"Support i szkolenia\";i:1;s:13:\"Firmowe targi\";}'),(299,0,58,0,0,0,0,'94.232.216.242',1651037399,'LOG_FORUM_MOVE_UP','a:2:{i:0;s:19:\"Support i szkolenia\";i:1;s:13:\"Nowe produkty\";}'),(300,0,58,0,0,0,0,'94.232.216.242',1651037404,'LOG_FORUM_MOVE_UP','a:2:{i:0;s:13:\"Firmowe targi\";i:1;s:13:\"Nowe produkty\";}'),(301,0,58,0,0,0,0,'94.232.216.242',1651037406,'LOG_FORUM_MOVE_UP','a:2:{i:0;s:13:\"Firmowe targi\";i:1;s:19:\"Support i szkolenia\";}'),(302,0,58,0,0,0,0,'94.232.216.242',1651037409,'LOG_FORUM_MOVE_UP','a:2:{i:0;s:13:\"Firmowe targi\";i:1;s:7:\"Cenniki\";}'),(303,0,58,0,0,0,0,'94.232.216.242',1651037411,'LOG_FORUM_MOVE_UP','a:2:{i:0;s:7:\"Cenniki\";i:1;s:13:\"Firmowe targi\";}'),(304,0,58,0,0,0,0,'94.232.216.242',1651037414,'LOG_FORUM_MOVE_UP','a:2:{i:0;s:13:\"Firmowe targi\";i:1;s:7:\"Cenniki\";}'),(305,0,58,0,0,0,0,'94.232.216.242',1651037416,'LOG_FORUM_MOVE_UP','a:2:{i:0;s:13:\"Firmowe targi\";i:1;s:13:\"Dystrybutorzy\";}'),(306,0,58,0,0,0,0,'94.232.216.242',1651037428,'LOG_FORUM_MOVE_UP','a:2:{i:0;s:19:\"Targi dystrybutorzy\";i:1;s:16:\"Firmowe Demo Dni\";}'),(307,0,58,0,0,0,0,'94.232.216.242',1651037434,'LOG_FORUM_MOVE_UP','a:2:{i:0;s:16:\"Firmowe Demo Dni\";i:1;s:19:\"Targi dystrybutorzy\";}'),(308,0,58,0,0,0,0,'94.232.216.242',1651037437,'LOG_FORUM_MOVE_UP','a:2:{i:0;s:16:\"Firmowe Demo Dni\";i:1;s:12:\"Sprawy forum\";}'),(309,0,58,0,0,0,0,'94.232.216.242',1651037439,'LOG_FORUM_MOVE_UP','a:2:{i:0;s:16:\"Firmowe Demo Dni\";i:1;s:18:\"Inne wane tematy\";}'),(310,0,58,0,0,0,0,'94.232.216.242',1651037444,'LOG_FORUM_MOVE_UP','a:2:{i:0;s:16:\"Firmowe Demo Dni\";i:1;s:11:\"Konkurencja\";}'),(311,0,58,0,0,0,0,'94.232.216.242',1651037448,'LOG_FORUM_MOVE_UP','a:2:{i:0;s:16:\"Firmowe Demo Dni\";i:1;s:13:\"Nowe produkty\";}'),(312,0,58,0,0,0,0,'94.232.216.242',1651037449,'LOG_FORUM_MOVE_UP','a:2:{i:0;s:16:\"Firmowe Demo Dni\";i:1;s:19:\"Support i szkolenia\";}'),(313,0,58,0,0,0,0,'94.232.216.242',1651037452,'LOG_FORUM_MOVE_UP','a:2:{i:0;s:16:\"Firmowe Demo Dni\";i:1;s:7:\"Cenniki\";}'),(314,0,58,0,0,0,0,'94.232.216.242',1651037454,'LOG_FORUM_MOVE_UP','a:2:{i:0;s:16:\"Firmowe Demo Dni\";i:1;s:13:\"Dystrybutorzy\";}'),(315,0,58,0,0,0,0,'94.232.216.242',1651037464,'LOG_FORUM_MOVE_UP','a:2:{i:0;s:19:\"Targi dystrybutorzy\";i:1;s:12:\"Sprawy forum\";}'),(316,0,58,0,0,0,0,'94.232.216.242',1651037465,'LOG_FORUM_MOVE_UP','a:2:{i:0;s:19:\"Targi dystrybutorzy\";i:1;s:18:\"Inne wane tematy\";}'),(317,0,58,0,0,0,0,'94.232.216.242',1651037467,'LOG_FORUM_MOVE_UP','a:2:{i:0;s:19:\"Targi dystrybutorzy\";i:1;s:11:\"Konkurencja\";}'),(318,0,58,0,0,0,0,'94.232.216.242',1651037468,'LOG_FORUM_MOVE_UP','a:2:{i:0;s:19:\"Targi dystrybutorzy\";i:1;s:13:\"Nowe produkty\";}'),(319,0,58,0,0,0,0,'94.232.216.242',1651037470,'LOG_FORUM_MOVE_UP','a:2:{i:0;s:19:\"Targi dystrybutorzy\";i:1;s:19:\"Support i szkolenia\";}'),(320,0,58,0,0,0,0,'94.232.216.242',1651037472,'LOG_FORUM_MOVE_UP','a:2:{i:0;s:19:\"Targi dystrybutorzy\";i:1;s:7:\"Cenniki\";}'),(321,0,58,0,0,0,0,'94.232.216.242',1651037474,'LOG_FORUM_MOVE_UP','a:2:{i:0;s:7:\"Cenniki\";i:1;s:19:\"Targi dystrybutorzy\";}'),(322,0,58,0,0,0,0,'94.232.216.242',1651037477,'LOG_FORUM_MOVE_UP','a:2:{i:0;s:19:\"Targi dystrybutorzy\";i:1;s:7:\"Cenniki\";}'),(323,0,58,0,0,0,0,'94.232.216.242',1651037480,'LOG_FORUM_MOVE_UP','a:2:{i:0;s:19:\"Targi dystrybutorzy\";i:1;s:13:\"Dystrybutorzy\";}'),(324,0,58,0,0,0,0,'94.232.216.242',1651037487,'LOG_FORUM_MOVE_UP','a:2:{i:0;s:33:\"Oglnie o wydarzeniach nurkowych\";i:1;s:12:\"Sprawy forum\";}'),(325,0,58,0,0,0,0,'94.232.216.242',1651037489,'LOG_FORUM_MOVE_UP','a:2:{i:0;s:33:\"Oglnie o wydarzeniach nurkowych\";i:1;s:18:\"Inne wane tematy\";}'),(326,0,58,0,0,0,0,'94.232.216.242',1651037490,'LOG_FORUM_MOVE_UP','a:2:{i:0;s:33:\"Oglnie o wydarzeniach nurkowych\";i:1;s:11:\"Konkurencja\";}'),(327,0,58,0,0,0,0,'94.232.216.242',1651037492,'LOG_FORUM_MOVE_UP','a:2:{i:0;s:33:\"Oglnie o wydarzeniach nurkowych\";i:1;s:13:\"Nowe produkty\";}'),(328,0,58,0,0,0,0,'94.232.216.242',1651037493,'LOG_FORUM_MOVE_UP','a:2:{i:0;s:33:\"Oglnie o wydarzeniach nurkowych\";i:1;s:19:\"Support i szkolenia\";}'),(329,0,58,0,0,0,0,'94.232.216.242',1651037495,'LOG_FORUM_MOVE_UP','a:2:{i:0;s:33:\"Oglnie o wydarzeniach nurkowych\";i:1;s:7:\"Cenniki\";}'),(330,0,58,0,0,0,0,'94.232.216.242',1651037498,'LOG_FORUM_MOVE_UP','a:2:{i:0;s:33:\"Oglnie o wydarzeniach nurkowych\";i:1;s:13:\"Dystrybutorzy\";}'),(331,0,58,0,0,0,0,'94.232.216.242',1651037500,'LOG_FORUM_MOVE_UP','a:2:{i:0;s:33:\"Oglnie o wydarzeniach nurkowych\";i:1;s:19:\"Targi dystrybutorzy\";}'),(332,0,58,0,0,0,0,'94.232.216.242',1651037502,'LOG_FORUM_MOVE_UP','a:2:{i:0;s:33:\"Oglnie o wydarzeniach nurkowych\";i:1;s:16:\"Firmowe Demo Dni\";}'),(333,0,58,0,0,0,0,'94.232.216.242',1651037507,'LOG_FORUM_MOVE_DOWN','a:2:{i:0;s:33:\"Oglnie o wydarzeniach nurkowych\";i:1;s:16:\"Firmowe Demo Dni\";}'),(334,0,58,0,0,0,0,'94.232.216.242',1651037515,'LOG_FORUM_MOVE_DOWN','a:2:{i:0;s:16:\"Firmowe Demo Dni\";i:1;s:33:\"Oglnie o wydarzeniach nurkowych\";}'),(335,0,58,0,0,0,0,'94.232.216.242',1651037520,'LOG_FORUM_MOVE_UP','a:2:{i:0;s:16:\"Firmowe Demo Dni\";i:1;s:33:\"Oglnie o wydarzeniach nurkowych\";}'),(336,0,58,0,0,0,0,'94.232.216.242',1651037524,'LOG_FORUM_MOVE_DOWN','a:2:{i:0;s:33:\"Oglnie o wydarzeniach nurkowych\";i:1;s:19:\"Targi dystrybutorzy\";}'),(337,1,58,23,27,43,0,'94.232.216.242',1651037651,'LOG_POST_EDITED','a:3:{i:0;s:26:\"21.04.2022 Event Gearpoint\";i:1;s:15:\"Witold Hoffmann\";i:2;s:0:\"\";}'),(338,1,58,25,59,174,0,'94.232.216.242',1651037724,'LOG_POST_EDITED','a:3:{i:0;s:84:\"09.2022 Prezentacja sprztu dla wszystkich 3 (lub 4) jednostek specjalnych w Gdyni.\";i:1;s:13:\"Beata Sotys\";i:2;s:0:\"\";}'),(339,1,58,25,48,133,0,'94.232.216.242',1651037743,'LOG_POST_EDITED','a:3:{i:0;s:37:\"25-26.06.2022 Handover event Cavebase\";i:1;s:15:\"Witold Hoffmann\";i:2;s:0:\"\";}'),(340,1,58,23,27,43,0,'94.232.216.242',1651038195,'LOG_POST_EDITED','a:3:{i:0;s:32:\"21.04.2022 [MIL] Event Gearpoint\";i:1;s:15:\"Witold Hoffmann\";i:2;s:0:\"\";}'),(341,1,58,25,59,174,0,'94.232.216.242',1651038458,'LOG_POST_EDITED','a:3:{i:0;s:90:\"09.2022 [MIL] Prezentacja sprztu dla wszystkich 3 (lub 4) jednostek specjalnych w Gdyni.\";i:1;s:13:\"Beata Sotys\";i:2;s:0:\"\";}'),(342,1,58,25,48,133,0,'94.232.216.242',1651038476,'LOG_POST_EDITED','a:3:{i:0;s:43:\"25-26.06.2022 [REC] Handover event Cavebase\";i:1;s:15:\"Witold Hoffmann\";i:2;s:0:\"\";}'),(343,1,58,23,5,159,0,'94.232.216.242',1651039310,'LOG_POST_EDITED','a:3:{i:0;s:45:\"Re: 7-9.06.2022 [MIL] UDT Rotterdam, Holandia\";i:1;s:16:\"Paulina lzak\";i:2;s:0:\"\";}'),(344,0,58,0,0,0,0,'94.232.216.242',1651129075,'LOG_ADMIN_AUTH_SUCCESS',''),(345,0,58,0,0,0,0,'94.232.216.242',1651129105,'LOG_FORUM_ADD','a:1:{i:0;s:10:\"Motowido\";}'),(346,0,58,0,0,0,0,'94.232.216.242',1651129105,'LOG_FORUM_COPIED_PERMISSIONS','a:2:{i:0;s:13:\"Nowe produkty\";i:1;s:10:\"Motowido\";}'),(347,0,58,0,0,0,0,'94.232.216.242',1651217136,'LOG_ADMIN_AUTH_SUCCESS',''),(348,0,58,0,0,0,0,'94.232.216.242',1651217164,'LOG_FORUM_ADD','a:1:{i:0;s:3:\"DPC\";}'),(349,0,58,0,0,0,0,'94.232.216.242',1651217164,'LOG_FORUM_COPIED_PERMISSIONS','a:2:{i:0;s:13:\"Nowe produkty\";i:1;s:3:\"DPC\";}'),(350,0,58,0,0,0,0,'94.232.216.242',1651217169,'LOG_FORUM_MOVE_UP','a:2:{i:0;s:3:\"DPC\";i:1;s:10:\"Motowido\";}'),(351,0,58,0,0,0,0,'94.232.216.242',1651217171,'LOG_FORUM_MOVE_UP','a:2:{i:0;s:3:\"DPC\";i:1;s:13:\"Stojak do DPC\";}'),(352,0,58,0,0,0,0,'94.232.216.242',1651217175,'LOG_FORUM_MOVE_UP','a:2:{i:0;s:3:\"DPC\";i:1;s:22:\"Platforma ENC3M gen.II\";}'),(353,0,58,0,0,0,0,'94.232.216.242',1651217177,'LOG_FORUM_MOVE_UP','a:2:{i:0;s:3:\"DPC\";i:1;s:26:\"Obcienie elektroniczne\";}'),(354,0,58,0,0,0,0,'94.232.216.242',1651217178,'LOG_FORUM_MOVE_UP','a:2:{i:0;s:3:\"DPC\";i:1;s:17:\"Uchwyt na kamer\";}'),(355,0,58,0,0,0,0,'94.232.216.242',1651217180,'LOG_FORUM_MOVE_UP','a:2:{i:0;s:3:\"DPC\";i:1;s:9:\"Kartownik\";}'),(356,0,58,0,0,0,0,'94.232.216.242',1651217182,'LOG_FORUM_MOVE_UP','a:2:{i:0;s:3:\"DPC\";i:1;s:10:\"Stroboskop\";}'),(357,0,58,0,0,0,0,'94.232.216.242',1651217184,'LOG_FORUM_MOVE_UP','a:2:{i:0;s:3:\"DPC\";i:1;s:8:\"Zasobnik\";}'),(358,1,58,23,27,0,0,'94.232.216.242',1651218248,'LOG_LOCK','a:1:{i:0;s:32:\"21.04.2022 [MIL] Event Gearpoint\";}'),(359,0,58,0,0,0,0,'94.232.216.242',1651829516,'LOG_ADMIN_AUTH_SUCCESS',''),(360,0,58,0,0,0,0,'94.232.216.242',1651829559,'LOG_FORUM_ADD','a:1:{i:0;s:16:\"Bateria lotnicza\";}'),(361,0,58,0,0,0,0,'94.232.216.242',1651829559,'LOG_FORUM_COPIED_PERMISSIONS','a:2:{i:0;s:13:\"Nowe produkty\";i:1;s:16:\"Bateria lotnicza\";}'),(362,1,58,55,73,0,0,'94.232.216.242',1651829733,'LOG_SPLIT_DESTINATION','a:1:{i:0;s:16:\"Bateria lotnicza\";}'),(363,1,58,0,7,0,0,'94.232.216.242',1651829733,'LOG_SPLIT_SOURCE','a:1:{i:0;s:31:\"Sugestie, pomysy, zgoszenia\";}'),(364,1,60,25,48,263,0,'91.196.8.186',1652097091,'LOG_DELETE_POST','a:3:{i:0;s:47:\"Re: 25-26.06.2022 [REC] Handover event Cavebase\";i:1;s:16:\"Paulina lzak\";i:2;s:16:\"powtrzony post\";}'),(365,0,58,0,0,0,0,'192.162.175.145',1652103776,'LOG_ADMIN_AUTH_SUCCESS',''),(366,0,2,0,0,0,0,'192.162.175.145',1652107690,'LOG_ADMIN_AUTH_SUCCESS',''),(367,0,58,0,0,0,0,'94.232.216.242',1652180263,'LOG_ADMIN_AUTH_SUCCESS',''),(368,0,58,0,0,0,0,'94.232.216.242',1652184686,'LOG_ADMIN_AUTH_SUCCESS',''),(369,0,2,0,0,0,0,'46.53.180.74',1652708594,'LOG_ADMIN_AUTH_SUCCESS',''),(370,0,2,0,0,0,0,'46.53.180.74',1652709055,'LOG_STYLE_ADD','a:1:{i:0;s:12:\"we_clearblue\";}'),(371,0,2,0,0,0,0,'46.53.180.74',1652709361,'LOG_CONFIG_AUTH',''),(372,0,2,0,0,0,0,'46.53.180.74',1652709379,'LOG_CONFIG_SETTINGS',''),(373,0,2,0,0,0,0,'46.53.180.74',1652709394,'LOG_CONFIG_SETTINGS',''),(374,0,2,0,0,0,0,'46.53.180.74',1652712952,'LOG_ADMIN_AUTH_SUCCESS',''),(375,0,58,0,0,0,0,'192.162.175.145',1652725490,'LOG_ADMIN_AUTH_SUCCESS','');
/*!40000 ALTER TABLE `phpbb_log` ENABLE KEYS */;
UNLOCK TABLES;

--
-- Table structure for table `phpbb_login_attempts`
--

DROP TABLE IF EXISTS `phpbb_login_attempts`;
/*!40101 SET @saved_cs_client     = @@character_set_client */;
/*!40101 SET character_set_client = utf8 */;
CREATE TABLE `phpbb_login_attempts` (
  `attempt_ip` varchar(40) COLLATE utf8_bin NOT NULL DEFAULT '',
  `attempt_browser` varchar(150) COLLATE utf8_bin NOT NULL DEFAULT '',
  `attempt_forwarded_for` varchar(255) COLLATE utf8_bin NOT NULL DEFAULT '',
  `attempt_time` int(11) unsigned NOT NULL DEFAULT 0,
  `user_id` int(10) unsigned NOT NULL DEFAULT 0,
  `username` varchar(255) COLLATE utf8_bin NOT NULL DEFAULT '0',
  `username_clean` varchar(255) COLLATE utf8_bin NOT NULL DEFAULT '0',
  KEY `att_ip` (`attempt_ip`,`attempt_time`),
  KEY `att_for` (`attempt_forwarded_for`,`attempt_time`),
  KEY `att_time` (`attempt_time`),
  KEY `user_id` (`user_id`)
) ENGINE=InnoDB DEFAULT CHARSET=utf8 COLLATE=utf8_bin;
/*!40101 SET character_set_client = @saved_cs_client */;

--
-- Dumping data for table `phpbb_login_attempts`
--

LOCK TABLES `phpbb_login_attempts` WRITE;
/*!40000 ALTER TABLE `phpbb_login_attempts` DISABLE KEYS */;
/*!40000 ALTER TABLE `phpbb_login_attempts` ENABLE KEYS */;
UNLOCK TABLES;

--
-- Table structure for table `phpbb_migrations`
--

DROP TABLE IF EXISTS `phpbb_migrations`;
/*!40101 SET @saved_cs_client     = @@character_set_client */;
/*!40101 SET character_set_client = utf8 */;
CREATE TABLE `phpbb_migrations` (
  `migration_name` varchar(255) COLLATE utf8_bin NOT NULL DEFAULT '',
  `migration_depends_on` text COLLATE utf8_bin NOT NULL,
  `migration_schema_done` tinyint(1) unsigned NOT NULL DEFAULT 0,
  `migration_data_done` tinyint(1) unsigned NOT NULL DEFAULT 0,
  `migration_data_state` text COLLATE utf8_bin NOT NULL,
  `migration_start_time` int(11) unsigned NOT NULL DEFAULT 0,
  `migration_end_time` int(11) unsigned NOT NULL DEFAULT 0,
  PRIMARY KEY (`migration_name`)
) ENGINE=InnoDB DEFAULT CHARSET=utf8 COLLATE=utf8_bin;
/*!40101 SET character_set_client = @saved_cs_client */;

--
-- Dumping data for table `phpbb_migrations`
--

LOCK TABLES `phpbb_migrations` WRITE;
/*!40000 ALTER TABLE `phpbb_migrations` DISABLE KEYS */;
INSERT INTO `phpbb_migrations` VALUES ('\\phpbb\\db\\migration\\data\\v30x\\local_url_bbcode','a:1:{i:0;s:48:\"\\phpbb\\db\\migration\\data\\v30x\\release_3_0_12_rc1\";}',1,1,'',1648824949,1648824949),('\\phpbb\\db\\migration\\data\\v30x\\release_3_0_0','a:0:{}',1,1,'',1648824949,1648824949),('\\phpbb\\db\\migration\\data\\v30x\\release_3_0_1','a:1:{i:0;s:47:\"\\phpbb\\db\\migration\\data\\v30x\\release_3_0_1_rc1\";}',1,1,'',1648824949,1648824949),('\\phpbb\\db\\migration\\data\\v30x\\release_3_0_10','a:1:{i:0;s:48:\"\\phpbb\\db\\migration\\data\\v30x\\release_3_0_10_rc3\";}',1,1,'',1648824949,1648824949),('\\phpbb\\db\\migration\\data\\v30x\\release_3_0_10_rc1','a:1:{i:0;s:43:\"\\phpbb\\db\\migration\\data\\v30x\\release_3_0_9\";}',1,1,'',1648824949,1648824949),('\\phpbb\\db\\migration\\data\\v30x\\release_3_0_10_rc2','a:1:{i:0;s:48:\"\\phpbb\\db\\migration\\data\\v30x\\release_3_0_10_rc1\";}',1,1,'',1648824949,1648824949),('\\phpbb\\db\\migration\\data\\v30x\\release_3_0_10_rc3','a:1:{i:0;s:48:\"\\phpbb\\db\\migration\\data\\v30x\\release_3_0_10_rc2\";}',1,1,'',1648824949,1648824949),('\\phpbb\\db\\migration\\data\\v30x\\release_3_0_11','a:1:{i:0;s:48:\"\\phpbb\\db\\migration\\data\\v30x\\release_3_0_11_rc2\";}',1,1,'',1648824949,1648824949),('\\phpbb\\db\\migration\\data\\v30x\\release_3_0_11_rc1','a:1:{i:0;s:44:\"\\phpbb\\db\\migration\\data\\v30x\\release_3_0_10\";}',1,1,'',1648824949,1648824949),('\\phpbb\\db\\migration\\data\\v30x\\release_3_0_11_rc2','a:1:{i:0;s:48:\"\\phpbb\\db\\migration\\data\\v30x\\release_3_0_11_rc1\";}',1,1,'',1648824949,1648824949),('\\phpbb\\db\\migration\\data\\v30x\\release_3_0_12','a:1:{i:0;s:48:\"\\phpbb\\db\\migration\\data\\v30x\\release_3_0_12_rc3\";}',1,1,'',1648824949,1648824949),('\\phpbb\\db\\migration\\data\\v30x\\release_3_0_12_rc1','a:1:{i:0;s:44:\"\\phpbb\\db\\migration\\data\\v30x\\release_3_0_11\";}',1,1,'',1648824949,1648824949),('\\phpbb\\db\\migration\\data\\v30x\\release_3_0_12_rc2','a:1:{i:0;s:48:\"\\phpbb\\db\\migration\\data\\v30x\\release_3_0_12_rc1\";}',1,1,'',1648824949,1648824949),('\\phpbb\\db\\migration\\data\\v30x\\release_3_0_12_rc3','a:1:{i:0;s:48:\"\\phpbb\\db\\migration\\data\\v30x\\release_3_0_12_rc2\";}',1,1,'',1648824949,1648824949),('\\phpbb\\db\\migration\\data\\v30x\\release_3_0_13','a:1:{i:0;s:48:\"\\phpbb\\db\\migration\\data\\v30x\\release_3_0_13_rc1\";}',1,1,'',1648824949,1648824949),('\\phpbb\\db\\migration\\data\\v30x\\release_3_0_13_pl1','a:1:{i:0;s:44:\"\\phpbb\\db\\migration\\data\\v30x\\release_3_0_13\";}',1,1,'',1648824949,1648824949),('\\phpbb\\db\\migration\\data\\v30x\\release_3_0_13_rc1','a:1:{i:0;s:44:\"\\phpbb\\db\\migration\\data\\v30x\\release_3_0_12\";}',1,1,'',1648824949,1648824949),('\\phpbb\\db\\migration\\data\\v30x\\release_3_0_14','a:1:{i:0;s:48:\"\\phpbb\\db\\migration\\data\\v30x\\release_3_0_14_rc1\";}',1,1,'',1648824949,1648824949),('\\phpbb\\db\\migration\\data\\v30x\\release_3_0_14_rc1','a:1:{i:0;s:44:\"\\phpbb\\db\\migration\\data\\v30x\\release_3_0_13\";}',1,1,'',1648824949,1648824949),('\\phpbb\\db\\migration\\data\\v30x\\release_3_0_1_rc1','a:1:{i:0;s:43:\"\\phpbb\\db\\migration\\data\\v30x\\release_3_0_0\";}',1,1,'',1648824949,1648824949),('\\phpbb\\db\\migration\\data\\v30x\\release_3_0_2','a:1:{i:0;s:47:\"\\phpbb\\db\\migration\\data\\v30x\\release_3_0_2_rc2\";}',1,1,'',1648824949,1648824949),('\\phpbb\\db\\migration\\data\\v30x\\release_3_0_2_rc1','a:1:{i:0;s:43:\"\\phpbb\\db\\migration\\data\\v30x\\release_3_0_1\";}',1,1,'',1648824949,1648824949),('\\phpbb\\db\\migration\\data\\v30x\\release_3_0_2_rc2','a:1:{i:0;s:47:\"\\phpbb\\db\\migration\\data\\v30x\\release_3_0_2_rc1\";}',1,1,'',1648824949,1648824949),('\\phpbb\\db\\migration\\data\\v30x\\release_3_0_3','a:1:{i:0;s:47:\"\\phpbb\\db\\migration\\data\\v30x\\release_3_0_3_rc1\";}',1,1,'',1648824949,1648824949),('\\phpbb\\db\\migration\\data\\v30x\\release_3_0_3_rc1','a:1:{i:0;s:43:\"\\phpbb\\db\\migration\\data\\v30x\\release_3_0_2\";}',1,1,'',1648824949,1648824949),('\\phpbb\\db\\migration\\data\\v30x\\release_3_0_4','a:1:{i:0;s:47:\"\\phpbb\\db\\migration\\data\\v30x\\release_3_0_4_rc1\";}',1,1,'',1648824949,1648824949),('\\phpbb\\db\\migration\\data\\v30x\\release_3_0_4_rc1','a:1:{i:0;s:43:\"\\phpbb\\db\\migration\\data\\v30x\\release_3_0_3\";}',1,1,'',1648824949,1648824949),('\\phpbb\\db\\migration\\data\\v30x\\release_3_0_5','a:1:{i:0;s:52:\"\\phpbb\\db\\migration\\data\\v30x\\release_3_0_5_rc1part2\";}',1,1,'',1648824949,1648824949),('\\phpbb\\db\\migration\\data\\v30x\\release_3_0_5_rc1','a:1:{i:0;s:43:\"\\phpbb\\db\\migration\\data\\v30x\\release_3_0_4\";}',1,1,'',1648824949,1648824949),('\\phpbb\\db\\migration\\data\\v30x\\release_3_0_5_rc1part2','a:1:{i:0;s:47:\"\\phpbb\\db\\migration\\data\\v30x\\release_3_0_5_rc1\";}',1,1,'',1648824949,1648824949),('\\phpbb\\db\\migration\\data\\v30x\\release_3_0_6','a:1:{i:0;s:47:\"\\phpbb\\db\\migration\\data\\v30x\\release_3_0_6_rc4\";}',1,1,'',1648824949,1648824949),('\\phpbb\\db\\migration\\data\\v30x\\release_3_0_6_rc1','a:1:{i:0;s:43:\"\\phpbb\\db\\migration\\data\\v30x\\release_3_0_5\";}',1,1,'',1648824949,1648824949),('\\phpbb\\db\\migration\\data\\v30x\\release_3_0_6_rc2','a:1:{i:0;s:47:\"\\phpbb\\db\\migration\\data\\v30x\\release_3_0_6_rc1\";}',1,1,'',1648824949,1648824949),('\\phpbb\\db\\migration\\data\\v30x\\release_3_0_6_rc3','a:1:{i:0;s:47:\"\\phpbb\\db\\migration\\data\\v30x\\release_3_0_6_rc2\";}',1,1,'',1648824949,1648824949),('\\phpbb\\db\\migration\\data\\v30x\\release_3_0_6_rc4','a:1:{i:0;s:47:\"\\phpbb\\db\\migration\\data\\v30x\\release_3_0_6_rc3\";}',1,1,'',1648824949,1648824949),('\\phpbb\\db\\migration\\data\\v30x\\release_3_0_7','a:1:{i:0;s:47:\"\\phpbb\\db\\migration\\data\\v30x\\release_3_0_7_rc2\";}',1,1,'',1648824949,1648824949),('\\phpbb\\db\\migration\\data\\v30x\\release_3_0_7_pl1','a:1:{i:0;s:43:\"\\phpbb\\db\\migration\\data\\v30x\\release_3_0_7\";}',1,1,'',1648824949,1648824949),('\\phpbb\\db\\migration\\data\\v30x\\release_3_0_7_rc1','a:1:{i:0;s:43:\"\\phpbb\\db\\migration\\data\\v30x\\release_3_0_6\";}',1,1,'',1648824949,1648824949),('\\phpbb\\db\\migration\\data\\v30x\\release_3_0_7_rc2','a:1:{i:0;s:47:\"\\phpbb\\db\\migration\\data\\v30x\\release_3_0_7_rc1\";}',1,1,'',1648824949,1648824949),('\\phpbb\\db\\migration\\data\\v30x\\release_3_0_8','a:1:{i:0;s:47:\"\\phpbb\\db\\migration\\data\\v30x\\release_3_0_8_rc1\";}',1,1,'',1648824949,1648824949),('\\phpbb\\db\\migration\\data\\v30x\\release_3_0_8_rc1','a:1:{i:0;s:47:\"\\phpbb\\db\\migration\\data\\v30x\\release_3_0_7_pl1\";}',1,1,'',1648824949,1648824949),('\\phpbb\\db\\migration\\data\\v30x\\release_3_0_9','a:1:{i:0;s:47:\"\\phpbb\\db\\migration\\data\\v30x\\release_3_0_9_rc4\";}',1,1,'',1648824949,1648824949),('\\phpbb\\db\\migration\\data\\v30x\\release_3_0_9_rc1','a:1:{i:0;s:43:\"\\phpbb\\db\\migration\\data\\v30x\\release_3_0_8\";}',1,1,'',1648824949,1648824949),('\\phpbb\\db\\migration\\data\\v30x\\release_3_0_9_rc2','a:1:{i:0;s:47:\"\\phpbb\\db\\migration\\data\\v30x\\release_3_0_9_rc1\";}',1,1,'',1648824949,1648824949),('\\phpbb\\db\\migration\\data\\v30x\\release_3_0_9_rc3','a:1:{i:0;s:47:\"\\phpbb\\db\\migration\\data\\v30x\\release_3_0_9_rc2\";}',1,1,'',1648824949,1648824949),('\\phpbb\\db\\migration\\data\\v30x\\release_3_0_9_rc4','a:1:{i:0;s:47:\"\\phpbb\\db\\migration\\data\\v30x\\release_3_0_9_rc3\";}',1,1,'',1648824949,1648824949),('\\phpbb\\db\\migration\\data\\v310\\acp_prune_users_module','a:1:{i:0;s:35:\"\\phpbb\\db\\migration\\data\\v310\\beta1\";}',1,1,'',1648824949,1648824949),('\\phpbb\\db\\migration\\data\\v310\\acp_style_components_module','a:1:{i:0;s:33:\"\\phpbb\\db\\migration\\data\\v310\\dev\";}',1,1,'',1648824949,1648824949),('\\phpbb\\db\\migration\\data\\v310\\allow_cdn','a:1:{i:0;s:43:\"\\phpbb\\db\\migration\\data\\v310\\jquery_update\";}',1,1,'',1648824949,1648824949),('\\phpbb\\db\\migration\\data\\v310\\alpha1','a:18:{i:0;s:46:\"\\phpbb\\db\\migration\\data\\v30x\\local_url_bbcode\";i:1;s:44:\"\\phpbb\\db\\migration\\data\\v30x\\release_3_0_12\";i:2;s:57:\"\\phpbb\\db\\migration\\data\\v310\\acp_style_components_module\";i:3;s:39:\"\\phpbb\\db\\migration\\data\\v310\\allow_cdn\";i:4;s:49:\"\\phpbb\\db\\migration\\data\\v310\\auth_provider_oauth\";i:5;s:37:\"\\phpbb\\db\\migration\\data\\v310\\avatars\";i:6;s:40:\"\\phpbb\\db\\migration\\data\\v310\\boardindex\";i:7;s:44:\"\\phpbb\\db\\migration\\data\\v310\\config_db_text\";i:8;s:45:\"\\phpbb\\db\\migration\\data\\v310\\forgot_password\";i:9;s:41:\"\\phpbb\\db\\migration\\data\\v310\\mod_rewrite\";i:10;s:49:\"\\phpbb\\db\\migration\\data\\v310\\mysql_fulltext_drop\";i:11;s:40:\"\\phpbb\\db\\migration\\data\\v310\\namespaces\";i:12;s:48:\"\\phpbb\\db\\migration\\data\\v310\\notifications_cron\";i:13;s:60:\"\\phpbb\\db\\migration\\data\\v310\\notification_options_reconvert\";i:14;s:38:\"\\phpbb\\db\\migration\\data\\v310\\plupload\";i:15;s:51:\"\\phpbb\\db\\migration\\data\\v310\\signature_module_auth\";i:16;s:52:\"\\phpbb\\db\\migration\\data\\v310\\softdelete_mcp_modules\";i:17;s:38:\"\\phpbb\\db\\migration\\data\\v310\\teampage\";}',1,1,'',1648824949,1648824949),('\\phpbb\\db\\migration\\data\\v310\\alpha2','a:2:{i:0;s:36:\"\\phpbb\\db\\migration\\data\\v310\\alpha1\";i:1;s:51:\"\\phpbb\\db\\migration\\data\\v310\\notifications_cron_p2\";}',1,1,'',1648824949,1648824949),('\\phpbb\\db\\migration\\data\\v310\\alpha3','a:4:{i:0;s:36:\"\\phpbb\\db\\migration\\data\\v310\\alpha2\";i:1;s:42:\"\\phpbb\\db\\migration\\data\\v310\\avatar_types\";i:2;s:39:\"\\phpbb\\db\\migration\\data\\v310\\passwords\";i:3;s:48:\"\\phpbb\\db\\migration\\data\\v310\\profilefield_types\";}',1,1,'',1648824949,1648824949),('\\phpbb\\db\\migration\\data\\v310\\auth_provider_oauth','a:1:{i:0;s:43:\"\\phpbb\\db\\migration\\data\\v30x\\release_3_0_0\";}',1,1,'',1648824949,1648824949),('\\phpbb\\db\\migration\\data\\v310\\auth_provider_oauth2','a:1:{i:0;s:49:\"\\phpbb\\db\\migration\\data\\v310\\auth_provider_oauth\";}',1,1,'',1648824949,1648824949),('\\phpbb\\db\\migration\\data\\v310\\avatar_types','a:2:{i:0;s:33:\"\\phpbb\\db\\migration\\data\\v310\\dev\";i:1;s:37:\"\\phpbb\\db\\migration\\data\\v310\\avatars\";}',1,1,'',1648824949,1648824949),('\\phpbb\\db\\migration\\data\\v310\\avatars','a:1:{i:0;s:44:\"\\phpbb\\db\\migration\\data\\v30x\\release_3_0_11\";}',1,1,'',1648824949,1648824949),('\\phpbb\\db\\migration\\data\\v310\\beta1','a:7:{i:0;s:36:\"\\phpbb\\db\\migration\\data\\v310\\alpha3\";i:1;s:42:\"\\phpbb\\db\\migration\\data\\v310\\passwords_p2\";i:2;s:52:\"\\phpbb\\db\\migration\\data\\v310\\postgres_fulltext_drop\";i:3;s:63:\"\\phpbb\\db\\migration\\data\\v310\\profilefield_change_load_settings\";i:4;s:51:\"\\phpbb\\db\\migration\\data\\v310\\profilefield_location\";i:5;s:54:\"\\phpbb\\db\\migration\\data\\v310\\soft_delete_mod_convert2\";i:6;s:48:\"\\phpbb\\db\\migration\\data\\v310\\ucp_popuppm_module\";}',1,1,'',1648824949,1648824949),('\\phpbb\\db\\migration\\data\\v310\\beta2','a:3:{i:0;s:35:\"\\phpbb\\db\\migration\\data\\v310\\beta1\";i:1;s:52:\"\\phpbb\\db\\migration\\data\\v310\\acp_prune_users_module\";i:2;s:59:\"\\phpbb\\db\\migration\\data\\v310\\profilefield_location_cleanup\";}',1,1,'',1648824949,1648824949),('\\phpbb\\db\\migration\\data\\v310\\beta3','a:6:{i:0;s:35:\"\\phpbb\\db\\migration\\data\\v310\\beta2\";i:1;s:50:\"\\phpbb\\db\\migration\\data\\v310\\auth_provider_oauth2\";i:2;s:48:\"\\phpbb\\db\\migration\\data\\v310\\board_contact_name\";i:3;s:44:\"\\phpbb\\db\\migration\\data\\v310\\jquery_update2\";i:4;s:50:\"\\phpbb\\db\\migration\\data\\v310\\live_searches_config\";i:5;s:49:\"\\phpbb\\db\\migration\\data\\v310\\prune_shadow_topics\";}',1,1,'',1648824949,1648824949),('\\phpbb\\db\\migration\\data\\v310\\beta4','a:3:{i:0;s:35:\"\\phpbb\\db\\migration\\data\\v310\\beta3\";i:1;s:69:\"\\phpbb\\db\\migration\\data\\v310\\extensions_version_check_force_unstable\";i:2;s:58:\"\\phpbb\\db\\migration\\data\\v310\\reset_missing_captcha_plugin\";}',1,1,'',1648824949,1648824949),('\\phpbb\\db\\migration\\data\\v310\\board_contact_name','a:1:{i:0;s:35:\"\\phpbb\\db\\migration\\data\\v310\\beta2\";}',1,1,'',1648824949,1648824949),('\\phpbb\\db\\migration\\data\\v310\\boardindex','a:0:{}',1,1,'',1648824949,1648824949),('\\phpbb\\db\\migration\\data\\v310\\bot_update','a:1:{i:0;s:33:\"\\phpbb\\db\\migration\\data\\v310\\rc6\";}',1,1,'',1648824949,1648824949),('\\phpbb\\db\\migration\\data\\v310\\captcha_plugins','a:1:{i:0;s:33:\"\\phpbb\\db\\migration\\data\\v310\\rc2\";}',1,1,'',1648824949,1648824949),('\\phpbb\\db\\migration\\data\\v310\\config_db_text','a:1:{i:0;s:44:\"\\phpbb\\db\\migration\\data\\v30x\\release_3_0_11\";}',1,1,'',1648824949,1648824949),('\\phpbb\\db\\migration\\data\\v310\\contact_admin_acp_module','a:0:{}',1,1,'',1648824949,1648824949),('\\phpbb\\db\\migration\\data\\v310\\contact_admin_form','a:1:{i:0;s:44:\"\\phpbb\\db\\migration\\data\\v310\\config_db_text\";}',1,1,'',1648824949,1648824949),('\\phpbb\\db\\migration\\data\\v310\\dev','a:5:{i:0;s:40:\"\\phpbb\\db\\migration\\data\\v310\\extensions\";i:1;s:45:\"\\phpbb\\db\\migration\\data\\v310\\style_update_p2\";i:2;s:41:\"\\phpbb\\db\\migration\\data\\v310\\timezone_p2\";i:3;s:52:\"\\phpbb\\db\\migration\\data\\v310\\reported_posts_display\";i:4;s:46:\"\\phpbb\\db\\migration\\data\\v310\\migrations_table\";}',1,1,'',1648824949,1648824949),('\\phpbb\\db\\migration\\data\\v310\\extensions','a:1:{i:0;s:44:\"\\phpbb\\db\\migration\\data\\v30x\\release_3_0_11\";}',1,1,'',1648824949,1648824949),('\\phpbb\\db\\migration\\data\\v310\\extensions_version_check_force_unstable','a:1:{i:0;s:33:\"\\phpbb\\db\\migration\\data\\v310\\dev\";}',1,1,'',1648824949,1648824949),('\\phpbb\\db\\migration\\data\\v310\\forgot_password','a:1:{i:0;s:44:\"\\phpbb\\db\\migration\\data\\v30x\\release_3_0_11\";}',1,1,'',1648824949,1648824949),('\\phpbb\\db\\migration\\data\\v310\\gold','a:2:{i:0;s:33:\"\\phpbb\\db\\migration\\data\\v310\\rc6\";i:1;s:40:\"\\phpbb\\db\\migration\\data\\v310\\bot_update\";}',1,1,'',1648824949,1648824949),('\\phpbb\\db\\migration\\data\\v310\\jquery_update','a:1:{i:0;s:33:\"\\phpbb\\db\\migration\\data\\v310\\dev\";}',1,1,'',1648824949,1648824949),('\\phpbb\\db\\migration\\data\\v310\\jquery_update2','a:1:{i:0;s:43:\"\\phpbb\\db\\migration\\data\\v310\\jquery_update\";}',1,1,'',1648824949,1648824949),('\\phpbb\\db\\migration\\data\\v310\\live_searches_config','a:0:{}',1,1,'',1648824949,1648824949),('\\phpbb\\db\\migration\\data\\v310\\migrations_table','a:0:{}',1,1,'',1648824949,1648824949),('\\phpbb\\db\\migration\\data\\v310\\mod_rewrite','a:1:{i:0;s:33:\"\\phpbb\\db\\migration\\data\\v310\\dev\";}',1,1,'',1648824949,1648824949),('\\phpbb\\db\\migration\\data\\v310\\mysql_fulltext_drop','a:1:{i:0;s:33:\"\\phpbb\\db\\migration\\data\\v310\\dev\";}',1,1,'',1648824949,1648824949),('\\phpbb\\db\\migration\\data\\v310\\namespaces','a:1:{i:0;s:33:\"\\phpbb\\db\\migration\\data\\v310\\dev\";}',1,1,'',1648824949,1648824949),('\\phpbb\\db\\migration\\data\\v310\\notification_options_reconvert','a:1:{i:0;s:54:\"\\phpbb\\db\\migration\\data\\v310\\notifications_schema_fix\";}',1,1,'',1648824949,1648824949),('\\phpbb\\db\\migration\\data\\v310\\notifications','a:1:{i:0;s:33:\"\\phpbb\\db\\migration\\data\\v310\\dev\";}',1,1,'',1648824949,1648824949),('\\phpbb\\db\\migration\\data\\v310\\notifications_cron','a:1:{i:0;s:43:\"\\phpbb\\db\\migration\\data\\v310\\notifications\";}',1,1,'',1648824949,1648824949),('\\phpbb\\db\\migration\\data\\v310\\notifications_cron_p2','a:1:{i:0;s:48:\"\\phpbb\\db\\migration\\data\\v310\\notifications_cron\";}',1,1,'',1648824949,1648824949),('\\phpbb\\db\\migration\\data\\v310\\notifications_schema_fix','a:1:{i:0;s:43:\"\\phpbb\\db\\migration\\data\\v310\\notifications\";}',1,1,'',1648824949,1648824949),('\\phpbb\\db\\migration\\data\\v310\\notifications_use_full_name','a:1:{i:0;s:33:\"\\phpbb\\db\\migration\\data\\v310\\rc3\";}',1,1,'',1648824949,1648824949),('\\phpbb\\db\\migration\\data\\v310\\passwords','a:1:{i:0;s:44:\"\\phpbb\\db\\migration\\data\\v30x\\release_3_0_11\";}',1,1,'',1648824949,1648824949),('\\phpbb\\db\\migration\\data\\v310\\passwords_convert_p1','a:1:{i:0;s:42:\"\\phpbb\\db\\migration\\data\\v310\\passwords_p2\";}',1,1,'',1648824949,1648824949),('\\phpbb\\db\\migration\\data\\v310\\passwords_convert_p2','a:1:{i:0;s:50:\"\\phpbb\\db\\migration\\data\\v310\\passwords_convert_p1\";}',1,1,'',1648824949,1648824949),('\\phpbb\\db\\migration\\data\\v310\\passwords_p2','a:1:{i:0;s:39:\"\\phpbb\\db\\migration\\data\\v310\\passwords\";}',1,1,'',1648824949,1648824949),('\\phpbb\\db\\migration\\data\\v310\\plupload','a:1:{i:0;s:33:\"\\phpbb\\db\\migration\\data\\v310\\dev\";}',1,1,'',1648824949,1648824949),('\\phpbb\\db\\migration\\data\\v310\\postgres_fulltext_drop','a:1:{i:0;s:33:\"\\phpbb\\db\\migration\\data\\v310\\dev\";}',1,1,'',1648824949,1648824949),('\\phpbb\\db\\migration\\data\\v310\\profilefield_aol','a:1:{i:0;s:56:\"\\phpbb\\db\\migration\\data\\v310\\profilefield_yahoo_cleanup\";}',1,1,'',1648824949,1648824949),('\\phpbb\\db\\migration\\data\\v310\\profilefield_aol_cleanup','a:1:{i:0;s:46:\"\\phpbb\\db\\migration\\data\\v310\\profilefield_aol\";}',1,1,'',1648824949,1648824949),('\\phpbb\\db\\migration\\data\\v310\\profilefield_change_load_settings','a:1:{i:0;s:54:\"\\phpbb\\db\\migration\\data\\v310\\profilefield_aol_cleanup\";}',1,1,'',1648824949,1648824949),('\\phpbb\\db\\migration\\data\\v310\\profilefield_cleanup','a:2:{i:0;s:52:\"\\phpbb\\db\\migration\\data\\v310\\profilefield_interests\";i:1;s:53:\"\\phpbb\\db\\migration\\data\\v310\\profilefield_occupation\";}',1,1,'',1648824949,1648824949),('\\phpbb\\db\\migration\\data\\v310\\profilefield_contact_field','a:1:{i:0;s:56:\"\\phpbb\\db\\migration\\data\\v310\\profilefield_on_memberlist\";}',1,1,'',1648824949,1648824949),('\\phpbb\\db\\migration\\data\\v310\\profilefield_facebook','a:3:{i:0;s:56:\"\\phpbb\\db\\migration\\data\\v310\\profilefield_contact_field\";i:1;s:55:\"\\phpbb\\db\\migration\\data\\v310\\profilefield_show_novalue\";i:2;s:48:\"\\phpbb\\db\\migration\\data\\v310\\profilefield_types\";}',1,1,'',1648824949,1648824949),('\\phpbb\\db\\migration\\data\\v310\\profilefield_field_validation_length','a:1:{i:0;s:33:\"\\phpbb\\db\\migration\\data\\v310\\rc3\";}',1,1,'',1648824949,1648824949),('\\phpbb\\db\\migration\\data\\v310\\profilefield_googleplus','a:3:{i:0;s:56:\"\\phpbb\\db\\migration\\data\\v310\\profilefield_contact_field\";i:1;s:55:\"\\phpbb\\db\\migration\\data\\v310\\profilefield_show_novalue\";i:2;s:48:\"\\phpbb\\db\\migration\\data\\v310\\profilefield_types\";}',1,1,'',1648824949,1648824949),('\\phpbb\\db\\migration\\data\\v310\\profilefield_icq','a:1:{i:0;s:56:\"\\phpbb\\db\\migration\\data\\v310\\profilefield_contact_field\";}',1,1,'',1648824949,1648824949),('\\phpbb\\db\\migration\\data\\v310\\profilefield_icq_cleanup','a:1:{i:0;s:46:\"\\phpbb\\db\\migration\\data\\v310\\profilefield_icq\";}',1,1,'',1648824949,1648824949),('\\phpbb\\db\\migration\\data\\v310\\profilefield_interests','a:2:{i:0;s:48:\"\\phpbb\\db\\migration\\data\\v310\\profilefield_types\";i:1;s:55:\"\\phpbb\\db\\migration\\data\\v310\\profilefield_show_novalue\";}',1,1,'',1648824949,1648824949),('\\phpbb\\db\\migration\\data\\v310\\profilefield_location','a:2:{i:0;s:48:\"\\phpbb\\db\\migration\\data\\v310\\profilefield_types\";i:1;s:56:\"\\phpbb\\db\\migration\\data\\v310\\profilefield_on_memberlist\";}',1,1,'',1648824949,1648824949),('\\phpbb\\db\\migration\\data\\v310\\profilefield_location_cleanup','a:1:{i:0;s:51:\"\\phpbb\\db\\migration\\data\\v310\\profilefield_location\";}',1,1,'',1648824949,1648824949),('\\phpbb\\db\\migration\\data\\v310\\profilefield_occupation','a:1:{i:0;s:52:\"\\phpbb\\db\\migration\\data\\v310\\profilefield_interests\";}',1,1,'',1648824949,1648824949),('\\phpbb\\db\\migration\\data\\v310\\profilefield_on_memberlist','a:1:{i:0;s:50:\"\\phpbb\\db\\migration\\data\\v310\\profilefield_cleanup\";}',1,1,'',1648824949,1648824949),('\\phpbb\\db\\migration\\data\\v310\\profilefield_show_novalue','a:1:{i:0;s:48:\"\\phpbb\\db\\migration\\data\\v310\\profilefield_types\";}',1,1,'',1648824949,1648824949),('\\phpbb\\db\\migration\\data\\v310\\profilefield_skype','a:3:{i:0;s:56:\"\\phpbb\\db\\migration\\data\\v310\\profilefield_contact_field\";i:1;s:55:\"\\phpbb\\db\\migration\\data\\v310\\profilefield_show_novalue\";i:2;s:48:\"\\phpbb\\db\\migration\\data\\v310\\profilefield_types\";}',1,1,'',1648824949,1648824949),('\\phpbb\\db\\migration\\data\\v310\\profilefield_twitter','a:3:{i:0;s:56:\"\\phpbb\\db\\migration\\data\\v310\\profilefield_contact_field\";i:1;s:55:\"\\phpbb\\db\\migration\\data\\v310\\profilefield_show_novalue\";i:2;s:48:\"\\phpbb\\db\\migration\\data\\v310\\profilefield_types\";}',1,1,'',1648824949,1648824949),('\\phpbb\\db\\migration\\data\\v310\\profilefield_types','a:1:{i:0;s:36:\"\\phpbb\\db\\migration\\data\\v310\\alpha2\";}',1,1,'',1648824949,1648824949),('\\phpbb\\db\\migration\\data\\v310\\profilefield_website','a:2:{i:0;s:56:\"\\phpbb\\db\\migration\\data\\v310\\profilefield_on_memberlist\";i:1;s:54:\"\\phpbb\\db\\migration\\data\\v310\\profilefield_icq_cleanup\";}',1,1,'',1648824949,1648824949),('\\phpbb\\db\\migration\\data\\v310\\profilefield_website_cleanup','a:1:{i:0;s:50:\"\\phpbb\\db\\migration\\data\\v310\\profilefield_website\";}',1,1,'',1648824949,1648824949),('\\phpbb\\db\\migration\\data\\v310\\profilefield_wlm','a:1:{i:0;s:58:\"\\phpbb\\db\\migration\\data\\v310\\profilefield_website_cleanup\";}',1,1,'',1648824949,1648824949),('\\phpbb\\db\\migration\\data\\v310\\profilefield_wlm_cleanup','a:1:{i:0;s:46:\"\\phpbb\\db\\migration\\data\\v310\\profilefield_wlm\";}',1,1,'',1648824949,1648824949),('\\phpbb\\db\\migration\\data\\v310\\profilefield_yahoo','a:1:{i:0;s:54:\"\\phpbb\\db\\migration\\data\\v310\\profilefield_wlm_cleanup\";}',1,1,'',1648824949,1648824949),('\\phpbb\\db\\migration\\data\\v310\\profilefield_yahoo_cleanup','a:1:{i:0;s:48:\"\\phpbb\\db\\migration\\data\\v310\\profilefield_yahoo\";}',1,1,'',1648824949,1648824949),('\\phpbb\\db\\migration\\data\\v310\\profilefield_youtube','a:3:{i:0;s:56:\"\\phpbb\\db\\migration\\data\\v310\\profilefield_contact_field\";i:1;s:55:\"\\phpbb\\db\\migration\\data\\v310\\profilefield_show_novalue\";i:2;s:48:\"\\phpbb\\db\\migration\\data\\v310\\profilefield_types\";}',1,1,'',1648824949,1648824949),('\\phpbb\\db\\migration\\data\\v310\\prune_shadow_topics','a:1:{i:0;s:33:\"\\phpbb\\db\\migration\\data\\v310\\dev\";}',1,1,'',1648824949,1648824949),('\\phpbb\\db\\migration\\data\\v310\\rc1','a:9:{i:0;s:35:\"\\phpbb\\db\\migration\\data\\v310\\beta4\";i:1;s:54:\"\\phpbb\\db\\migration\\data\\v310\\contact_admin_acp_module\";i:2;s:48:\"\\phpbb\\db\\migration\\data\\v310\\contact_admin_form\";i:3;s:50:\"\\phpbb\\db\\migration\\data\\v310\\passwords_convert_p2\";i:4;s:51:\"\\phpbb\\db\\migration\\data\\v310\\profilefield_facebook\";i:5;s:53:\"\\phpbb\\db\\migration\\data\\v310\\profilefield_googleplus\";i:6;s:48:\"\\phpbb\\db\\migration\\data\\v310\\profilefield_skype\";i:7;s:50:\"\\phpbb\\db\\migration\\data\\v310\\profilefield_twitter\";i:8;s:50:\"\\phpbb\\db\\migration\\data\\v310\\profilefield_youtube\";}',1,1,'',1648824949,1648824949),('\\phpbb\\db\\migration\\data\\v310\\rc2','a:1:{i:0;s:33:\"\\phpbb\\db\\migration\\data\\v310\\rc1\";}',1,1,'',1648824949,1648824949),('\\phpbb\\db\\migration\\data\\v310\\rc3','a:5:{i:0;s:33:\"\\phpbb\\db\\migration\\data\\v310\\rc2\";i:1;s:45:\"\\phpbb\\db\\migration\\data\\v310\\captcha_plugins\";i:2;s:53:\"\\phpbb\\db\\migration\\data\\v310\\rename_too_long_indexes\";i:3;s:41:\"\\phpbb\\db\\migration\\data\\v310\\search_type\";i:4;s:49:\"\\phpbb\\db\\migration\\data\\v310\\topic_sort_username\";}',1,1,'',1648824949,1648824949),('\\phpbb\\db\\migration\\data\\v310\\rc4','a:2:{i:0;s:33:\"\\phpbb\\db\\migration\\data\\v310\\rc3\";i:1;s:57:\"\\phpbb\\db\\migration\\data\\v310\\notifications_use_full_name\";}',1,1,'',1648824949,1648824949),('\\phpbb\\db\\migration\\data\\v310\\rc5','a:3:{i:0;s:33:\"\\phpbb\\db\\migration\\data\\v310\\rc4\";i:1;s:66:\"\\phpbb\\db\\migration\\data\\v310\\profilefield_field_validation_length\";i:2;s:53:\"\\phpbb\\db\\migration\\data\\v310\\remove_acp_styles_cache\";}',1,1,'',1648824949,1648824949),('\\phpbb\\db\\migration\\data\\v310\\rc6','a:1:{i:0;s:33:\"\\phpbb\\db\\migration\\data\\v310\\rc5\";}',1,1,'',1648824949,1648824949),('\\phpbb\\db\\migration\\data\\v310\\remove_acp_styles_cache','a:1:{i:0;s:33:\"\\phpbb\\db\\migration\\data\\v310\\rc4\";}',1,1,'',1648824949,1648824949),('\\phpbb\\db\\migration\\data\\v310\\rename_too_long_indexes','a:1:{i:0;s:43:\"\\phpbb\\db\\migration\\data\\v30x\\release_3_0_0\";}',1,1,'',1648824949,1648824949),('\\phpbb\\db\\migration\\data\\v310\\reported_posts_display','a:1:{i:0;s:44:\"\\phpbb\\db\\migration\\data\\v30x\\release_3_0_11\";}',1,1,'',1648824949,1648824949),('\\phpbb\\db\\migration\\data\\v310\\reset_missing_captcha_plugin','a:1:{i:0;s:33:\"\\phpbb\\db\\migration\\data\\v310\\dev\";}',1,1,'',1648824949,1648824949),('\\phpbb\\db\\migration\\data\\v310\\search_type','a:1:{i:0;s:33:\"\\phpbb\\db\\migration\\data\\v310\\dev\";}',1,1,'',1648824949,1648824949),('\\phpbb\\db\\migration\\data\\v310\\signature_module_auth','a:1:{i:0;s:33:\"\\phpbb\\db\\migration\\data\\v310\\dev\";}',1,1,'',1648824949,1648824949),('\\phpbb\\db\\migration\\data\\v310\\soft_delete_mod_convert','a:1:{i:0;s:36:\"\\phpbb\\db\\migration\\data\\v310\\alpha3\";}',1,1,'',1648824949,1648824949),('\\phpbb\\db\\migration\\data\\v310\\soft_delete_mod_convert2','a:1:{i:0;s:53:\"\\phpbb\\db\\migration\\data\\v310\\soft_delete_mod_convert\";}',1,1,'',1648824949,1648824949),('\\phpbb\\db\\migration\\data\\v310\\softdelete_mcp_modules','a:2:{i:0;s:33:\"\\phpbb\\db\\migration\\data\\v310\\dev\";i:1;s:43:\"\\phpbb\\db\\migration\\data\\v310\\softdelete_p2\";}',1,1,'',1648824949,1648824949),('\\phpbb\\db\\migration\\data\\v310\\softdelete_p1','a:1:{i:0;s:33:\"\\phpbb\\db\\migration\\data\\v310\\dev\";}',1,1,'',1648824949,1648824949),('\\phpbb\\db\\migration\\data\\v310\\softdelete_p2','a:2:{i:0;s:33:\"\\phpbb\\db\\migration\\data\\v310\\dev\";i:1;s:43:\"\\phpbb\\db\\migration\\data\\v310\\softdelete_p1\";}',1,1,'',1648824949,1648824949),('\\phpbb\\db\\migration\\data\\v310\\style_update_p1','a:1:{i:0;s:44:\"\\phpbb\\db\\migration\\data\\v30x\\release_3_0_11\";}',1,1,'',1648824949,1648824949),('\\phpbb\\db\\migration\\data\\v310\\style_update_p2','a:1:{i:0;s:45:\"\\phpbb\\db\\migration\\data\\v310\\style_update_p1\";}',1,1,'',1648824949,1648824949),('\\phpbb\\db\\migration\\data\\v310\\teampage','a:1:{i:0;s:33:\"\\phpbb\\db\\migration\\data\\v310\\dev\";}',1,1,'',1648824949,1648824949),('\\phpbb\\db\\migration\\data\\v310\\timezone','a:1:{i:0;s:44:\"\\phpbb\\db\\migration\\data\\v30x\\release_3_0_11\";}',1,1,'',1648824949,1648824949),('\\phpbb\\db\\migration\\data\\v310\\timezone_p2','a:1:{i:0;s:38:\"\\phpbb\\db\\migration\\data\\v310\\timezone\";}',1,1,'',1648824949,1648824949),('\\phpbb\\db\\migration\\data\\v310\\topic_sort_username','a:1:{i:0;s:33:\"\\phpbb\\db\\migration\\data\\v310\\dev\";}',1,1,'',1648824949,1648824949),('\\phpbb\\db\\migration\\data\\v310\\ucp_popuppm_module','a:1:{i:0;s:33:\"\\phpbb\\db\\migration\\data\\v310\\dev\";}',1,1,'',1648824949,1648824949),('\\phpbb\\db\\migration\\data\\v31x\\add_jabber_ssl_context_config_options','a:1:{i:0;s:35:\"\\phpbb\\db\\migration\\data\\v31x\\v3110\";}',1,1,'',1648824949,1648824949),('\\phpbb\\db\\migration\\data\\v31x\\add_latest_topics_index','a:1:{i:0;s:35:\"\\phpbb\\db\\migration\\data\\v31x\\v3110\";}',1,1,'',1648824949,1648824949),('\\phpbb\\db\\migration\\data\\v31x\\add_log_time_index','a:1:{i:0;s:34:\"\\phpbb\\db\\migration\\data\\v31x\\v319\";}',1,1,'',1648824949,1648824949),('\\phpbb\\db\\migration\\data\\v31x\\add_smtp_ssl_context_config_options','a:1:{i:0;s:35:\"\\phpbb\\db\\migration\\data\\v31x\\v3110\";}',1,1,'',1648824949,1648824949),('\\phpbb\\db\\migration\\data\\v31x\\increase_size_of_dateformat','a:1:{i:0;s:34:\"\\phpbb\\db\\migration\\data\\v31x\\v317\";}',1,1,'',1648824949,1648824949),('\\phpbb\\db\\migration\\data\\v31x\\increase_size_of_emotion','a:1:{i:0;s:35:\"\\phpbb\\db\\migration\\data\\v31x\\v3110\";}',1,1,'',1648824949,1648824949),('\\phpbb\\db\\migration\\data\\v31x\\m_pm_report','a:1:{i:0;s:37:\"\\phpbb\\db\\migration\\data\\v31x\\v316rc1\";}',1,1,'',1648824949,1648824949),('\\phpbb\\db\\migration\\data\\v31x\\m_softdelete_global','a:1:{i:0;s:34:\"\\phpbb\\db\\migration\\data\\v31x\\v311\";}',1,1,'',1648824949,1648824949),('\\phpbb\\db\\migration\\data\\v31x\\plupload_last_gc_dynamic','a:1:{i:0;s:34:\"\\phpbb\\db\\migration\\data\\v31x\\v312\";}',1,1,'',1648824949,1648824949),('\\phpbb\\db\\migration\\data\\v31x\\profilefield_remove_underscore_from_alpha','a:1:{i:0;s:34:\"\\phpbb\\db\\migration\\data\\v31x\\v311\";}',1,1,'',1648824949,1648824949),('\\phpbb\\db\\migration\\data\\v31x\\profilefield_yahoo_update_url','a:1:{i:0;s:34:\"\\phpbb\\db\\migration\\data\\v31x\\v312\";}',1,1,'',1648824949,1648824949),('\\phpbb\\db\\migration\\data\\v31x\\remove_duplicate_migrations','a:1:{i:0;s:35:\"\\phpbb\\db\\migration\\data\\v31x\\v3110\";}',1,1,'',1648824949,1648824949),('\\phpbb\\db\\migration\\data\\v31x\\style_update','a:1:{i:0;s:34:\"\\phpbb\\db\\migration\\data\\v310\\gold\";}',1,1,'',1648824949,1648824949),('\\phpbb\\db\\migration\\data\\v31x\\update_custom_bbcodes_with_idn','a:1:{i:0;s:34:\"\\phpbb\\db\\migration\\data\\v31x\\v312\";}',1,1,'',1648824949,1648824949),('\\phpbb\\db\\migration\\data\\v31x\\update_hashes','a:1:{i:0;s:35:\"\\phpbb\\db\\migration\\data\\v31x\\v3110\";}',1,1,'',1648824949,1648824949),('\\phpbb\\db\\migration\\data\\v31x\\v311','a:2:{i:0;s:34:\"\\phpbb\\db\\migration\\data\\v310\\gold\";i:1;s:42:\"\\phpbb\\db\\migration\\data\\v31x\\style_update\";}',1,1,'',1648824949,1648824949),('\\phpbb\\db\\migration\\data\\v31x\\v3110','a:1:{i:0;s:38:\"\\phpbb\\db\\migration\\data\\v31x\\v3110rc1\";}',1,1,'',1648824949,1648824949),('\\phpbb\\db\\migration\\data\\v31x\\v3110rc1','a:1:{i:0;s:34:\"\\phpbb\\db\\migration\\data\\v31x\\v319\";}',1,1,'',1648824949,1648824949),('\\phpbb\\db\\migration\\data\\v31x\\v3111','a:1:{i:0;s:38:\"\\phpbb\\db\\migration\\data\\v31x\\v3111rc1\";}',1,1,'',1648824949,1648824949),('\\phpbb\\db\\migration\\data\\v31x\\v3111rc1','a:8:{i:0;s:35:\"\\phpbb\\db\\migration\\data\\v31x\\v3110\";i:1;s:48:\"\\phpbb\\db\\migration\\data\\v31x\\add_log_time_index\";i:2;s:54:\"\\phpbb\\db\\migration\\data\\v31x\\increase_size_of_emotion\";i:3;s:67:\"\\phpbb\\db\\migration\\data\\v31x\\add_jabber_ssl_context_config_options\";i:4;s:65:\"\\phpbb\\db\\migration\\data\\v31x\\add_smtp_ssl_context_config_options\";i:5;s:43:\"\\phpbb\\db\\migration\\data\\v31x\\update_hashes\";i:6;s:57:\"\\phpbb\\db\\migration\\data\\v31x\\remove_duplicate_migrations\";i:7;s:53:\"\\phpbb\\db\\migration\\data\\v31x\\add_latest_topics_index\";}',1,1,'',1648824949,1648824949),('\\phpbb\\db\\migration\\data\\v31x\\v3112','a:1:{i:0;s:35:\"\\phpbb\\db\\migration\\data\\v31x\\v3111\";}',1,1,'',1648824949,1648824949),('\\phpbb\\db\\migration\\data\\v31x\\v312','a:1:{i:0;s:37:\"\\phpbb\\db\\migration\\data\\v31x\\v312rc1\";}',1,1,'',1648824949,1648824949),('\\phpbb\\db\\migration\\data\\v31x\\v312rc1','a:2:{i:0;s:34:\"\\phpbb\\db\\migration\\data\\v31x\\v311\";i:1;s:49:\"\\phpbb\\db\\migration\\data\\v31x\\m_softdelete_global\";}',1,1,'',1648824949,1648824949),('\\phpbb\\db\\migration\\data\\v31x\\v313','a:1:{i:0;s:37:\"\\phpbb\\db\\migration\\data\\v31x\\v313rc2\";}',1,1,'',1648824949,1648824949),('\\phpbb\\db\\migration\\data\\v31x\\v313rc1','a:5:{i:0;s:48:\"\\phpbb\\db\\migration\\data\\v30x\\release_3_0_13_rc1\";i:1;s:54:\"\\phpbb\\db\\migration\\data\\v31x\\plupload_last_gc_dynamic\";i:2;s:71:\"\\phpbb\\db\\migration\\data\\v31x\\profilefield_remove_underscore_from_alpha\";i:3;s:59:\"\\phpbb\\db\\migration\\data\\v31x\\profilefield_yahoo_update_url\";i:4;s:60:\"\\phpbb\\db\\migration\\data\\v31x\\update_custom_bbcodes_with_idn\";}',1,1,'',1648824949,1648824949),('\\phpbb\\db\\migration\\data\\v31x\\v313rc2','a:2:{i:0;s:48:\"\\phpbb\\db\\migration\\data\\v30x\\release_3_0_13_pl1\";i:1;s:37:\"\\phpbb\\db\\migration\\data\\v31x\\v313rc1\";}',1,1,'',1648824949,1648824949),('\\phpbb\\db\\migration\\data\\v31x\\v314','a:2:{i:0;s:44:\"\\phpbb\\db\\migration\\data\\v30x\\release_3_0_14\";i:1;s:37:\"\\phpbb\\db\\migration\\data\\v31x\\v314rc2\";}',1,1,'',1648824949,1648824949),('\\phpbb\\db\\migration\\data\\v31x\\v314rc1','a:1:{i:0;s:34:\"\\phpbb\\db\\migration\\data\\v31x\\v313\";}',1,1,'',1648824949,1648824949),('\\phpbb\\db\\migration\\data\\v31x\\v314rc2','a:2:{i:0;s:48:\"\\phpbb\\db\\migration\\data\\v30x\\release_3_0_14_rc1\";i:1;s:37:\"\\phpbb\\db\\migration\\data\\v31x\\v314rc1\";}',1,1,'',1648824949,1648824949),('\\phpbb\\db\\migration\\data\\v31x\\v315','a:1:{i:0;s:37:\"\\phpbb\\db\\migration\\data\\v31x\\v315rc1\";}',1,1,'',1648824949,1648824949),('\\phpbb\\db\\migration\\data\\v31x\\v315rc1','a:1:{i:0;s:34:\"\\phpbb\\db\\migration\\data\\v31x\\v314\";}',1,1,'',1648824949,1648824949),('\\phpbb\\db\\migration\\data\\v31x\\v316','a:1:{i:0;s:37:\"\\phpbb\\db\\migration\\data\\v31x\\v316rc1\";}',1,1,'',1648824949,1648824949),('\\phpbb\\db\\migration\\data\\v31x\\v316rc1','a:1:{i:0;s:34:\"\\phpbb\\db\\migration\\data\\v31x\\v315\";}',1,1,'',1648824949,1648824949),('\\phpbb\\db\\migration\\data\\v31x\\v317','a:1:{i:0;s:37:\"\\phpbb\\db\\migration\\data\\v31x\\v317rc1\";}',1,1,'',1648824949,1648824949),('\\phpbb\\db\\migration\\data\\v31x\\v317pl1','a:1:{i:0;s:34:\"\\phpbb\\db\\migration\\data\\v31x\\v317\";}',1,1,'',1648824949,1648824949),('\\phpbb\\db\\migration\\data\\v31x\\v317rc1','a:2:{i:0;s:41:\"\\phpbb\\db\\migration\\data\\v31x\\m_pm_report\";i:1;s:34:\"\\phpbb\\db\\migration\\data\\v31x\\v316\";}',1,1,'',1648824949,1648824949),('\\phpbb\\db\\migration\\data\\v31x\\v318','a:1:{i:0;s:37:\"\\phpbb\\db\\migration\\data\\v31x\\v318rc1\";}',1,1,'',1648824949,1648824949),('\\phpbb\\db\\migration\\data\\v31x\\v318rc1','a:2:{i:0;s:57:\"\\phpbb\\db\\migration\\data\\v31x\\increase_size_of_dateformat\";i:1;s:37:\"\\phpbb\\db\\migration\\data\\v31x\\v317pl1\";}',1,1,'',1648824949,1648824949),('\\phpbb\\db\\migration\\data\\v31x\\v319','a:1:{i:0;s:37:\"\\phpbb\\db\\migration\\data\\v31x\\v319rc1\";}',1,1,'',1648824949,1648824949),('\\phpbb\\db\\migration\\data\\v31x\\v319rc1','a:1:{i:0;s:34:\"\\phpbb\\db\\migration\\data\\v31x\\v318\";}',1,1,'',1648824949,1648824949),('\\phpbb\\db\\migration\\data\\v320\\add_help_phpbb','a:1:{i:0;s:37:\"\\phpbb\\db\\migration\\data\\v320\\v320rc1\";}',1,1,'',1648824949,1648824949),('\\phpbb\\db\\migration\\data\\v320\\allowed_schemes_links','a:1:{i:0;s:33:\"\\phpbb\\db\\migration\\data\\v320\\dev\";}',1,1,'',1648824949,1648824949),('\\phpbb\\db\\migration\\data\\v320\\announce_global_permission','a:1:{i:0;s:33:\"\\phpbb\\db\\migration\\data\\v320\\dev\";}',1,1,'',1648824949,1648824949),('\\phpbb\\db\\migration\\data\\v320\\cookie_notice','a:1:{i:0;s:37:\"\\phpbb\\db\\migration\\data\\v320\\v320rc2\";}',1,1,'',1648824949,1648824949),('\\phpbb\\db\\migration\\data\\v320\\default_data_type_ids','a:2:{i:0;s:36:\"\\phpbb\\db\\migration\\data\\v320\\v320a2\";i:1;s:42:\"\\phpbb\\db\\migration\\data\\v320\\oauth_states\";}',1,1,'',1648824949,1648824949),('\\phpbb\\db\\migration\\data\\v320\\dev','a:1:{i:0;s:34:\"\\phpbb\\db\\migration\\data\\v31x\\v316\";}',1,1,'',1648824949,1648824949),('\\phpbb\\db\\migration\\data\\v320\\font_awesome_update','a:1:{i:0;s:33:\"\\phpbb\\db\\migration\\data\\v320\\dev\";}',1,1,'',1648824949,1648824949),('\\phpbb\\db\\migration\\data\\v320\\icons_alt','a:1:{i:0;s:33:\"\\phpbb\\db\\migration\\data\\v320\\dev\";}',1,1,'',1648824949,1648824949),('\\phpbb\\db\\migration\\data\\v320\\log_post_id','a:1:{i:0;s:33:\"\\phpbb\\db\\migration\\data\\v320\\dev\";}',1,1,'',1648824949,1648824949),('\\phpbb\\db\\migration\\data\\v320\\notifications_board','a:1:{i:0;s:33:\"\\phpbb\\db\\migration\\data\\v320\\dev\";}',1,1,'',1648824949,1648824949),('\\phpbb\\db\\migration\\data\\v320\\oauth_states','a:1:{i:0;s:49:\"\\phpbb\\db\\migration\\data\\v310\\auth_provider_oauth\";}',1,1,'',1648824949,1648824949),('\\phpbb\\db\\migration\\data\\v320\\remote_upload_validation','a:1:{i:0;s:36:\"\\phpbb\\db\\migration\\data\\v320\\v320a2\";}',1,1,'',1648824949,1648824949),('\\phpbb\\db\\migration\\data\\v320\\remove_outdated_media','a:1:{i:0;s:33:\"\\phpbb\\db\\migration\\data\\v320\\dev\";}',1,1,'',1648824949,1648824949),('\\phpbb\\db\\migration\\data\\v320\\remove_profilefield_wlm','a:1:{i:0;s:33:\"\\phpbb\\db\\migration\\data\\v320\\dev\";}',1,1,'',1648824949,1648824949),('\\phpbb\\db\\migration\\data\\v320\\report_id_auto_increment','a:1:{i:0;s:51:\"\\phpbb\\db\\migration\\data\\v320\\default_data_type_ids\";}',1,1,'',1648824949,1648824949),('\\phpbb\\db\\migration\\data\\v320\\text_reparser','a:2:{i:0;s:48:\"\\phpbb\\db\\migration\\data\\v310\\contact_admin_form\";i:1;s:51:\"\\phpbb\\db\\migration\\data\\v320\\allowed_schemes_links\";}',1,1,'',1648824949,1648824949),('\\phpbb\\db\\migration\\data\\v320\\v320','a:2:{i:0;s:54:\"\\phpbb\\db\\migration\\data\\v31x\\increase_size_of_emotion\";i:1;s:43:\"\\phpbb\\db\\migration\\data\\v320\\cookie_notice\";}',1,1,'',1648824949,1648824949),('\\phpbb\\db\\migration\\data\\v320\\v320a1','a:9:{i:0;s:33:\"\\phpbb\\db\\migration\\data\\v320\\dev\";i:1;s:51:\"\\phpbb\\db\\migration\\data\\v320\\allowed_schemes_links\";i:2;s:56:\"\\phpbb\\db\\migration\\data\\v320\\announce_global_permission\";i:3;s:53:\"\\phpbb\\db\\migration\\data\\v320\\remove_profilefield_wlm\";i:4;s:49:\"\\phpbb\\db\\migration\\data\\v320\\font_awesome_update\";i:5;s:39:\"\\phpbb\\db\\migration\\data\\v320\\icons_alt\";i:6;s:41:\"\\phpbb\\db\\migration\\data\\v320\\log_post_id\";i:7;s:51:\"\\phpbb\\db\\migration\\data\\v320\\remove_outdated_media\";i:8;s:49:\"\\phpbb\\db\\migration\\data\\v320\\notifications_board\";}',1,1,'',1648824949,1648824949),('\\phpbb\\db\\migration\\data\\v320\\v320a2','a:3:{i:0;s:37:\"\\phpbb\\db\\migration\\data\\v31x\\v317rc1\";i:1;s:43:\"\\phpbb\\db\\migration\\data\\v320\\text_reparser\";i:2;s:36:\"\\phpbb\\db\\migration\\data\\v320\\v320a1\";}',1,1,'',1648824949,1648824949),('\\phpbb\\db\\migration\\data\\v320\\v320b1','a:4:{i:0;s:37:\"\\phpbb\\db\\migration\\data\\v31x\\v317pl1\";i:1;s:36:\"\\phpbb\\db\\migration\\data\\v320\\v320a2\";i:2;s:57:\"\\phpbb\\db\\migration\\data\\v31x\\increase_size_of_dateformat\";i:3;s:51:\"\\phpbb\\db\\migration\\data\\v320\\default_data_type_ids\";}',1,1,'',1648824949,1648824949),('\\phpbb\\db\\migration\\data\\v320\\v320b2','a:3:{i:0;s:34:\"\\phpbb\\db\\migration\\data\\v31x\\v318\";i:1;s:36:\"\\phpbb\\db\\migration\\data\\v320\\v320b1\";i:2;s:54:\"\\phpbb\\db\\migration\\data\\v320\\remote_upload_validation\";}',1,1,'',1648824949,1648824949),('\\phpbb\\db\\migration\\data\\v320\\v320rc1','a:3:{i:0;s:34:\"\\phpbb\\db\\migration\\data\\v31x\\v319\";i:1;s:54:\"\\phpbb\\db\\migration\\data\\v320\\report_id_auto_increment\";i:2;s:36:\"\\phpbb\\db\\migration\\data\\v320\\v320b2\";}',1,1,'',1648824949,1648824949),('\\phpbb\\db\\migration\\data\\v320\\v320rc2','a:3:{i:0;s:57:\"\\phpbb\\db\\migration\\data\\v31x\\remove_duplicate_migrations\";i:1;s:48:\"\\phpbb\\db\\migration\\data\\v31x\\add_log_time_index\";i:2;s:44:\"\\phpbb\\db\\migration\\data\\v320\\add_help_phpbb\";}',1,1,'',1648824949,1648824949),('\\phpbb\\db\\migration\\data\\v32x\\add_missing_config','a:1:{i:0;s:34:\"\\phpbb\\db\\migration\\data\\v32x\\v329\";}',1,1,'',1648824949,1648824949),('\\phpbb\\db\\migration\\data\\v32x\\add_plupload_config','a:1:{i:0;s:34:\"\\phpbb\\db\\migration\\data\\v32x\\v329\";}',1,1,'',1648824949,1648824949),('\\phpbb\\db\\migration\\data\\v32x\\cookie_notice_p2','a:1:{i:0;s:34:\"\\phpbb\\db\\migration\\data\\v320\\v320\";}',1,1,'',1648824949,1648824949),('\\phpbb\\db\\migration\\data\\v32x\\disable_remote_avatar','a:1:{i:0;s:34:\"\\phpbb\\db\\migration\\data\\v32x\\v325\";}',1,1,'',1648824949,1648824949),('\\phpbb\\db\\migration\\data\\v32x\\email_force_sender','a:1:{i:0;s:34:\"\\phpbb\\db\\migration\\data\\v32x\\v321\";}',1,1,'',1648824949,1648824949),('\\phpbb\\db\\migration\\data\\v32x\\enable_accurate_pm_button','a:1:{i:0;s:34:\"\\phpbb\\db\\migration\\data\\v32x\\v322\";}',1,1,'',1648824949,1648824949),('\\phpbb\\db\\migration\\data\\v32x\\f_list_topics_permission_add','a:1:{i:0;s:34:\"\\phpbb\\db\\migration\\data\\v32x\\v321\";}',1,1,'',1648824949,1648824949),('\\phpbb\\db\\migration\\data\\v32x\\fix_user_styles','a:1:{i:0;s:34:\"\\phpbb\\db\\migration\\data\\v320\\v320\";}',1,1,'',1648824949,1648824949),('\\phpbb\\db\\migration\\data\\v32x\\font_awesome_update_cdn','a:1:{i:0;s:48:\"\\phpbb\\db\\migration\\data\\v32x\\add_missing_config\";}',1,1,'',1648824949,1648824949),('\\phpbb\\db\\migration\\data\\v32x\\font_awesome_update_cdn_fix_depends_on','a:2:{i:0;s:53:\"\\phpbb\\db\\migration\\data\\v32x\\font_awesome_update_cdn\";i:1;s:48:\"\\phpbb\\db\\migration\\data\\v32x\\add_missing_config\";}',1,1,'',1648824949,1648824949),('\\phpbb\\db\\migration\\data\\v32x\\forum_topics_per_page_type','a:1:{i:0;s:34:\"\\phpbb\\db\\migration\\data\\v32x\\v323\";}',1,1,'',1648824949,1648824949),('\\phpbb\\db\\migration\\data\\v32x\\jquery_update','a:1:{i:0;s:37:\"\\phpbb\\db\\migration\\data\\v32x\\v325rc1\";}',1,1,'',1648824949,1648824949),('\\phpbb\\db\\migration\\data\\v32x\\load_user_activity_limit','a:1:{i:0;s:34:\"\\phpbb\\db\\migration\\data\\v320\\v320\";}',1,1,'',1648824949,1648824949),('\\phpbb\\db\\migration\\data\\v32x\\merge_duplicate_bbcodes','a:0:{}',1,1,'',1648824949,1648824949),('\\phpbb\\db\\migration\\data\\v32x\\remove_imagick','a:1:{i:0;s:37:\"\\phpbb\\db\\migration\\data\\v32x\\v324rc1\";}',1,1,'',1648824949,1648824949),('\\phpbb\\db\\migration\\data\\v32x\\smtp_dynamic_data','a:1:{i:0;s:37:\"\\phpbb\\db\\migration\\data\\v32x\\v326rc1\";}',1,1,'',1648824949,1648824949),('\\phpbb\\db\\migration\\data\\v32x\\timezone_p3','a:1:{i:0;s:38:\"\\phpbb\\db\\migration\\data\\v310\\timezone\";}',1,1,'',1648824949,1648824949),('\\phpbb\\db\\migration\\data\\v32x\\update_prosilver_bitfield','a:1:{i:0;s:34:\"\\phpbb\\db\\migration\\data\\v32x\\v321\";}',1,1,'',1648824949,1648824949),('\\phpbb\\db\\migration\\data\\v32x\\user_emoji_permission','a:1:{i:0;s:37:\"\\phpbb\\db\\migration\\data\\v32x\\v329rc1\";}',1,1,'',1648824949,1648824949),('\\phpbb\\db\\migration\\data\\v32x\\user_notifications_table_index_p1','a:1:{i:0;s:46:\"\\phpbb\\db\\migration\\data\\v32x\\cookie_notice_p2\";}',1,1,'',1648824949,1648824949),('\\phpbb\\db\\migration\\data\\v32x\\user_notifications_table_index_p2','a:1:{i:0;s:63:\"\\phpbb\\db\\migration\\data\\v32x\\user_notifications_table_index_p1\";}',1,1,'',1648824949,1648824949),('\\phpbb\\db\\migration\\data\\v32x\\user_notifications_table_index_p3','a:1:{i:0;s:63:\"\\phpbb\\db\\migration\\data\\v32x\\user_notifications_table_index_p2\";}',1,1,'',1648824949,1648824949),('\\phpbb\\db\\migration\\data\\v32x\\user_notifications_table_reduce_column_sizes','a:1:{i:0;s:63:\"\\phpbb\\db\\migration\\data\\v32x\\user_notifications_table_index_p3\";}',1,1,'',1648824949,1648824949),('\\phpbb\\db\\migration\\data\\v32x\\user_notifications_table_remove_duplicates','a:1:{i:0;s:65:\"\\phpbb\\db\\migration\\data\\v32x\\user_notifications_table_temp_index\";}',1,1,'',1648824949,1648824949),('\\phpbb\\db\\migration\\data\\v32x\\user_notifications_table_temp_index','a:1:{i:0;s:74:\"\\phpbb\\db\\migration\\data\\v32x\\user_notifications_table_reduce_column_sizes\";}',1,1,'',1648824949,1648824949),('\\phpbb\\db\\migration\\data\\v32x\\user_notifications_table_unique_index','a:1:{i:0;s:72:\"\\phpbb\\db\\migration\\data\\v32x\\user_notifications_table_remove_duplicates\";}',1,1,'',1648824949,1648824949),('\\phpbb\\db\\migration\\data\\v32x\\v321','a:2:{i:0;s:35:\"\\phpbb\\db\\migration\\data\\v31x\\v3111\";i:1;s:37:\"\\phpbb\\db\\migration\\data\\v32x\\v321rc1\";}',1,1,'',1648824949,1648824949),('\\phpbb\\db\\migration\\data\\v32x\\v3210','a:1:{i:0;s:38:\"\\phpbb\\db\\migration\\data\\v32x\\v3210rc2\";}',1,1,'',1648824949,1648824949),('\\phpbb\\db\\migration\\data\\v32x\\v3210rc1','a:3:{i:0;s:34:\"\\phpbb\\db\\migration\\data\\v32x\\v329\";i:1;s:49:\"\\phpbb\\db\\migration\\data\\v32x\\add_plupload_config\";i:2;s:53:\"\\phpbb\\db\\migration\\data\\v32x\\font_awesome_update_cdn\";}',1,1,'',1648824949,1648824949),('\\phpbb\\db\\migration\\data\\v32x\\v3210rc2','a:2:{i:0;s:68:\"\\phpbb\\db\\migration\\data\\v32x\\font_awesome_update_cdn_fix_depends_on\";i:1;s:38:\"\\phpbb\\db\\migration\\data\\v32x\\v3210rc1\";}',1,1,'',1648824949,1648824949),('\\phpbb\\db\\migration\\data\\v32x\\v3211','a:1:{i:0;s:35:\"\\phpbb\\db\\migration\\data\\v32x\\v3210\";}',1,1,'',1648824949,1648824949),('\\phpbb\\db\\migration\\data\\v32x\\v321rc1','a:4:{i:0;s:34:\"\\phpbb\\db\\migration\\data\\v320\\v320\";i:1;s:38:\"\\phpbb\\db\\migration\\data\\v31x\\v3111rc1\";i:2;s:54:\"\\phpbb\\db\\migration\\data\\v32x\\load_user_activity_limit\";i:3;s:67:\"\\phpbb\\db\\migration\\data\\v32x\\user_notifications_table_unique_index\";}',1,1,'',1648824949,1648824949),('\\phpbb\\db\\migration\\data\\v32x\\v322','a:2:{i:0;s:35:\"\\phpbb\\db\\migration\\data\\v31x\\v3112\";i:1;s:37:\"\\phpbb\\db\\migration\\data\\v32x\\v322rc1\";}',1,1,'',1648824949,1648824949),('\\phpbb\\db\\migration\\data\\v32x\\v322rc1','a:6:{i:0;s:34:\"\\phpbb\\db\\migration\\data\\v32x\\v321\";i:1;s:45:\"\\phpbb\\db\\migration\\data\\v32x\\fix_user_styles\";i:2;s:55:\"\\phpbb\\db\\migration\\data\\v32x\\update_prosilver_bitfield\";i:3;s:48:\"\\phpbb\\db\\migration\\data\\v32x\\email_force_sender\";i:4;s:58:\"\\phpbb\\db\\migration\\data\\v32x\\f_list_topics_permission_add\";i:5;s:53:\"\\phpbb\\db\\migration\\data\\v32x\\merge_duplicate_bbcodes\";}',1,1,'',1648824949,1648824949),('\\phpbb\\db\\migration\\data\\v32x\\v323','a:1:{i:0;s:37:\"\\phpbb\\db\\migration\\data\\v32x\\v323rc2\";}',1,1,'',1648824949,1648824949),('\\phpbb\\db\\migration\\data\\v32x\\v323rc1','a:2:{i:0;s:34:\"\\phpbb\\db\\migration\\data\\v32x\\v322\";i:1;s:55:\"\\phpbb\\db\\migration\\data\\v32x\\enable_accurate_pm_button\";}',1,1,'',1648824949,1648824949),('\\phpbb\\db\\migration\\data\\v32x\\v323rc2','a:1:{i:0;s:37:\"\\phpbb\\db\\migration\\data\\v32x\\v323rc1\";}',1,1,'',1648824949,1648824949),('\\phpbb\\db\\migration\\data\\v32x\\v324','a:2:{i:0;s:37:\"\\phpbb\\db\\migration\\data\\v32x\\v324rc1\";i:1;s:44:\"\\phpbb\\db\\migration\\data\\v32x\\remove_imagick\";}',1,1,'',1648824949,1648824949),('\\phpbb\\db\\migration\\data\\v32x\\v324rc1','a:2:{i:0;s:34:\"\\phpbb\\db\\migration\\data\\v32x\\v323\";i:1;s:56:\"\\phpbb\\db\\migration\\data\\v32x\\forum_topics_per_page_type\";}',1,1,'',1648824949,1648824949),('\\phpbb\\db\\migration\\data\\v32x\\v325','a:2:{i:0;s:37:\"\\phpbb\\db\\migration\\data\\v32x\\v325rc1\";i:1;s:43:\"\\phpbb\\db\\migration\\data\\v32x\\jquery_update\";}',1,1,'',1648824949,1648824949),('\\phpbb\\db\\migration\\data\\v32x\\v325rc1','a:1:{i:0;s:34:\"\\phpbb\\db\\migration\\data\\v32x\\v324\";}',1,1,'',1648824949,1648824949),('\\phpbb\\db\\migration\\data\\v32x\\v326','a:3:{i:0;s:37:\"\\phpbb\\db\\migration\\data\\v32x\\v326rc1\";i:1;s:51:\"\\phpbb\\db\\migration\\data\\v32x\\disable_remote_avatar\";i:2;s:47:\"\\phpbb\\db\\migration\\data\\v32x\\smtp_dynamic_data\";}',1,1,'',1648824949,1648824949),('\\phpbb\\db\\migration\\data\\v32x\\v326rc1','a:1:{i:0;s:34:\"\\phpbb\\db\\migration\\data\\v32x\\v325\";}',1,1,'',1648824949,1648824949),('\\phpbb\\db\\migration\\data\\v32x\\v327','a:1:{i:0;s:37:\"\\phpbb\\db\\migration\\data\\v32x\\v327rc1\";}',1,1,'',1648824949,1648824949),('\\phpbb\\db\\migration\\data\\v32x\\v327rc1','a:1:{i:0;s:34:\"\\phpbb\\db\\migration\\data\\v32x\\v326\";}',1,1,'',1648824949,1648824949),('\\phpbb\\db\\migration\\data\\v32x\\v328','a:1:{i:0;s:37:\"\\phpbb\\db\\migration\\data\\v32x\\v328rc1\";}',1,1,'',1648824949,1648824949),('\\phpbb\\db\\migration\\data\\v32x\\v328rc1','a:2:{i:0;s:41:\"\\phpbb\\db\\migration\\data\\v32x\\timezone_p3\";i:1;s:34:\"\\phpbb\\db\\migration\\data\\v32x\\v327\";}',1,1,'',1648824949,1648824949),('\\phpbb\\db\\migration\\data\\v32x\\v329','a:2:{i:0;s:37:\"\\phpbb\\db\\migration\\data\\v32x\\v329rc1\";i:1;s:51:\"\\phpbb\\db\\migration\\data\\v32x\\user_emoji_permission\";}',1,1,'',1648824949,1648824949),('\\phpbb\\db\\migration\\data\\v32x\\v329rc1','a:1:{i:0;s:34:\"\\phpbb\\db\\migration\\data\\v32x\\v328\";}',1,1,'',1648824949,1648824949),('\\phpbb\\db\\migration\\data\\v330\\add_display_unapproved_posts_config','a:1:{i:0;s:33:\"\\phpbb\\db\\migration\\data\\v330\\dev\";}',1,1,'',1648824949,1648824949),('\\phpbb\\db\\migration\\data\\v330\\dev','a:1:{i:0;s:34:\"\\phpbb\\db\\migration\\data\\v32x\\v327\";}',1,1,'',1648824949,1648824949),('\\phpbb\\db\\migration\\data\\v330\\forums_legend_limit','a:1:{i:0;s:36:\"\\phpbb\\db\\migration\\data\\v330\\v330b1\";}',1,1,'',1648824949,1648824949),('\\phpbb\\db\\migration\\data\\v330\\jquery_update','a:1:{i:0;s:33:\"\\phpbb\\db\\migration\\data\\v330\\dev\";}',1,1,'',1648824949,1648824949),('\\phpbb\\db\\migration\\data\\v330\\remove_attachment_flash','a:1:{i:0;s:33:\"\\phpbb\\db\\migration\\data\\v330\\dev\";}',1,1,'',1648824949,1648824949),('\\phpbb\\db\\migration\\data\\v330\\remove_email_hash','a:1:{i:0;s:43:\"\\phpbb\\db\\migration\\data\\v30x\\release_3_0_0\";}',1,1,'',1648824949,1648824949),('\\phpbb\\db\\migration\\data\\v330\\remove_max_pass_chars','a:1:{i:0;s:33:\"\\phpbb\\db\\migration\\data\\v330\\dev\";}',1,1,'',1648824949,1648824949),('\\phpbb\\db\\migration\\data\\v330\\reset_password','a:1:{i:0;s:33:\"\\phpbb\\db\\migration\\data\\v330\\dev\";}',1,1,'',1648824949,1648824949),('\\phpbb\\db\\migration\\data\\v330\\v330','a:2:{i:0;s:34:\"\\phpbb\\db\\migration\\data\\v32x\\v329\";i:1;s:37:\"\\phpbb\\db\\migration\\data\\v330\\v330rc1\";}',1,1,'',1648824949,1648824949),('\\phpbb\\db\\migration\\data\\v330\\v330b1','a:6:{i:0;s:43:\"\\phpbb\\db\\migration\\data\\v330\\jquery_update\";i:1;s:44:\"\\phpbb\\db\\migration\\data\\v330\\reset_password\";i:2;s:53:\"\\phpbb\\db\\migration\\data\\v330\\remove_attachment_flash\";i:3;s:51:\"\\phpbb\\db\\migration\\data\\v330\\remove_max_pass_chars\";i:4;s:34:\"\\phpbb\\db\\migration\\data\\v32x\\v328\";i:5;s:33:\"\\phpbb\\db\\migration\\data\\v330\\dev\";}',1,1,'',1648824949,1648824949),('\\phpbb\\db\\migration\\data\\v330\\v330b2','a:4:{i:0;s:65:\"\\phpbb\\db\\migration\\data\\v330\\add_display_unapproved_posts_config\";i:1;s:49:\"\\phpbb\\db\\migration\\data\\v330\\forums_legend_limit\";i:2;s:47:\"\\phpbb\\db\\migration\\data\\v330\\remove_email_hash\";i:3;s:36:\"\\phpbb\\db\\migration\\data\\v330\\v330b1\";}',1,1,'',1648824949,1648824949),('\\phpbb\\db\\migration\\data\\v330\\v330rc1','a:1:{i:0;s:36:\"\\phpbb\\db\\migration\\data\\v330\\v330b2\";}',1,1,'',1648824949,1648824949),('\\phpbb\\db\\migration\\data\\v33x\\add_notification_emails_table','a:1:{i:0;s:34:\"\\phpbb\\db\\migration\\data\\v330\\v330\";}',1,1,'',1648824949,1648824949),('\\phpbb\\db\\migration\\data\\v33x\\bot_update','a:1:{i:0;s:34:\"\\phpbb\\db\\migration\\data\\v330\\v330\";}',1,1,'',1648824949,1648824949),('\\phpbb\\db\\migration\\data\\v33x\\bot_update_v2','a:1:{i:0;s:34:\"\\phpbb\\db\\migration\\data\\v33x\\v334\";}',1,1,'',1648824949,1648824949),('\\phpbb\\db\\migration\\data\\v33x\\default_search_return_chars','a:1:{i:0;s:34:\"\\phpbb\\db\\migration\\data\\v330\\v330\";}',1,1,'',1648824949,1648824949),('\\phpbb\\db\\migration\\data\\v33x\\extend_bbcode_tooltip','a:1:{i:0;s:34:\"\\phpbb\\db\\migration\\data\\v33x\\v334\";}',1,1,'',1648824949,1648824949),('\\phpbb\\db\\migration\\data\\v33x\\fix_display_unapproved_posts_config','a:1:{i:0;s:65:\"\\phpbb\\db\\migration\\data\\v330\\add_display_unapproved_posts_config\";}',1,1,'',1648824949,1648824949),('\\phpbb\\db\\migration\\data\\v33x\\font_awesome_5_rollback','a:1:{i:0;s:51:\"\\phpbb\\db\\migration\\data\\v33x\\font_awesome_5_update\";}',1,1,'',1648824949,1648824949),('\\phpbb\\db\\migration\\data\\v33x\\font_awesome_5_update','a:2:{i:0;s:34:\"\\phpbb\\db\\migration\\data\\v330\\v330\";i:1;s:53:\"\\phpbb\\db\\migration\\data\\v32x\\font_awesome_update_cdn\";}',1,1,'',1648824949,1648824949),('\\phpbb\\db\\migration\\data\\v33x\\google_recaptcha_v3','a:1:{i:0;s:34:\"\\phpbb\\db\\migration\\data\\v330\\v330\";}',1,1,'',1648824949,1648824949),('\\phpbb\\db\\migration\\data\\v33x\\jquery_update','a:1:{i:0;s:37:\"\\phpbb\\db\\migration\\data\\v33x\\v331rc1\";}',1,1,'',1648824949,1648824949),('\\phpbb\\db\\migration\\data\\v33x\\jquery_update_v2','a:1:{i:0;s:34:\"\\phpbb\\db\\migration\\data\\v33x\\v334\";}',1,1,'',1648824949,1648824949),('\\phpbb\\db\\migration\\data\\v33x\\profilefield_cleanup','a:1:{i:0;s:34:\"\\phpbb\\db\\migration\\data\\v330\\v330\";}',1,1,'',1648824949,1648824949),('\\phpbb\\db\\migration\\data\\v33x\\remove_orphaned_roles','a:1:{i:0;s:34:\"\\phpbb\\db\\migration\\data\\v33x\\v335\";}',1,1,'',1648824949,1648824949),('\\phpbb\\db\\migration\\data\\v33x\\remove_profilefield_aol','a:1:{i:0;s:34:\"\\phpbb\\db\\migration\\data\\v33x\\v331\";}',1,1,'',1648824949,1648824949),('\\phpbb\\db\\migration\\data\\v33x\\v331','a:4:{i:0;s:53:\"\\phpbb\\db\\migration\\data\\v33x\\font_awesome_5_rollback\";i:1;s:43:\"\\phpbb\\db\\migration\\data\\v33x\\jquery_update\";i:2;s:35:\"\\phpbb\\db\\migration\\data\\v32x\\v3210\";i:3;s:37:\"\\phpbb\\db\\migration\\data\\v33x\\v331rc1\";}',1,1,'',1648824949,1648824949),('\\phpbb\\db\\migration\\data\\v33x\\v331rc1','a:8:{i:0;s:59:\"\\phpbb\\db\\migration\\data\\v33x\\add_notification_emails_table\";i:1;s:65:\"\\phpbb\\db\\migration\\data\\v33x\\fix_display_unapproved_posts_config\";i:2;s:40:\"\\phpbb\\db\\migration\\data\\v33x\\bot_update\";i:3;s:51:\"\\phpbb\\db\\migration\\data\\v33x\\font_awesome_5_update\";i:4;s:50:\"\\phpbb\\db\\migration\\data\\v33x\\profilefield_cleanup\";i:5;s:49:\"\\phpbb\\db\\migration\\data\\v33x\\google_recaptcha_v3\";i:6;s:57:\"\\phpbb\\db\\migration\\data\\v33x\\default_search_return_chars\";i:7;s:38:\"\\phpbb\\db\\migration\\data\\v32x\\v3210rc2\";}',1,1,'',1648824949,1648824949),('\\phpbb\\db\\migration\\data\\v33x\\v332','a:2:{i:0;s:37:\"\\phpbb\\db\\migration\\data\\v33x\\v332rc1\";i:1;s:35:\"\\phpbb\\db\\migration\\data\\v32x\\v3211\";}',1,1,'',1648824949,1648824949),('\\phpbb\\db\\migration\\data\\v33x\\v332rc1','a:1:{i:0;s:53:\"\\phpbb\\db\\migration\\data\\v33x\\remove_profilefield_aol\";}',1,1,'',1648824949,1648824949),('\\phpbb\\db\\migration\\data\\v33x\\v333','a:1:{i:0;s:37:\"\\phpbb\\db\\migration\\data\\v33x\\v333rc1\";}',1,1,'',1648824949,1648824949),('\\phpbb\\db\\migration\\data\\v33x\\v333rc1','a:1:{i:0;s:34:\"\\phpbb\\db\\migration\\data\\v33x\\v332\";}',1,1,'',1648824949,1648824949),('\\phpbb\\db\\migration\\data\\v33x\\v334','a:1:{i:0;s:37:\"\\phpbb\\db\\migration\\data\\v33x\\v334rc1\";}',1,1,'',1648824949,1648824949),('\\phpbb\\db\\migration\\data\\v33x\\v334rc1','a:1:{i:0;s:34:\"\\phpbb\\db\\migration\\data\\v33x\\v333\";}',1,1,'',1648824949,1648824949),('\\phpbb\\db\\migration\\data\\v33x\\v335','a:1:{i:0;s:37:\"\\phpbb\\db\\migration\\data\\v33x\\v335rc1\";}',1,1,'',1648824949,1648824949),('\\phpbb\\db\\migration\\data\\v33x\\v335rc1','a:3:{i:0;s:51:\"\\phpbb\\db\\migration\\data\\v33x\\extend_bbcode_tooltip\";i:1;s:43:\"\\phpbb\\db\\migration\\data\\v33x\\bot_update_v2\";i:2;s:46:\"\\phpbb\\db\\migration\\data\\v33x\\jquery_update_v2\";}',1,1,'',1648824949,1648824949),('\\phpbb\\db\\migration\\data\\v33x\\v336','a:1:{i:0;s:37:\"\\phpbb\\db\\migration\\data\\v33x\\v336rc1\";}',1,1,'',1648824949,1648824949),('\\phpbb\\db\\migration\\data\\v33x\\v336rc1','a:1:{i:0;s:51:\"\\phpbb\\db\\migration\\data\\v33x\\remove_orphaned_roles\";}',1,1,'',1648824949,1648824949),('\\phpbb\\db\\migration\\data\\v33x\\v337','a:1:{i:0;s:34:\"\\phpbb\\db\\migration\\data\\v33x\\v336\";}',1,1,'',1648824949,1648824949),('\\phpbb\\viglink\\migrations\\viglink_ask_admin','a:1:{i:0;s:41:\"\\phpbb\\viglink\\migrations\\viglink_data_v2\";}',1,1,'',1648824950,1648824950),('\\phpbb\\viglink\\migrations\\viglink_ask_admin_wait','a:1:{i:0;s:43:\"\\phpbb\\viglink\\migrations\\viglink_ask_admin\";}',1,1,'',1648824950,1648824950),('\\phpbb\\viglink\\migrations\\viglink_cron','a:1:{i:0;s:38:\"\\phpbb\\viglink\\migrations\\viglink_data\";}',1,1,'',0,0),('\\phpbb\\viglink\\migrations\\viglink_data','a:1:{i:0;s:34:\"\\phpbb\\db\\migration\\data\\v31x\\v312\";}',1,1,'',1648824950,1648824950),('\\phpbb\\viglink\\migrations\\viglink_data_v2','a:1:{i:0;s:38:\"\\phpbb\\viglink\\migrations\\viglink_data\";}',1,1,'',1648824950,1648824950);
/*!40000 ALTER TABLE `phpbb_migrations` ENABLE KEYS */;
UNLOCK TABLES;

--
-- Table structure for table `phpbb_moderator_cache`
--

DROP TABLE IF EXISTS `phpbb_moderator_cache`;
/*!40101 SET @saved_cs_client     = @@character_set_client */;
/*!40101 SET character_set_client = utf8 */;
CREATE TABLE `phpbb_moderator_cache` (
  `forum_id` mediumint(8) unsigned NOT NULL DEFAULT 0,
  `user_id` int(10) unsigned NOT NULL DEFAULT 0,
  `username` varchar(255) COLLATE utf8_bin NOT NULL DEFAULT '',
  `group_id` mediumint(8) unsigned NOT NULL DEFAULT 0,
  `group_name` varchar(255) COLLATE utf8_bin NOT NULL DEFAULT '',
  `display_on_index` tinyint(1) unsigned NOT NULL DEFAULT 1,
  KEY `disp_idx` (`display_on_index`),
  KEY `forum_id` (`forum_id`)
) ENGINE=InnoDB DEFAULT CHARSET=utf8 COLLATE=utf8_bin;
/*!40101 SET character_set_client = @saved_cs_client */;

--
-- Dumping data for table `phpbb_moderator_cache`
--

LOCK TABLES `phpbb_moderator_cache` WRITE;
/*!40000 ALTER TABLE `phpbb_moderator_cache` DISABLE KEYS */;
INSERT INTO `phpbb_moderator_cache` VALUES (1,58,'Damian Jakubik',0,'',1),(7,58,'Damian Jakubik',0,'',1),(8,58,'Damian Jakubik',0,'',1),(9,58,'Damian Jakubik',0,'',1),(10,58,'Damian Jakubik',0,'',1),(11,58,'Damian Jakubik',0,'',1),(12,58,'Damian Jakubik',0,'',1),(14,58,'Damian Jakubik',0,'',1),(15,58,'Damian Jakubik',0,'',1),(16,58,'Damian Jakubik',0,'',1),(17,58,'Damian Jakubik',0,'',1),(18,58,'Damian Jakubik',0,'',1),(19,58,'Damian Jakubik',0,'',1),(20,58,'Damian Jakubik',0,'',1),(21,58,'Damian Jakubik',0,'',1),(22,58,'Damian Jakubik',0,'',1),(23,58,'Damian Jakubik',0,'',1),(25,58,'Damian Jakubik',0,'',1),(26,58,'Damian Jakubik',0,'',1),(27,58,'Damian Jakubik',0,'',1),(28,58,'Damian Jakubik',0,'',1),(29,58,'Damian Jakubik',0,'',1),(30,58,'Damian Jakubik',0,'',1),(31,58,'Damian Jakubik',0,'',1),(32,58,'Damian Jakubik',0,'',1),(33,58,'Damian Jakubik',0,'',1),(34,58,'Damian Jakubik',0,'',1),(35,58,'Damian Jakubik',0,'',1),(36,58,'Damian Jakubik',0,'',1),(37,58,'Damian Jakubik',0,'',1),(38,58,'Damian Jakubik',0,'',1),(39,58,'Damian Jakubik',0,'',1),(40,58,'Damian Jakubik',0,'',1),(41,58,'Damian Jakubik',0,'',1),(42,58,'Damian Jakubik',0,'',1),(43,58,'Damian Jakubik',0,'',1),(44,58,'Damian Jakubik',0,'',1),(45,58,'Damian Jakubik',0,'',1),(46,58,'Damian Jakubik',0,'',1),(47,58,'Damian Jakubik',0,'',1),(48,58,'Damian Jakubik',0,'',1),(49,58,'Damian Jakubik',0,'',1),(50,58,'Damian Jakubik',0,'',1),(51,58,'Damian Jakubik',0,'',1),(52,58,'Damian Jakubik',0,'',1),(53,58,'Damian Jakubik',0,'',1),(54,58,'Damian Jakubik',0,'',1),(55,58,'Damian Jakubik',0,'',1);
/*!40000 ALTER TABLE `phpbb_moderator_cache` ENABLE KEYS */;
UNLOCK TABLES;

--
-- Table structure for table `phpbb_modules`
--

DROP TABLE IF EXISTS `phpbb_modules`;
/*!40101 SET @saved_cs_client     = @@character_set_client */;
/*!40101 SET character_set_client = utf8 */;
CREATE TABLE `phpbb_modules` (
  `module_id` mediumint(8) unsigned NOT NULL AUTO_INCREMENT,
  `module_enabled` tinyint(1) unsigned NOT NULL DEFAULT 1,
  `module_display` tinyint(1) unsigned NOT NULL DEFAULT 1,
  `module_basename` varchar(255) COLLATE utf8_bin NOT NULL DEFAULT '',
  `module_class` varchar(10) COLLATE utf8_bin NOT NULL DEFAULT '',
  `parent_id` mediumint(8) unsigned NOT NULL DEFAULT 0,
  `left_id` mediumint(8) unsigned NOT NULL DEFAULT 0,
  `right_id` mediumint(8) unsigned NOT NULL DEFAULT 0,
  `module_langname` varchar(255) COLLATE utf8_bin NOT NULL DEFAULT '',
  `module_mode` varchar(255) COLLATE utf8_bin NOT NULL DEFAULT '',
  `module_auth` varchar(255) COLLATE utf8_bin NOT NULL DEFAULT '',
  PRIMARY KEY (`module_id`),
  KEY `left_right_id` (`left_id`,`right_id`),
  KEY `module_enabled` (`module_enabled`),
  KEY `class_left_id` (`module_class`,`left_id`)
) ENGINE=InnoDB AUTO_INCREMENT=208 DEFAULT CHARSET=utf8 COLLATE=utf8_bin;
/*!40101 SET character_set_client = @saved_cs_client */;

--
-- Dumping data for table `phpbb_modules`
--

LOCK TABLES `phpbb_modules` WRITE;
/*!40000 ALTER TABLE `phpbb_modules` DISABLE KEYS */;
INSERT INTO `phpbb_modules` VALUES (1,1,1,'','acp',0,1,68,'ACP_CAT_GENERAL','',''),(2,1,1,'','acp',1,4,17,'ACP_QUICK_ACCESS','',''),(3,1,1,'','acp',1,18,45,'ACP_BOARD_CONFIGURATION','',''),(4,1,1,'','acp',1,46,53,'ACP_CLIENT_COMMUNICATION','',''),(5,1,1,'','acp',1,54,67,'ACP_SERVER_CONFIGURATION','',''),(6,1,1,'','acp',0,69,88,'ACP_CAT_FORUMS','',''),(7,1,1,'','acp',6,70,75,'ACP_MANAGE_FORUMS','',''),(8,1,1,'','acp',6,76,87,'ACP_FORUM_BASED_PERMISSIONS','',''),(9,1,1,'','acp',0,89,116,'ACP_CAT_POSTING','',''),(10,1,1,'','acp',9,90,103,'ACP_MESSAGES','',''),(11,1,1,'','acp',9,104,115,'ACP_ATTACHMENTS','',''),(12,1,1,'','acp',0,117,174,'ACP_CAT_USERGROUP','',''),(13,1,1,'','acp',12,118,153,'ACP_CAT_USERS','',''),(14,1,1,'','acp',12,154,163,'ACP_GROUPS','',''),(15,1,1,'','acp',12,164,173,'ACP_USER_SECURITY','',''),(16,1,1,'','acp',0,175,224,'ACP_CAT_PERMISSIONS','',''),(17,1,1,'','acp',16,178,187,'ACP_GLOBAL_PERMISSIONS','',''),(18,1,1,'','acp',16,188,199,'ACP_FORUM_BASED_PERMISSIONS','',''),(19,1,1,'','acp',16,200,209,'ACP_PERMISSION_ROLES','',''),(20,1,1,'','acp',16,210,223,'ACP_PERMISSION_MASKS','',''),(21,1,1,'','acp',0,225,240,'ACP_CAT_CUSTOMISE','',''),(22,1,1,'','acp',21,230,235,'ACP_STYLE_MANAGEMENT','',''),(23,1,1,'','acp',21,226,229,'ACP_EXTENSION_MANAGEMENT','',''),(24,1,1,'','acp',21,236,239,'ACP_LANGUAGE','',''),(25,1,1,'','acp',0,241,260,'ACP_CAT_MAINTENANCE','',''),(26,1,1,'','acp',25,242,251,'ACP_FORUM_LOGS','',''),(27,1,1,'','acp',25,252,259,'ACP_CAT_DATABASE','',''),(28,1,1,'','acp',0,261,284,'ACP_CAT_SYSTEM','',''),(29,1,1,'','acp',28,262,265,'ACP_AUTOMATION','',''),(30,1,1,'','acp',28,266,275,'ACP_GENERAL_TASKS','',''),(31,1,1,'','acp',28,276,283,'ACP_MODULE_MANAGEMENT','',''),(32,1,1,'','acp',0,285,286,'ACP_CAT_DOT_MODS','',''),(33,1,1,'acp_attachments','acp',3,19,20,'ACP_ATTACHMENT_SETTINGS','attach','acl_a_attach'),(34,1,1,'acp_attachments','acp',11,105,106,'ACP_ATTACHMENT_SETTINGS','attach','acl_a_attach'),(35,1,1,'acp_attachments','acp',11,107,108,'ACP_MANAGE_EXTENSIONS','extensions','acl_a_attach'),(36,1,1,'acp_attachments','acp',11,109,110,'ACP_EXTENSION_GROUPS','ext_groups','acl_a_attach'),(37,1,1,'acp_attachments','acp',11,111,112,'ACP_ORPHAN_ATTACHMENTS','orphan','acl_a_attach'),(38,1,1,'acp_attachments','acp',11,113,114,'ACP_MANAGE_ATTACHMENTS','manage','acl_a_attach'),(39,1,1,'acp_ban','acp',15,165,166,'ACP_BAN_EMAILS','email','acl_a_ban'),(40,1,1,'acp_ban','acp',15,167,168,'ACP_BAN_IPS','ip','acl_a_ban'),(41,1,1,'acp_ban','acp',15,169,170,'ACP_BAN_USERNAMES','user','acl_a_ban'),(42,1,1,'acp_bbcodes','acp',10,91,92,'ACP_BBCODES','bbcodes','acl_a_bbcode'),(43,1,1,'acp_board','acp',3,21,22,'ACP_BOARD_SETTINGS','settings','acl_a_board'),(44,1,1,'acp_board','acp',3,23,24,'ACP_BOARD_FEATURES','features','acl_a_board'),(45,1,1,'acp_board','acp',3,25,26,'ACP_AVATAR_SETTINGS','avatar','acl_a_board'),(46,1,1,'acp_board','acp',3,27,28,'ACP_MESSAGE_SETTINGS','message','acl_a_board'),(47,1,1,'acp_board','acp',10,93,94,'ACP_MESSAGE_SETTINGS','message','acl_a_board'),(48,1,1,'acp_board','acp',3,29,30,'ACP_POST_SETTINGS','post','acl_a_board'),(49,1,1,'acp_board','acp',10,95,96,'ACP_POST_SETTINGS','post','acl_a_board'),(50,1,1,'acp_board','acp',3,31,32,'ACP_SIGNATURE_SETTINGS','signature','acl_a_board'),(51,1,1,'acp_board','acp',3,33,34,'ACP_FEED_SETTINGS','feed','acl_a_board'),(52,1,1,'acp_board','acp',3,35,36,'ACP_REGISTER_SETTINGS','registration','acl_a_board'),(53,1,1,'acp_board','acp',4,47,48,'ACP_AUTH_SETTINGS','auth','acl_a_server'),(54,1,1,'acp_board','acp',4,49,50,'ACP_EMAIL_SETTINGS','email','acl_a_server'),(55,1,1,'acp_board','acp',5,55,56,'ACP_COOKIE_SETTINGS','cookie','acl_a_server'),(56,1,1,'acp_board','acp',5,57,58,'ACP_SERVER_SETTINGS','server','acl_a_server'),(57,1,1,'acp_board','acp',5,59,60,'ACP_SECURITY_SETTINGS','security','acl_a_server'),(58,1,1,'acp_board','acp',5,61,62,'ACP_LOAD_SETTINGS','load','acl_a_server'),(59,1,1,'acp_bots','acp',30,267,268,'ACP_BOTS','bots','acl_a_bots'),(60,1,1,'acp_captcha','acp',3,37,38,'ACP_VC_SETTINGS','visual','acl_a_board'),(61,1,0,'acp_captcha','acp',3,39,40,'ACP_VC_CAPTCHA_DISPLAY','img','acl_a_board'),(62,1,1,'acp_contact','acp',3,41,42,'ACP_CONTACT_SETTINGS','contact','acl_a_board'),(63,1,1,'acp_database','acp',27,253,254,'ACP_BACKUP','backup','acl_a_backup'),(64,1,1,'acp_database','acp',27,255,256,'ACP_RESTORE','restore','acl_a_backup'),(65,1,1,'acp_disallow','acp',15,171,172,'ACP_DISALLOW_USERNAMES','usernames','acl_a_names'),(66,1,1,'acp_email','acp',30,269,270,'ACP_MASS_EMAIL','email','acl_a_email && cfg_email_enable'),(67,1,1,'acp_extensions','acp',23,227,228,'ACP_EXTENSIONS','main','acl_a_extensions'),(68,1,1,'acp_forums','acp',7,71,72,'ACP_MANAGE_FORUMS','manage','acl_a_forum'),(69,1,1,'acp_groups','acp',14,155,156,'ACP_GROUPS_MANAGE','manage','acl_a_group'),(70,1,1,'acp_groups','acp',14,157,158,'ACP_GROUPS_POSITION','position','acl_a_group'),(71,1,1,'acp_help_phpbb','acp',5,63,64,'ACP_HELP_PHPBB','help_phpbb','acl_a_server'),(72,1,1,'acp_icons','acp',10,97,98,'ACP_ICONS','icons','acl_a_icons'),(73,1,1,'acp_icons','acp',10,99,100,'ACP_SMILIES','smilies','acl_a_icons'),(74,1,1,'acp_inactive','acp',13,119,120,'ACP_INACTIVE_USERS','list','acl_a_user'),(75,1,1,'acp_jabber','acp',4,51,52,'ACP_JABBER_SETTINGS','settings','acl_a_jabber'),(76,1,1,'acp_language','acp',24,237,238,'ACP_LANGUAGE_PACKS','lang_packs','acl_a_language'),(77,1,1,'acp_logs','acp',26,243,244,'ACP_ADMIN_LOGS','admin','acl_a_viewlogs'),(78,1,1,'acp_logs','acp',26,245,246,'ACP_MOD_LOGS','mod','acl_a_viewlogs'),(79,1,1,'acp_logs','acp',26,247,248,'ACP_USERS_LOGS','users','acl_a_viewlogs'),(80,1,1,'acp_logs','acp',26,249,250,'ACP_CRITICAL_LOGS','critical','acl_a_viewlogs'),(81,1,1,'acp_main','acp',1,2,3,'ACP_INDEX','main',''),(82,1,1,'acp_modules','acp',31,277,278,'ACP','acp','acl_a_modules'),(83,1,1,'acp_modules','acp',31,279,280,'UCP','ucp','acl_a_modules'),(84,1,1,'acp_modules','acp',31,281,282,'MCP','mcp','acl_a_modules'),(85,1,1,'acp_permission_roles','acp',19,201,202,'ACP_ADMIN_ROLES','admin_roles','acl_a_roles && acl_a_aauth'),(86,1,1,'acp_permission_roles','acp',19,203,204,'ACP_USER_ROLES','user_roles','acl_a_roles && acl_a_uauth'),(87,1,1,'acp_permission_roles','acp',19,205,206,'ACP_MOD_ROLES','mod_roles','acl_a_roles && acl_a_mauth'),(88,1,1,'acp_permission_roles','acp',19,207,208,'ACP_FORUM_ROLES','forum_roles','acl_a_roles && acl_a_fauth'),(89,1,1,'acp_permissions','acp',16,176,177,'ACP_PERMISSIONS','intro','acl_a_authusers || acl_a_authgroups || acl_a_viewauth'),(90,1,0,'acp_permissions','acp',20,211,212,'ACP_PERMISSION_TRACE','trace','acl_a_viewauth'),(91,1,1,'acp_permissions','acp',18,189,190,'ACP_FORUM_PERMISSIONS','setting_forum_local','acl_a_fauth && (acl_a_authusers || acl_a_authgroups)'),(92,1,1,'acp_permissions','acp',18,191,192,'ACP_FORUM_PERMISSIONS_COPY','setting_forum_copy','acl_a_fauth && acl_a_authusers && acl_a_authgroups && acl_a_mauth'),(93,1,1,'acp_permissions','acp',18,193,194,'ACP_FORUM_MODERATORS','setting_mod_local','acl_a_mauth && (acl_a_authusers || acl_a_authgroups)'),(94,1,1,'acp_permissions','acp',17,179,180,'ACP_USERS_PERMISSIONS','setting_user_global','acl_a_authusers && (acl_a_aauth || acl_a_mauth || acl_a_uauth)'),(95,1,1,'acp_permissions','acp',13,123,124,'ACP_USERS_PERMISSIONS','setting_user_global','acl_a_authusers && (acl_a_aauth || acl_a_mauth || acl_a_uauth)'),(96,1,1,'acp_permissions','acp',18,195,196,'ACP_USERS_FORUM_PERMISSIONS','setting_user_local','acl_a_authusers && (acl_a_mauth || acl_a_fauth)'),(97,1,1,'acp_permissions','acp',13,125,126,'ACP_USERS_FORUM_PERMISSIONS','setting_user_local','acl_a_authusers && (acl_a_mauth || acl_a_fauth)'),(98,1,1,'acp_permissions','acp',17,181,182,'ACP_GROUPS_PERMISSIONS','setting_group_global','acl_a_authgroups && (acl_a_aauth || acl_a_mauth || acl_a_uauth)'),(99,1,1,'acp_permissions','acp',14,159,160,'ACP_GROUPS_PERMISSIONS','setting_group_global','acl_a_authgroups && (acl_a_aauth || acl_a_mauth || acl_a_uauth)'),(100,1,1,'acp_permissions','acp',18,197,198,'ACP_GROUPS_FORUM_PERMISSIONS','setting_group_local','acl_a_authgroups && (acl_a_mauth || acl_a_fauth)'),(101,1,1,'acp_permissions','acp',14,161,162,'ACP_GROUPS_FORUM_PERMISSIONS','setting_group_local','acl_a_authgroups && (acl_a_mauth || acl_a_fauth)'),(102,1,1,'acp_permissions','acp',17,183,184,'ACP_ADMINISTRATORS','setting_admin_global','acl_a_aauth && (acl_a_authusers || acl_a_authgroups)'),(103,1,1,'acp_permissions','acp',17,185,186,'ACP_GLOBAL_MODERATORS','setting_mod_global','acl_a_mauth && (acl_a_authusers || acl_a_authgroups)'),(104,1,1,'acp_permissions','acp',20,213,214,'ACP_VIEW_ADMIN_PERMISSIONS','view_admin_global','acl_a_viewauth'),(105,1,1,'acp_permissions','acp',20,215,216,'ACP_VIEW_USER_PERMISSIONS','view_user_global','acl_a_viewauth'),(106,1,1,'acp_permissions','acp',20,217,218,'ACP_VIEW_GLOBAL_MOD_PERMISSIONS','view_mod_global','acl_a_viewauth'),(107,1,1,'acp_permissions','acp',20,219,220,'ACP_VIEW_FORUM_MOD_PERMISSIONS','view_mod_local','acl_a_viewauth'),(108,1,1,'acp_permissions','acp',20,221,222,'ACP_VIEW_FORUM_PERMISSIONS','view_forum_local','acl_a_viewauth'),(109,1,1,'acp_php_info','acp',30,271,272,'ACP_PHP_INFO','info','acl_a_phpinfo'),(110,1,1,'acp_profile','acp',13,127,128,'ACP_CUSTOM_PROFILE_FIELDS','profile','acl_a_profile'),(111,1,1,'acp_prune','acp',7,73,74,'ACP_PRUNE_FORUMS','forums','acl_a_prune'),(112,1,1,'acp_prune','acp',13,129,130,'ACP_PRUNE_USERS','users','acl_a_userdel'),(113,1,1,'acp_ranks','acp',13,131,132,'ACP_MANAGE_RANKS','ranks','acl_a_ranks'),(114,1,1,'acp_reasons','acp',30,273,274,'ACP_MANAGE_REASONS','main','acl_a_reasons'),(115,1,1,'acp_search','acp',5,65,66,'ACP_SEARCH_SETTINGS','settings','acl_a_search'),(116,1,1,'acp_search','acp',27,257,258,'ACP_SEARCH_INDEX','index','acl_a_search'),(117,1,1,'acp_styles','acp',22,231,232,'ACP_STYLES','style','acl_a_styles'),(118,1,1,'acp_styles','acp',22,233,234,'ACP_STYLES_INSTALL','install','acl_a_styles'),(119,1,1,'acp_update','acp',29,263,264,'ACP_VERSION_CHECK','version_check','acl_a_board'),(120,1,1,'acp_users','acp',13,121,122,'ACP_MANAGE_USERS','overview','acl_a_user'),(121,1,0,'acp_users','acp',13,133,134,'ACP_USER_FEEDBACK','feedback','acl_a_user'),(122,1,0,'acp_users','acp',13,135,136,'ACP_USER_WARNINGS','warnings','acl_a_user'),(123,1,0,'acp_users','acp',13,137,138,'ACP_USER_PROFILE','profile','acl_a_user'),(124,1,0,'acp_users','acp',13,139,140,'ACP_USER_PREFS','prefs','acl_a_user'),(125,1,0,'acp_users','acp',13,141,142,'ACP_USER_AVATAR','avatar','acl_a_user'),(126,1,0,'acp_users','acp',13,143,144,'ACP_USER_RANK','rank','acl_a_user'),(127,1,0,'acp_users','acp',13,145,146,'ACP_USER_SIG','sig','acl_a_user'),(128,1,0,'acp_users','acp',13,147,148,'ACP_USER_GROUPS','groups','acl_a_user && acl_a_group'),(129,1,0,'acp_users','acp',13,149,150,'ACP_USER_PERM','perm','acl_a_user && acl_a_viewauth'),(130,1,0,'acp_users','acp',13,151,152,'ACP_USER_ATTACH','attach','acl_a_user'),(131,1,1,'acp_words','acp',10,101,102,'ACP_WORDS','words','acl_a_words'),(132,1,1,'acp_users','acp',2,5,6,'ACP_MANAGE_USERS','overview','acl_a_user'),(133,1,1,'acp_groups','acp',2,7,8,'ACP_GROUPS_MANAGE','manage','acl_a_group'),(134,1,1,'acp_forums','acp',2,9,10,'ACP_MANAGE_FORUMS','manage','acl_a_forum'),(135,1,1,'acp_logs','acp',2,11,12,'ACP_MOD_LOGS','mod','acl_a_viewlogs'),(136,1,1,'acp_bots','acp',2,13,14,'ACP_BOTS','bots','acl_a_bots'),(137,1,1,'acp_php_info','acp',2,15,16,'ACP_PHP_INFO','info','acl_a_phpinfo'),(138,1,1,'acp_permissions','acp',8,77,78,'ACP_FORUM_PERMISSIONS','setting_forum_local','acl_a_fauth && (acl_a_authusers || acl_a_authgroups)'),(139,1,1,'acp_permissions','acp',8,79,80,'ACP_FORUM_PERMISSIONS_COPY','setting_forum_copy','acl_a_fauth && acl_a_authusers && acl_a_authgroups && acl_a_mauth'),(140,1,1,'acp_permissions','acp',8,81,82,'ACP_FORUM_MODERATORS','setting_mod_local','acl_a_mauth && (acl_a_authusers || acl_a_authgroups)'),(141,1,1,'acp_permissions','acp',8,83,84,'ACP_USERS_FORUM_PERMISSIONS','setting_user_local','acl_a_authusers && (acl_a_mauth || acl_a_fauth)'),(142,1,1,'acp_permissions','acp',8,85,86,'ACP_GROUPS_FORUM_PERMISSIONS','setting_group_local','acl_a_authgroups && (acl_a_mauth || acl_a_fauth)'),(143,1,1,'','mcp',0,1,10,'MCP_MAIN','',''),(144,1,1,'','mcp',0,11,22,'MCP_QUEUE','',''),(145,1,1,'','mcp',0,23,36,'MCP_REPORTS','',''),(146,1,1,'','mcp',0,37,42,'MCP_NOTES','',''),(147,1,1,'','mcp',0,43,52,'MCP_WARN','',''),(148,1,1,'','mcp',0,53,60,'MCP_LOGS','',''),(149,1,1,'','mcp',0,61,68,'MCP_BAN','',''),(150,1,1,'mcp_ban','mcp',149,62,63,'MCP_BAN_USERNAMES','user','acl_m_ban'),(151,1,1,'mcp_ban','mcp',149,64,65,'MCP_BAN_IPS','ip','acl_m_ban'),(152,1,1,'mcp_ban','mcp',149,66,67,'MCP_BAN_EMAILS','email','acl_m_ban'),(153,1,1,'mcp_logs','mcp',148,54,55,'MCP_LOGS_FRONT','front','acl_m_ || aclf_m_'),(154,1,1,'mcp_logs','mcp',148,56,57,'MCP_LOGS_FORUM_VIEW','forum_logs','acl_m_,$id'),(155,1,1,'mcp_logs','mcp',148,58,59,'MCP_LOGS_TOPIC_VIEW','topic_logs','acl_m_,$id'),(156,1,1,'mcp_main','mcp',143,2,3,'MCP_MAIN_FRONT','front',''),(157,1,1,'mcp_main','mcp',143,4,5,'MCP_MAIN_FORUM_VIEW','forum_view','acl_m_,$id'),(158,1,1,'mcp_main','mcp',143,6,7,'MCP_MAIN_TOPIC_VIEW','topic_view','acl_m_,$id'),(159,1,1,'mcp_main','mcp',143,8,9,'MCP_MAIN_POST_DETAILS','post_details','acl_m_,$id || (!$id && aclf_m_)'),(160,1,1,'mcp_notes','mcp',146,38,39,'MCP_NOTES_FRONT','front',''),(161,1,1,'mcp_notes','mcp',146,40,41,'MCP_NOTES_USER','user_notes',''),(162,1,1,'mcp_pm_reports','mcp',145,30,31,'MCP_PM_REPORTS_OPEN','pm_reports','acl_m_pm_report'),(163,1,1,'mcp_pm_reports','mcp',145,32,33,'MCP_PM_REPORTS_CLOSED','pm_reports_closed','acl_m_pm_report'),(164,1,1,'mcp_pm_reports','mcp',145,34,35,'MCP_PM_REPORT_DETAILS','pm_report_details','acl_m_pm_report'),(165,1,1,'mcp_queue','mcp',144,12,13,'MCP_QUEUE_UNAPPROVED_TOPICS','unapproved_topics','aclf_m_approve'),(166,1,1,'mcp_queue','mcp',144,14,15,'MCP_QUEUE_UNAPPROVED_POSTS','unapproved_posts','aclf_m_approve'),(167,1,1,'mcp_queue','mcp',144,16,17,'MCP_QUEUE_DELETED_TOPICS','deleted_topics','aclf_m_approve'),(168,1,1,'mcp_queue','mcp',144,18,19,'MCP_QUEUE_DELETED_POSTS','deleted_posts','aclf_m_approve'),(169,1,1,'mcp_queue','mcp',144,20,21,'MCP_QUEUE_APPROVE_DETAILS','approve_details','acl_m_approve,$id || (!$id && aclf_m_approve)'),(170,1,1,'mcp_reports','mcp',145,24,25,'MCP_REPORTS_OPEN','reports','aclf_m_report'),(171,1,1,'mcp_reports','mcp',145,26,27,'MCP_REPORTS_CLOSED','reports_closed','aclf_m_report'),(172,1,1,'mcp_reports','mcp',145,28,29,'MCP_REPORT_DETAILS','report_details','acl_m_report,$id || (!$id && aclf_m_report)'),(173,1,1,'mcp_warn','mcp',147,44,45,'MCP_WARN_FRONT','front','aclf_m_warn'),(174,1,1,'mcp_warn','mcp',147,46,47,'MCP_WARN_LIST','list','aclf_m_warn'),(175,1,1,'mcp_warn','mcp',147,48,49,'MCP_WARN_USER','warn_user','aclf_m_warn'),(176,1,1,'mcp_warn','mcp',147,50,51,'MCP_WARN_POST','warn_post','acl_m_warn && acl_f_read,$id'),(177,1,1,'','ucp',0,1,14,'UCP_MAIN','',''),(178,1,1,'','ucp',0,15,28,'UCP_PROFILE','',''),(179,1,1,'','ucp',0,29,38,'UCP_PREFS','',''),(180,1,1,'ucp_pm','ucp',0,39,48,'UCP_PM','',''),(181,1,1,'','ucp',0,49,54,'UCP_USERGROUPS','',''),(182,1,1,'','ucp',0,55,60,'UCP_ZEBRA','',''),(183,1,1,'ucp_attachments','ucp',177,10,11,'UCP_MAIN_ATTACHMENTS','attachments','acl_u_attach'),(184,1,1,'ucp_auth_link','ucp',178,26,27,'UCP_AUTH_LINK_MANAGE','auth_link','authmethod_oauth'),(185,1,1,'ucp_groups','ucp',181,50,51,'UCP_USERGROUPS_MEMBER','membership',''),(186,1,1,'ucp_groups','ucp',181,52,53,'UCP_USERGROUPS_MANAGE','manage',''),(187,1,1,'ucp_main','ucp',177,2,3,'UCP_MAIN_FRONT','front',''),(188,1,1,'ucp_main','ucp',177,4,5,'UCP_MAIN_SUBSCRIBED','subscribed',''),(189,1,1,'ucp_main','ucp',177,6,7,'UCP_MAIN_BOOKMARKS','bookmarks','cfg_allow_bookmarks'),(190,1,1,'ucp_main','ucp',177,8,9,'UCP_MAIN_DRAFTS','drafts',''),(191,1,1,'ucp_notifications','ucp',179,36,37,'UCP_NOTIFICATION_OPTIONS','notification_options',''),(192,1,1,'ucp_notifications','ucp',177,12,13,'UCP_NOTIFICATION_LIST','notification_list','cfg_allow_board_notifications'),(193,1,0,'ucp_pm','ucp',180,40,41,'UCP_PM_VIEW','view','cfg_allow_privmsg'),(194,1,1,'ucp_pm','ucp',180,42,43,'UCP_PM_COMPOSE','compose','cfg_allow_privmsg'),(195,1,1,'ucp_pm','ucp',180,44,45,'UCP_PM_DRAFTS','drafts','cfg_allow_privmsg'),(196,1,1,'ucp_pm','ucp',180,46,47,'UCP_PM_OPTIONS','options','cfg_allow_privmsg'),(197,1,1,'ucp_prefs','ucp',179,30,31,'UCP_PREFS_PERSONAL','personal',''),(198,1,1,'ucp_prefs','ucp',179,32,33,'UCP_PREFS_POST','post',''),(199,1,1,'ucp_prefs','ucp',179,34,35,'UCP_PREFS_VIEW','view',''),(200,1,1,'ucp_profile','ucp',178,16,17,'UCP_PROFILE_PROFILE_INFO','profile_info','acl_u_chgprofileinfo'),(201,1,1,'ucp_profile','ucp',178,18,19,'UCP_PROFILE_SIGNATURE','signature','acl_u_sig'),(202,1,1,'ucp_profile','ucp',178,20,21,'UCP_PROFILE_AVATAR','avatar','cfg_allow_avatar'),(203,1,1,'ucp_profile','ucp',178,22,23,'UCP_PROFILE_REG_DETAILS','reg_details',''),(204,1,1,'ucp_profile','ucp',178,24,25,'UCP_PROFILE_AUTOLOGIN_KEYS','autologin_keys',''),(205,1,1,'ucp_zebra','ucp',182,56,57,'UCP_ZEBRA_FRIENDS','friends',''),(206,1,1,'ucp_zebra','ucp',182,58,59,'UCP_ZEBRA_FOES','foes',''),(207,1,1,'\\phpbb\\viglink\\acp\\viglink_module','acp',3,43,44,'ACP_VIGLINK_SETTINGS','settings','ext_phpbb/viglink && acl_a_board');
/*!40000 ALTER TABLE `phpbb_modules` ENABLE KEYS */;
UNLOCK TABLES;

--
-- Table structure for table `phpbb_notification_emails`
--

DROP TABLE IF EXISTS `phpbb_notification_emails`;
/*!40101 SET @saved_cs_client     = @@character_set_client */;
/*!40101 SET character_set_client = utf8 */;
CREATE TABLE `phpbb_notification_emails` (
  `notification_type_id` smallint(4) unsigned NOT NULL DEFAULT 0,
  `item_id` int(10) unsigned NOT NULL DEFAULT 0,
  `item_parent_id` int(10) unsigned NOT NULL DEFAULT 0,
  `user_id` int(10) unsigned NOT NULL DEFAULT 0,
  PRIMARY KEY (`notification_type_id`,`item_id`,`item_parent_id`,`user_id`)
) ENGINE=InnoDB DEFAULT CHARSET=utf8 COLLATE=utf8_bin;
/*!40101 SET character_set_client = @saved_cs_client */;

--
-- Dumping data for table `phpbb_notification_emails`
--

LOCK TABLES `phpbb_notification_emails` WRITE;
/*!40000 ALTER TABLE `phpbb_notification_emails` DISABLE KEYS */;
INSERT INTO `phpbb_notification_emails` VALUES (5,281,7,60);
/*!40000 ALTER TABLE `phpbb_notification_emails` ENABLE KEYS */;
UNLOCK TABLES;

--
-- Table structure for table `phpbb_notification_types`
--

DROP TABLE IF EXISTS `phpbb_notification_types`;
/*!40101 SET @saved_cs_client     = @@character_set_client */;
/*!40101 SET character_set_client = utf8 */;
CREATE TABLE `phpbb_notification_types` (
  `notification_type_id` smallint(4) unsigned NOT NULL AUTO_INCREMENT,
  `notification_type_name` varchar(255) COLLATE utf8_bin NOT NULL DEFAULT '',
  `notification_type_enabled` tinyint(1) unsigned NOT NULL DEFAULT 1,
  PRIMARY KEY (`notification_type_id`),
  UNIQUE KEY `type` (`notification_type_name`)
) ENGINE=InnoDB AUTO_INCREMENT=20 DEFAULT CHARSET=utf8 COLLATE=utf8_bin;
/*!40101 SET character_set_client = @saved_cs_client */;

--
-- Dumping data for table `phpbb_notification_types`
--

LOCK TABLES `phpbb_notification_types` WRITE;
/*!40000 ALTER TABLE `phpbb_notification_types` DISABLE KEYS */;
INSERT INTO `phpbb_notification_types` VALUES (1,'notification.type.topic',1),(2,'notification.type.approve_topic',1),(3,'notification.type.quote',1),(4,'notification.type.bookmark',1),(5,'notification.type.post',1),(6,'notification.type.approve_post',1),(7,'notification.type.forum',1),(8,'notification.type.topic_in_queue',1),(9,'notification.type.post_in_queue',1),(10,'notification.type.report_post',1),(11,'notification.type.admin_activate_user',1),(12,'notification.type.group_request',1),(13,'notification.type.disapprove_post',1),(14,'notification.type.disapprove_topic',1),(15,'notification.type.group_request_approved',1),(16,'notification.type.pm',1),(17,'notification.type.report_pm',1),(18,'notification.type.report_pm_closed',1),(19,'notification.type.report_post_closed',1);
/*!40000 ALTER TABLE `phpbb_notification_types` ENABLE KEYS */;
UNLOCK TABLES;

--
-- Table structure for table `phpbb_notifications`
--

DROP TABLE IF EXISTS `phpbb_notifications`;
/*!40101 SET @saved_cs_client     = @@character_set_client */;
/*!40101 SET character_set_client = utf8 */;
CREATE TABLE `phpbb_notifications` (
  `notification_id` int(10) unsigned NOT NULL AUTO_INCREMENT,
  `notification_type_id` smallint(4) unsigned NOT NULL DEFAULT 0,
  `item_id` mediumint(8) unsigned NOT NULL DEFAULT 0,
  `item_parent_id` mediumint(8) unsigned NOT NULL DEFAULT 0,
  `user_id` int(10) unsigned NOT NULL DEFAULT 0,
  `notification_read` tinyint(1) unsigned NOT NULL DEFAULT 0,
  `notification_time` int(11) unsigned NOT NULL DEFAULT 1,
  `notification_data` text COLLATE utf8_bin NOT NULL,
  PRIMARY KEY (`notification_id`),
  KEY `item_ident` (`notification_type_id`,`item_id`),
  KEY `user` (`user_id`,`notification_read`)
) ENGINE=InnoDB AUTO_INCREMENT=40 DEFAULT CHARSET=utf8 COLLATE=utf8_bin;
/*!40101 SET character_set_client = @saved_cs_client */;

--
-- Dumping data for table `phpbb_notifications`
--

LOCK TABLES `phpbb_notifications` WRITE;
/*!40000 ALTER TABLE `phpbb_notifications` DISABLE KEYS */;
INSERT INTO `phpbb_notifications` VALUES (20,5,177,18,60,1,1650971508,'a:7:{s:9:\"poster_id\";i:63;s:11:\"topic_title\";s:29:\"Tematy na Business Update MIL\";s:12:\"post_subject\";s:33:\"Re: Tematy na Business Update MIL\";s:13:\"post_username\";s:0:\"\";s:8:\"forum_id\";i:15;s:10:\"forum_name\";s:19:\"MIL Business Update\";s:10:\"responders\";a:2:{i:0;a:2:{s:9:\"poster_id\";i:58;s:8:\"username\";s:0:\"\";}i:1;a:2:{s:9:\"poster_id\";i:61;s:8:\"username\";s:0:\"\";}}}'),(21,5,192,7,60,1,1651039115,'a:6:{s:9:\"poster_id\";i:58;s:11:\"topic_title\";s:31:\"Sugestie, pomysy, zgoszenia\";s:12:\"post_subject\";s:35:\"Re: Sugestie, pomysy, zgoszenia\";s:13:\"post_username\";s:0:\"\";s:8:\"forum_id\";i:41;s:10:\"forum_name\";s:12:\"Sprawy forum\";}'),(22,5,200,5,60,1,1651056048,'a:6:{s:9:\"poster_id\";i:61;s:11:\"topic_title\";s:41:\"7-9.06.2022 [MIL] UDT Rotterdam, Holandia\";s:12:\"post_subject\";s:45:\"Re: 7-9.06.2022 [MIL] UDT Rotterdam, Holandia\";s:13:\"post_username\";s:0:\"\";s:8:\"forum_id\";i:23;s:10:\"forum_name\";s:13:\"Firmowe targi\";}'),(23,3,205,29,60,1,1651065163,'a:6:{s:9:\"poster_id\";i:58;s:11:\"topic_title\";s:47:\"14-15.05.22 Nurkowe Demo Days Jaworzno, Koparki\";s:12:\"post_subject\";s:51:\"Re: 14-15.05.22 Nurkowe Demo Days Jaworzno, Koparki\";s:13:\"post_username\";s:0:\"\";s:8:\"forum_id\";i:26;s:10:\"forum_name\";s:19:\"Targi dystrybutorzy\";}'),(24,3,205,29,63,1,1651065163,'a:6:{s:9:\"poster_id\";i:58;s:11:\"topic_title\";s:47:\"14-15.05.22 Nurkowe Demo Days Jaworzno, Koparki\";s:12:\"post_subject\";s:51:\"Re: 14-15.05.22 Nurkowe Demo Days Jaworzno, Koparki\";s:13:\"post_username\";s:0:\"\";s:8:\"forum_id\";i:26;s:10:\"forum_name\";s:19:\"Targi dystrybutorzy\";}'),(25,3,213,18,63,1,1651126281,'a:6:{s:9:\"poster_id\";i:58;s:11:\"topic_title\";s:29:\"Tematy na Business Update MIL\";s:12:\"post_subject\";s:33:\"Re: Tematy na Business Update MIL\";s:13:\"post_username\";s:0:\"\";s:8:\"forum_id\";i:15;s:10:\"forum_name\";s:19:\"MIL Business Update\";}'),(26,5,213,18,60,1,1651126281,'a:6:{s:9:\"poster_id\";i:58;s:11:\"topic_title\";s:29:\"Tematy na Business Update MIL\";s:12:\"post_subject\";s:33:\"Re: Tematy na Business Update MIL\";s:13:\"post_username\";s:0:\"\";s:8:\"forum_id\";i:15;s:10:\"forum_name\";s:19:\"MIL Business Update\";}'),(27,5,214,7,60,1,1651128169,'a:6:{s:9:\"poster_id\";i:61;s:11:\"topic_title\";s:31:\"Sugestie, pomysy, zgoszenia\";s:12:\"post_subject\";s:35:\"Re: Sugestie, pomysy, zgoszenia\";s:13:\"post_username\";s:0:\"\";s:8:\"forum_id\";i:41;s:10:\"forum_name\";s:12:\"Sprawy forum\";}'),(28,3,215,6,63,1,1651130256,'a:6:{s:9:\"poster_id\";i:58;s:11:\"topic_title\";s:22:\"GO! - scenariusz filmu\";s:12:\"post_subject\";s:26:\"Re: GO! - scenariusz filmu\";s:13:\"post_username\";s:0:\"\";s:8:\"forum_id\";i:20;s:10:\"forum_name\";s:16:\"Filmy promujce\";}'),(29,3,219,6,63,1,1651132688,'a:6:{s:9:\"poster_id\";i:58;s:11:\"topic_title\";s:22:\"GO! - scenariusz filmu\";s:12:\"post_subject\";s:26:\"Re: GO! - scenariusz filmu\";s:13:\"post_username\";s:0:\"\";s:8:\"forum_id\";i:20;s:10:\"forum_name\";s:16:\"Filmy promujce\";}'),(30,5,225,7,60,1,1651212965,'a:6:{s:9:\"poster_id\";i:58;s:11:\"topic_title\";s:31:\"Sugestie, pomysy, zgoszenia\";s:12:\"post_subject\";s:35:\"Re: Sugestie, pomysy, zgoszenia\";s:13:\"post_username\";s:0:\"\";s:8:\"forum_id\";i:41;s:10:\"forum_name\";s:12:\"Sprawy forum\";}'),(31,5,232,5,60,1,1651219493,'a:6:{s:9:\"poster_id\";i:61;s:11:\"topic_title\";s:41:\"7-9.06.2022 [MIL] UDT Rotterdam, Holandia\";s:12:\"post_subject\";s:45:\"Re: 7-9.06.2022 [MIL] UDT Rotterdam, Holandia\";s:13:\"post_username\";s:0:\"\";s:8:\"forum_id\";i:23;s:10:\"forum_name\";s:13:\"Firmowe targi\";}'),(32,5,238,7,60,1,1651237291,'a:6:{s:9:\"poster_id\";i:63;s:11:\"topic_title\";s:31:\"Sugestie, pomysy, zgoszenia\";s:12:\"post_subject\";s:35:\"Re: Sugestie, pomysy, zgoszenia\";s:13:\"post_username\";s:0:\"\";s:8:\"forum_id\";i:41;s:10:\"forum_name\";s:12:\"Sprawy forum\";}'),(33,5,242,18,60,1,1651263212,'a:7:{s:9:\"poster_id\";i:63;s:11:\"topic_title\";s:29:\"Tematy na Business Update MIL\";s:12:\"post_subject\";s:33:\"Re: Tematy na Business Update MIL\";s:13:\"post_username\";s:0:\"\";s:8:\"forum_id\";i:15;s:10:\"forum_name\";s:19:\"MIL Business Update\";s:10:\"responders\";a:1:{i:0;a:2:{s:9:\"poster_id\";i:58;s:8:\"username\";s:0:\"\";}}}'),(34,5,245,12,60,1,1651644893,'a:6:{s:9:\"poster_id\";i:58;s:11:\"topic_title\";s:18:\"Godne uwagi tematy\";s:12:\"post_subject\";s:22:\"Re: Godne uwagi tematy\";s:13:\"post_username\";s:0:\"\";s:8:\"forum_id\";i:31;s:10:\"forum_name\";s:13:\"Oglnie o SM\";}'),(35,4,250,7,63,1,1651743959,'a:6:{s:9:\"poster_id\";i:61;s:11:\"topic_title\";s:31:\"Sugestie, pomysy, zgoszenia\";s:12:\"post_subject\";s:35:\"Re: Sugestie, pomysy, zgoszenia\";s:13:\"post_username\";s:0:\"\";s:8:\"forum_id\";i:41;s:10:\"forum_name\";s:12:\"Sprawy forum\";}'),(36,5,250,7,60,1,1651743959,'a:6:{s:9:\"poster_id\";i:61;s:11:\"topic_title\";s:31:\"Sugestie, pomysy, zgoszenia\";s:12:\"post_subject\";s:35:\"Re: Sugestie, pomysy, zgoszenia\";s:13:\"post_username\";s:0:\"\";s:8:\"forum_id\";i:41;s:10:\"forum_name\";s:12:\"Sprawy forum\";}'),(37,5,252,12,60,1,1651848878,'a:7:{s:9:\"poster_id\";i:63;s:11:\"topic_title\";s:18:\"Godne uwagi tematy\";s:12:\"post_subject\";s:22:\"Re: Godne uwagi tematy\";s:13:\"post_username\";s:0:\"\";s:8:\"forum_id\";i:31;s:10:\"forum_name\";s:13:\"Oglnie o SM\";s:10:\"responders\";a:1:{i:0;a:2:{s:9:\"poster_id\";i:58;s:8:\"username\";s:0:\"\";}}}'),(38,4,281,7,63,1,1652175159,'a:6:{s:9:\"poster_id\";i:58;s:11:\"topic_title\";s:31:\"Sugestie, pomysy, zgoszenia\";s:12:\"post_subject\";s:35:\"Re: Sugestie, pomysy, zgoszenia\";s:13:\"post_username\";s:0:\"\";s:8:\"forum_id\";i:41;s:10:\"forum_name\";s:12:\"Sprawy forum\";}'),(39,5,281,7,60,0,1652175159,'a:6:{s:9:\"poster_id\";i:58;s:11:\"topic_title\";s:31:\"Sugestie, pomysy, zgoszenia\";s:12:\"post_subject\";s:35:\"Re: Sugestie, pomysy, zgoszenia\";s:13:\"post_username\";s:0:\"\";s:8:\"forum_id\";i:41;s:10:\"forum_name\";s:12:\"Sprawy forum\";}');
/*!40000 ALTER TABLE `phpbb_notifications` ENABLE KEYS */;
UNLOCK TABLES;

--
-- Table structure for table `phpbb_oauth_accounts`
--

DROP TABLE IF EXISTS `phpbb_oauth_accounts`;
/*!40101 SET @saved_cs_client     = @@character_set_client */;
/*!40101 SET character_set_client = utf8 */;
CREATE TABLE `phpbb_oauth_accounts` (
  `user_id` int(10) unsigned NOT NULL DEFAULT 0,
  `provider` varchar(255) COLLATE utf8_bin NOT NULL DEFAULT '',
  `oauth_provider_id` text COLLATE utf8_bin NOT NULL,
  PRIMARY KEY (`user_id`,`provider`)
) ENGINE=InnoDB DEFAULT CHARSET=utf8 COLLATE=utf8_bin;
/*!40101 SET character_set_client = @saved_cs_client */;

--
-- Dumping data for table `phpbb_oauth_accounts`
--

LOCK TABLES `phpbb_oauth_accounts` WRITE;
/*!40000 ALTER TABLE `phpbb_oauth_accounts` DISABLE KEYS */;
/*!40000 ALTER TABLE `phpbb_oauth_accounts` ENABLE KEYS */;
UNLOCK TABLES;

--
-- Table structure for table `phpbb_oauth_states`
--

DROP TABLE IF EXISTS `phpbb_oauth_states`;
/*!40101 SET @saved_cs_client     = @@character_set_client */;
/*!40101 SET character_set_client = utf8 */;
CREATE TABLE `phpbb_oauth_states` (
  `user_id` int(10) unsigned NOT NULL DEFAULT 0,
  `session_id` char(32) COLLATE utf8_bin NOT NULL DEFAULT '',
  `provider` varchar(255) COLLATE utf8_bin NOT NULL DEFAULT '',
  `oauth_state` varchar(255) COLLATE utf8_bin NOT NULL DEFAULT '',
  KEY `user_id` (`user_id`),
  KEY `provider` (`provider`)
) ENGINE=InnoDB DEFAULT CHARSET=utf8 COLLATE=utf8_bin;
/*!40101 SET character_set_client = @saved_cs_client */;

--
-- Dumping data for table `phpbb_oauth_states`
--

LOCK TABLES `phpbb_oauth_states` WRITE;
/*!40000 ALTER TABLE `phpbb_oauth_states` DISABLE KEYS */;
/*!40000 ALTER TABLE `phpbb_oauth_states` ENABLE KEYS */;
UNLOCK TABLES;

--
-- Table structure for table `phpbb_oauth_tokens`
--

DROP TABLE IF EXISTS `phpbb_oauth_tokens`;
/*!40101 SET @saved_cs_client     = @@character_set_client */;
/*!40101 SET character_set_client = utf8 */;
CREATE TABLE `phpbb_oauth_tokens` (
  `user_id` int(10) unsigned NOT NULL DEFAULT 0,
  `session_id` char(32) COLLATE utf8_bin NOT NULL DEFAULT '',
  `provider` varchar(255) COLLATE utf8_bin NOT NULL DEFAULT '',
  `oauth_token` mediumtext COLLATE utf8_bin NOT NULL,
  KEY `user_id` (`user_id`),
  KEY `provider` (`provider`)
) ENGINE=InnoDB DEFAULT CHARSET=utf8 COLLATE=utf8_bin;
/*!40101 SET character_set_client = @saved_cs_client */;

--
-- Dumping data for table `phpbb_oauth_tokens`
--

LOCK TABLES `phpbb_oauth_tokens` WRITE;
/*!40000 ALTER TABLE `phpbb_oauth_tokens` DISABLE KEYS */;
/*!40000 ALTER TABLE `phpbb_oauth_tokens` ENABLE KEYS */;
UNLOCK TABLES;

--
-- Table structure for table `phpbb_poll_options`
--

DROP TABLE IF EXISTS `phpbb_poll_options`;
/*!40101 SET @saved_cs_client     = @@character_set_client */;
/*!40101 SET character_set_client = utf8 */;
CREATE TABLE `phpbb_poll_options` (
  `poll_option_id` tinyint(4) NOT NULL DEFAULT 0,
  `topic_id` int(10) unsigned NOT NULL DEFAULT 0,
  `poll_option_text` text COLLATE utf8_bin NOT NULL,
  `poll_option_total` mediumint(8) unsigned NOT NULL DEFAULT 0,
  KEY `poll_opt_id` (`poll_option_id`),
  KEY `topic_id` (`topic_id`)
) ENGINE=InnoDB DEFAULT CHARSET=utf8 COLLATE=utf8_bin;
/*!40101 SET character_set_client = @saved_cs_client */;

--
-- Dumping data for table `phpbb_poll_options`
--

LOCK TABLES `phpbb_poll_options` WRITE;
/*!40000 ALTER TABLE `phpbb_poll_options` DISABLE KEYS */;
INSERT INTO `phpbb_poll_options` VALUES (1,9,'<t>LinkedIn</t>',0),(2,9,'<t>Twitter</t>',1),(3,9,'<t>TikTok</t>',0),(4,9,'<t>Inny</t>',0),(5,9,'<t>aden</t>',0);
/*!40000 ALTER TABLE `phpbb_poll_options` ENABLE KEYS */;
UNLOCK TABLES;

--
-- Table structure for table `phpbb_poll_votes`
--

DROP TABLE IF EXISTS `phpbb_poll_votes`;
/*!40101 SET @saved_cs_client     = @@character_set_client */;
/*!40101 SET character_set_client = utf8 */;
CREATE TABLE `phpbb_poll_votes` (
  `topic_id` int(10) unsigned NOT NULL DEFAULT 0,
  `poll_option_id` tinyint(4) NOT NULL DEFAULT 0,
  `vote_user_id` int(10) unsigned NOT NULL DEFAULT 0,
  `vote_user_ip` varchar(40) COLLATE utf8_bin NOT NULL DEFAULT '',
  KEY `topic_id` (`topic_id`),
  KEY `vote_user_id` (`vote_user_id`),
  KEY `vote_user_ip` (`vote_user_ip`)
) ENGINE=InnoDB DEFAULT CHARSET=utf8 COLLATE=utf8_bin;
/*!40101 SET character_set_client = @saved_cs_client */;

--
-- Dumping data for table `phpbb_poll_votes`
--

LOCK TABLES `phpbb_poll_votes` WRITE;
/*!40000 ALTER TABLE `phpbb_poll_votes` DISABLE KEYS */;
INSERT INTO `phpbb_poll_votes` VALUES (9,2,58,'94.232.216.242');
/*!40000 ALTER TABLE `phpbb_poll_votes` ENABLE KEYS */;
UNLOCK TABLES;

--
-- Table structure for table `phpbb_posts`
--

DROP TABLE IF EXISTS `phpbb_posts`;
/*!40101 SET @saved_cs_client     = @@character_set_client */;
/*!40101 SET character_set_client = utf8 */;
CREATE TABLE `phpbb_posts` (
  `post_id` int(10) unsigned NOT NULL AUTO_INCREMENT,
  `topic_id` int(10) unsigned NOT NULL DEFAULT 0,
  `forum_id` mediumint(8) unsigned NOT NULL DEFAULT 0,
  `poster_id` int(10) unsigned NOT NULL DEFAULT 0,
  `icon_id` mediumint(8) unsigned NOT NULL DEFAULT 0,
  `poster_ip` varchar(40) COLLATE utf8_bin NOT NULL DEFAULT '',
  `post_time` int(11) unsigned NOT NULL DEFAULT 0,
  `post_reported` tinyint(1) unsigned NOT NULL DEFAULT 0,
  `enable_bbcode` tinyint(1) unsigned NOT NULL DEFAULT 1,
  `enable_smilies` tinyint(1) unsigned NOT NULL DEFAULT 1,
  `enable_magic_url` tinyint(1) unsigned NOT NULL DEFAULT 1,
  `enable_sig` tinyint(1) unsigned NOT NULL DEFAULT 1,
  `post_username` varchar(255) COLLATE utf8_bin NOT NULL DEFAULT '',
  `post_subject` varchar(255) CHARACTER SET utf8 COLLATE utf8_unicode_ci NOT NULL DEFAULT '',
  `post_text` mediumtext COLLATE utf8_bin NOT NULL,
  `post_checksum` varchar(32) COLLATE utf8_bin NOT NULL DEFAULT '',
  `post_attachment` tinyint(1) unsigned NOT NULL DEFAULT 0,
  `bbcode_bitfield` varchar(255) COLLATE utf8_bin NOT NULL DEFAULT '',
  `bbcode_uid` varchar(8) COLLATE utf8_bin NOT NULL DEFAULT '',
  `post_postcount` tinyint(1) unsigned NOT NULL DEFAULT 1,
  `post_edit_time` int(11) unsigned NOT NULL DEFAULT 0,
  `post_edit_reason` varchar(255) COLLATE utf8_bin NOT NULL DEFAULT '',
  `post_edit_user` int(10) unsigned NOT NULL DEFAULT 0,
  `post_edit_count` smallint(4) unsigned NOT NULL DEFAULT 0,
  `post_edit_locked` tinyint(1) unsigned NOT NULL DEFAULT 0,
  `post_visibility` tinyint(3) NOT NULL DEFAULT 0,
  `post_delete_time` int(11) unsigned NOT NULL DEFAULT 0,
  `post_delete_reason` varchar(255) COLLATE utf8_bin NOT NULL DEFAULT '',
  `post_delete_user` int(10) unsigned NOT NULL DEFAULT 0,
  PRIMARY KEY (`post_id`),
  KEY `forum_id` (`forum_id`),
  KEY `topic_id` (`topic_id`),
  KEY `poster_ip` (`poster_ip`),
  KEY `poster_id` (`poster_id`),
  KEY `tid_post_time` (`topic_id`,`post_time`),
  KEY `post_username` (`post_username`),
  KEY `post_visibility` (`post_visibility`)
) ENGINE=InnoDB AUTO_INCREMENT=284 DEFAULT CHARSET=utf8 COLLATE=utf8_bin;
/*!40101 SET character_set_client = @saved_cs_client */;

--
-- Dumping data for table `phpbb_posts`
--

LOCK TABLES `phpbb_posts` WRITE;
/*!40000 ALTER TABLE `phpbb_posts` DISABLE KEYS */;
INSERT INTO `phpbb_posts` VALUES (3,3,5,58,1,'94.232.216.242',1649249242,0,1,1,1,1,'','Cykl Technology Features','<r>Cykl publikacji dotyczcych cech technologicznych wyrniajcych nasze scootery.<br/>\n<br/>\n<B><s>[b]</s>Post 1: Magnetic Propulsion<e>[/b]</e></B><br/>\n<br/>\nPublikacja: 04.04.2022<br/>\n<br/>\nFeatures that make the difference - Magnetic Propulsion. <br/>\nThe most unique element of Seacraft construction is its motor which operates directly in the water<EMOJI seq=\"1f30a\" tseq=\"1f30a\">&#127754;</EMOJI>. Specially designed and patented solutions <EMOJI seq=\"1f9f2\" tseq=\"1f9f2\">&#129522;</EMOJI> allow complete elimination of the drive shaft and the need for unreliable seals and gear transmissions used in other DPVs.<br/>\nThe motor <EMOJI seq=\"1f680\" tseq=\"1f680\">&#128640;</EMOJI> working in the water is much more durable and resistant to workload and also completely eliminates overheating inside the scooter. Innovative solutions enable the user to <EMOJI seq=\"1f93f\" tseq=\"1f93f\">&#129343;</EMOJI> work much deeper, longer  and with much greater motor power. Moreover, the motor runs almost silently, currently its the quietest scooter on the market.</r>','2d79f6b4d0851848a209b33decfb5494',0,'','9srv1',1,0,'',0,0,0,1,0,'',0),(4,4,5,58,7,'94.232.216.242',1649249545,0,1,1,1,1,'','Cykl Sprzedawcy','<t>Cykl publikacji dotyczcych naszych sprzedawcw. Na chwil obecn czekamy na odpowiedzi z Ankiet, jak na razie bez odpowiedzi. Wyglda na to, e aby cykl doszed do skutku sami bdziemy musieli ich opisa i zwrci si do nich o weryfikacj treci.<br/>\n<br/>\nNa chwil obecn posiadamy szablony grafik z mapkami.<br/>\n<br/>\nKogo powinny przedstawi pierwszego? Moje propozycje poniej.<br/>\n<br/>\n1. Upstream Niemcy<br/>\n2. DPV-Tech USA<br/>\n3. Snorkel and Dive Safari Australia</t>','24f86dc5d330af9debaddbfaac768643',0,'','1vxqmhd',1,0,'',0,0,0,1,0,'',0),(5,5,23,58,0,'94.232.216.242',1649250325,0,1,1,1,1,'','7-9.06.2022 [MIL] UDT Rotterdam, Holandia','<r>Temat powicony targom militarnym UDT 2022<br/>\n<br/>\nGdzie: Rotterdam, Holania<br/>\nKiedy: 7-9.06.2022<br/>\n<br/>\n<URL url=\"https://www.udt-global.com/\"><s>[url]</s>https://www.udt-global.com/<e>[/url]</e></URL><br/>\n<br/>\n<IMG src=\"https://cdn.asp.events/CLIENT_Clarion__96F66098_5056_B733_492B7F3A0E159DC7/sites/UDT-2020/media/Logos/UDT%202022_Logo_no%20back_margin.png\"><s>[img]</s><URL url=\"https://cdn.asp.events/CLIENT_Clarion__96F66098_5056_B733_492B7F3A0E159DC7/sites/UDT-2020/media/Logos/UDT%202022_Logo_no%20back_margin.png\"><LINK_TEXT text=\"https://cdn.asp.events/CLIENT_Clarion__ ... margin.png\">https://cdn.asp.events/CLIENT_Clarion__96F66098_5056_B733_492B7F3A0E159DC7/sites/UDT-2020/media/Logos/UDT%202022_Logo_no%20back_margin.png</LINK_TEXT></URL><e>[/img]</e></IMG></r>','ba8df19c9f9922c4d4c1dedaf5bac0ae',0,'','en35guo',1,0,'',0,0,0,1,0,'',0),(6,6,20,58,0,'94.232.216.242',1649250592,0,1,1,1,1,'','GO! - scenariusz filmu','<t>Temat powicony na pomysy dotyczce filmu promujcego GO!</t>','b118474eabd05a1388ac6413cfd49c81',0,'','9t3',1,0,'',0,0,0,1,0,'',0),(7,7,41,58,0,'94.232.216.242',1649250753,0,1,1,1,1,'','Sugestie, pomysy, zgoszenia','<t>Temat powicony na wszelkiego rodzaju sugestie, pomysy i przemylenia dotyczce usprawenienia i ogranizacji forum.</t>','65532f30f6ecdf9fd8b2674543f8c8db',0,'','11l',1,0,'',0,0,0,1,0,'',0),(8,8,5,58,7,'94.232.216.242',1649251068,0,1,1,1,1,'','Cykl Ambasadorzy','<t>Cykl publikacji dotyczcych naszych ambasadorw. Temat przyszociowy, ale mona rozway prowadzenie kilku cykli jedoczenie np na przemian ze sprzedawcami i technology features, eby urozmaici troche treci publikowanych materiaw? Co sdzicie?</t>','b4ec7ee235f365f23b9d49dc7096f63a',0,'','4c855x',1,0,'',0,0,0,1,0,'',0),(9,9,31,58,9,'192.162.175.145',1649267233,0,1,1,1,1,'','Czy potrzebujemy nowych kanaw SM?','<t>Rozwaania na temat potencjalnej obecnoci Seacraft na nowych kanaach social media.<br/>\n<br/>\nWychodzc naprzeciw dynamicznie rozwijajcych si kanaw social media, warto si zastanowi czy w naszej brany warto uruchomi ktry ze wspomnianych w ankiecie kanaw social media. Co w rodowisku nurkw jest na topie?</t>','bb4d5c05c31a28bfb6e2458c162bbf9d',0,'','33k0hd06',1,0,'',0,0,0,1,0,'',0),(12,12,31,58,0,'192.162.175.145',1649267808,0,1,1,1,1,'','Godne uwagi tematy','<t>Temat przeznaczony do wrzucania ciekawych tematw lub wydarze o ktrych warto wspomnie na naszym FB/Insta.<br/>\n<br/>\nJeeli macie jakie ciekawe tematy i info, dajcie prosz zna.</t>','50e163e3fb00e3b6f53382ae30d6fa4f',0,'','nmgpj',1,0,'',0,0,0,1,0,'',0),(13,13,9,58,0,'192.162.175.145',1649267890,0,1,1,1,1,'','Aktualizacja produktw','<t>Temat powicony na dyskusje sugestie i informacj jakie produkty powinnimy na stron doda/usun/aktualizowa.</t>','a53f8e961d3aab9b24152839d0cbc9f5',0,'','1q840lo',1,0,'',0,0,0,1,0,'',0),(14,14,9,58,0,'192.162.175.145',1649268020,0,1,1,1,1,'','Aktualizacja wydarze','<t>Temat powicony aktualizacji wydarze o ktrych powinnimy wspomnie na naszej stronie.</t>','27efbd2cd8c794cf76466f2a0e22aeb5',0,'','dinywqf',1,0,'',0,0,0,1,0,'',0),(16,16,9,58,0,'192.162.175.145',1649268751,0,1,1,1,1,'','Aktualizacja zakadki MIL','<t>Aktualizacja i uzupenienie zakadki MIL.<br/>\n<br/>\nCo musimy doda:<br/>\n- Rozdzieli/doa produkty na wzr REC<br/>\n- Informacje na temat koncesji<br/>\n- B+R</t>','0a0e8ae54304af99229c82f14b805cf5',0,'','ss1u5cg',1,0,'',0,0,0,1,0,'',0),(17,17,10,58,0,'192.162.175.145',1649268940,0,1,1,1,1,'','Zmiana moduu newsy','<t>Obecny modu i prezentacja newsw zdecydowanie odbiega od naszych oczekiwa w tym temacie przedyskutujemy kwestie jego wymiany, nowych propozycji.</t>','e6a180984084dd7e36c31aae2bba1206',0,'','2egof3',1,0,'',0,0,0,1,0,'',0),(18,18,15,58,0,'192.162.175.145',1649269260,0,1,1,1,1,'','Tematy na Business Update MIL','<t>Temat przeznaczony do wymiany pomysw o czym warto poinformowa partnerw militarnych w najbliszym Business Update.<br/>\n<br/>\nUpdate wysyamy nieregularnie, gdy chcemy o czym istotnym poinformowa naszych partnerw. Wylemy gdy uzbiera si kilka ciekawych tematw.<br/>\n<br/>\nPropozycja tematw:<br/>\n1. Informacja o naszej obecnoci na UTD Rotterdam Czerwiec 2022.<br/>\n2. Nowy katalog M&amp;S<br/>\n<br/>\n...</t>','465f00f9aab6d0ce00a1454078013489',0,'','26ifwn',1,0,'',0,0,0,1,0,'',0),(19,19,14,58,0,'192.162.175.145',1649269314,0,1,1,1,1,'','Tematy na Business Update REC','<t>Temat przeznaczony do wymiany pomysw o czym warto poinformowa partnerw REC w najbliszym Business Update.<br/>\n<br/>\nUpdate wysyamy nieregularnie, gdy chcemy o czym istotnym poinformowa naszych partnerw. Wylemy gdy uzbiera si kilka ciekawych tematw.</t>','401d4fb5a2a8d915e90a3e2e5157787d',0,'','168',1,0,'',0,0,0,1,0,'',0),(20,20,43,58,8,'192.162.175.145',1649269798,0,1,1,1,1,'','Kalendarz wydarze - co, gdzie i kiedy','<r>Informacje na temat kalendarza wszelkiego rodzaju wydarze nurkowych.<br/>\n<br/>\nAktualny kalendarz i rozpiska z informacjami, ktry z naszych partnerw gdzie si pojawi dostepny i aktualizowany na Synology pod ciek:<br/>\n<br/>\n<B><s>[b]</s>C:\\SynologyDrive\\MT\\MT_MARKETING\\SPRZEDAWCY\\TARGI_EVENTY_NURKOWE.xlsx<e>[/b]</e></B><br/>\n<br/>\nTemat ma suy wymianie informacji na temat wszelkiego rodzaju wydarze nurkowych.</r>','bacecb99e8b8d719cb4542d0599125f4',0,'','jiwswlb',1,0,'',0,0,0,1,0,'',0),(21,5,23,58,0,'94.232.216.242',1649314767,0,1,1,1,1,'','Re: [MIL] UDT Rotterdam, Holandia 7-9.06.2022','<r>W naszym planie pracy uwzgldnilimy, e targi odbywaj si w lipcu, z oficjalnej strony wynika, e s one w czerwcu. Nie wiem, czy nastpia zmian, czy omykowo wpisalimy tam lipiec, a nie czerwiec.<br/>\n<br/>\nZmianie musz ulec deadliny na karty katalogowe i katalog i inne materiay ktre musimy mie miesic wczeniej ni zakadalimy.<br/>\n<br/>\nRozmawiaem wczorja z przedstawicielk oficjalnego partnera targw Event Guide zajmujcego si promocj i reklam uczestnikw targw m.in. w oficjalnym przewodniku targw.<br/>\n<br/>\nLog z rozmowy i oferta reklamowa, ktr nam zaoferowali poniej, ceny kosmiczne ok 5k gbp za umieszczenie dobrych reklam i naszej obecno w ich publikacjach:<br/>\n\n<QUOTE><s>[quote]</s>Hi Damian, <br/>\n<br/>\nThank you for your time today, please find attached the information as discussed. 2 sponsorship options below: <br/>\n<br/>\nOption 1. Floorplan Sponsorship  Official Event Guide <br/>\n Full colour logo branding on the Floorplan and Exhibitor A-Z with the words sponsored by xxx<br/>\n A message saying Visit us at stand xx printed with your logo<br/>\n A directional trail marked from the entrance to your stand location on the Floorplan<br/>\n Your stand highlighted on the Floorplan<br/>\n Full page advertisement on the Inside Front Cover (Gatefold)<br/>\n Horizontal banner advertisement at the bottom of the same page as your Exhibitor Profile<br/>\n Logo/image upgrade with your Exhibitor Profile listing<br/>\n=4,995 <br/>\n<br/>\nExamples will follow below. <br/>\n<br/>\nOption 2. <br/>\nExhibitor Profile Sponsorship  Official Event Guide <br/>\n	Logo branding across the bottom of every editorial page of the Exhibitor Profiles Section<br/>\n	A message saying Visit us at stand xx printed with your logo<br/>\n	Full page advertisement opposite the opening page of the Exhibitor Profiles section<br/>\n	Company name and stand number highlighted in all lists<br/>\n	Logo/image upgrade with your Exhibitor Profile listing<br/>\n	Horizontal banner advertisement at the bottom of the same page as your Exhibitor Profile<br/>\n=4,995<br/>\n<br/>\nExamples below. <e>[/quote]</e></QUOTE>\n\nNie wiem, czy wczeenij kupowalimy tego typu reklamy na targach, interesuj nas tego typu opcje?</r>','5582b7f7f9c992453eede6cb185029f8',0,'','1bf5qhu',1,0,'',0,0,0,1,0,'',0),(22,21,43,60,0,'94.232.216.242',1649314934,0,1,1,1,1,'','CaveCamp Mexico 2022','<t>Cze,<br/>\nw dniach 10-24 wrzenia 2022 odbdzie si szsta edycja CaveCamp Mexico. <br/>\nSkontaktowaam si z Lannym i w zwizku z maym zainteresowaniem czerwcow akademi skupiaj si w 100% na wrzeniowym wydarzeniu. Poniej szczegy przekazane przez Lanny\'ego.<br/>\n<br/>\nKorzyci dla sponsorw:<br/>\n- promocja sponsora na stronie www CaveCamp z logo,<br/>\n- promocja w mediach spoecznociowych podczas eventu,<br/>\n- pakiet profesjonalnych zdj z eventu,<br/>\n- reklama w magazynie nurkowym CaveCamp (1 strona),<br/>\n- zamieszczenie logo sponsora na koszulce eventowej, banerze<br/>\n- impreza tematyczna \"Seacraft\" wycznie z naszymi logotypami, prezentacj produktw itp. <br/>\n<br/>\nWkad sponsora:<br/>\n- 1199$ na pokrycie t-shirtw, banerw, imprezy tematycznej i broszur,<br/>\n- 55 szt. przedmiotu tematycznego do toreb prezentowych dla uczestnikw,<br/>\n- nagroda gwna do losowania.<br/>\n<br/>\nProsz o nastpujce informacje:<br/>\n* czy na pewno zgadzamy si na wkad pieniny?<br/>\n* jakie produkty oferujemy do torby prezentowej w iloci 55 szt.?<br/>\n* jaki produkt gwny przekaemy?</t>','c012455ae8d96e03a205976b83868e0b',0,'','85373',1,0,'',0,0,0,1,0,'',0),(23,6,20,60,0,'94.232.216.242',1649315380,0,1,1,1,1,'','Re: GO! - scenariusz filmu','<r>POST EDYTOWANY PO SPOTKANIU ONLINE<br/>\nRozmawiaam z Adamem Wasiakiem (FrogTV) i obiecaam odezwa si pocztkiem przyszego tygodnia z pomysami na scenariusz. Temat pilny, bo Adam moe dziaa do koca czerwca. Na ten moment lista pomysw zawiera:<br/>\n<br/>\nZaoenia do filmu promocyjnego:<br/>\n- na wstpie krtko chcemy pokaza, e produkcja skutera odbywa si u nas w Kronie, bez wikszych szczegw,<br/>\n- nastpnie skuter trafia do klienta,<br/>\n- przygotowanie skutera do podry,<br/>\n- zapakowanie skutera do torby podrnej, baterie osobno do podrcznego,<br/>\n- odprawa bagaowa i kontrola (x-ray baterii) ,<br/>\n- wejcie do samolotu ze skuterem, ewentualnie ujcie samolotu i innej osoby, ktra egna/macha w stron samolotu<br/>\n- uycie skutera w fajnym miejscu, moe egzotycznym,<br/>\n- uycie skutera przez kobiet - sprzt jest lekki<br/>\n<br/>\nWpisujcie swoje pomysy, bd uzupenia list.<br/>\n<br/>\n<B><s>[b]</s>Witku - zweryfikuj prosz moliwo nagrania wstawek do filmu w Poznaniu. <br/>\nDobrze byoby te ustali kto, gdzie i na kiedy moe nagra wstawki z nurkowania w adnych miejscach. <e>[/b]</e></B></r>','e3be1cefec033b00beb5280f6bc83748',0,'','1de5jlk',1,0,'',0,0,0,1,0,'',0),(24,21,43,63,0,'85.221.240.2',1649319750,0,1,1,1,1,'','Re: CaveCamp Mexico 2022','<t>Lanny prawdopodobnie byby rwnie chtny na barter skuterowy. To idealny event, oraz daty by wczy wydarzenie w kampani GO! i udostpni 3 skutery na miejscu.<br/>\n<br/>\nOstatnio uczestnicy dostali klucze w ksztacie skutera oraz nagroda gwna - ENC3.<br/>\n<br/>\nZawsze jest z nimi mega dobry kontakt, dziaaj w social mediach, maj te du etyk pracy i jakoci tego co robi. <br/>\n<br/>\nPoszedbym w kierunku prby barteru (dla nas zawsze taniej) + wplecenia w kalendarz premiery GO!.</t>','e1d25870634833a26e885d03be81c4c4',0,'','7ocfn',1,0,'',0,0,0,1,0,'',0),(25,22,18,58,0,'94.232.216.242',1649320975,0,1,1,1,1,'','Karty katalogowe','<t>Temat powicony przygotowaniu kart katalogowych. <br/>\n<br/>\nNa bazie katalogu MIL ktry Witek przygotowa wychodzi mi tak list kart katalogowych, ktre chc przygotowa:<br/>\n<br/>\n-Scooters, Dual scooters<br/>\n-Accessory and spart parts - DPV<br/>\n-Light system<br/>\n-Power converter<br/>\n-ENC<br/>\n-Accessory and spart parts - ENC<br/>\n- Normy i certyfikaty<br/>\n<br/>\nCzy co pominaem/powinnimy doda? Oczywiscie karty nowoci bdziemy mogli bezproblemowo tworzy i dodawa na bazie szablonu ktry tworz, wersja uproszona i wersja w stylu katalogu.</t>','a7d24dd5a410d29237dbe84664c332a4',0,'','tgbkrk4',1,0,'',0,0,0,1,0,'',0),(26,23,9,58,0,'94.232.216.242',1649322338,0,1,1,1,1,'','Jzyk koreaski','<t>Temat powicony wdroeniu jzyka koreaskiego na naszej strnie.</t>','db20ec8bb4fa3bbc85704f1ef70b791e',0,'','5h4u',1,0,'',0,0,0,1,0,'',0),(27,24,28,63,0,'85.221.240.2',1649323093,0,1,1,1,1,'','Zdjcia i materiay','<r>Hej<br/>\nMaj by gotowe 3 skutery GO! Do rozesania. Opcje:<br/>\n<br/>\n-Cavebase---&gt; kadry techniczne, urywki filmw z nurkami technicznymi --&gt; samodzielnie<br/>\n<br/>\n-Irena Stangierska- zdjcia z ciepych wd. Trzeba zorganizowa wyjazd, oraz zapewni modela.<br/>\n<br/>\n- <URL url=\"https://www.digitalmovie.it/\">https://www.digitalmovie.it/</URL>  --&gt; nasza opcja na zdjcia \'suche\', lifestyle\'owe. (Dziewczyny w bikini na play <E>;)</E>). Wanie prosi o skuter ze znik dla czonka zespou, mona poczy tematy. Doskonaa jako materiaw. Rwnie opcje na video - ta sama sesja.</r>','54e5b449b6ab12aae1b6b80833521735',0,'','4p2ma54v',1,0,'',0,0,0,1,0,'',0),(28,22,18,63,0,'85.221.240.2',1649329201,0,1,1,1,1,'','Re: Karty katalogowe','<r><URL url=\"https://www.equipnor.com/media/3003/2019_military_buyersguide.pdf\"><LINK_TEXT text=\"https://www.equipnor.com/media/3003/201 ... sguide.pdf\">https://www.equipnor.com/media/3003/2019_military_buyersguide.pdf</LINK_TEXT></URL></r>','56d4af9e38c9cde2d180ca2a1c7e9713',0,'','8rb6g',1,0,'',0,0,0,1,0,'',0),(29,5,23,61,0,'94.232.216.242',1649331759,0,1,1,1,1,'','Re: [MIL] UDT Rotterdam, Holandia 7-9.06.2022','<t>Kwestie tych targw naley w wikszoci ustala z Frankiem. To bardzo drogie targi std takie kosmiczne ceny. Reklamy nie bdziemy wykupywa.<br/>\n<br/>\nWitek, popro Franka o sporzdzenie listy sprztu na targi. Musimy wiedzie, e np. DPC ma by gotowe ...<br/>\nProsz o przygotowanie tego w formie zamwienia na sprzt targowy.<br/>\n<br/>\nJaka korespondencja, plany stoiska itp s na redmine podpite w formie plikw.</t>','8691aaa550547528367bdbd3c417b5b9',0,'','i5p',1,0,'',0,0,0,1,0,'',0),(30,21,43,60,0,'94.232.216.242',1649334661,0,1,1,1,1,'','Re: CaveCamp Mexico 2022','<t>Ustalenia po spotkaniu online: <br/>\nWitek skontaktuje si z Lannym, eby wypyta o moliwoci barteru w zamian za rezygnacj ze skadki sponsorskiej. <br/>\nEwentualna nagroda gwna jeli nie skuter to kartownik.</t>','a7f161fb56b42bfa8e5a6ed50f0c36e9',0,'','3v3ow',1,0,'',0,0,0,1,0,'',0),(31,25,10,58,0,'94.232.216.242',1649398683,0,1,1,1,1,'','Bdy, nie dziaajce linki','<r>Temat przeznaczony na zgaszanie bdw i nieprawidowoci na stronie www.<br/>\n<br/>\nPo przejciu opieki nad stron przez Marcina dowiadczylimy problemw z linkami w sekcji produkty.<br/>\nPo gbszej analizie strony zauwaylimy z Witkiem kilka innych nie dziaajcych komponentw:<br/>\n<br/>\nBd 1: <br/>\n\n<QUOTE><s>[quote]</s>Po wejciu w kady produkt - na dole, zakadki \"Support portal\" kieruje do <URL url=\"https://seacraft.eu/seacraft/support/support-portal/\">https://seacraft.eu/seacraft/support/support-portal/</URL>, a powinna do <URL url=\"https://support.seacraft.eu/\">https://support.seacraft.eu/</URL>, ten sam problem dotyczy nie dziaajcych linkw do cennika i innych komponentw prypisanych do dolnego menu produktw.<e>[/quote]</e></QUOTE>\n\nRozwizanie: <br/>\n\n<QUOTE><s>[quote]</s>W toku, Marcin zosta ju poinformowany, pracuj nad tym.<e>[/quote]</e></QUOTE>\n\n<B><s>[b]</s>Jeeli zauwaycie jeszcze jakie nie dziaajce linki czy inne bdy na stronie, prosz napiszcie w tym temacie, a ja bd to zgasza Marciowi aby bdy zostay szybko zdiagnozowane i usunite.<e>[/b]</e></B></r>','c8540767db5772484d230a976716d442',0,'','9fznr',1,0,'',0,0,0,1,0,'',0),(32,7,41,61,0,'185.153.39.80',1649407009,0,1,1,1,1,'','Re: Sugestie, pomysy, zgoszenia','<t>KARTOWNIK - do dodania nowy produkt.<br/>\n<br/>\nDetale zostan wyprodukowane do 22.04.2022.<br/>\nPo zoeniu mona zabra do zrobienia zdjcia produktowego.</t>','9f0a99dd89a8c15d4b7135daf27cbcfc',0,'','94tbbf8a',1,0,'',0,0,0,1,0,'',0),(33,26,44,58,0,'94.232.216.242',1649407938,0,1,1,1,1,'','Kartownik','<t>Wtek powicony Kartownikowi.<br/>\n<br/>\nDetale zostan wyprodukowane do 22.04.2022.<br/>\nPo zoeniu mona zabra do zrobienia zdjcia produktowego.</t>','99199e502648d1def5e1e60d1aee0b0e',0,'','c1zt',1,0,'',0,0,0,1,0,'',0),(34,7,41,58,0,'94.232.216.242',1649408009,0,1,1,1,1,'','Re: Sugestie, pomysy, zgoszenia','<r>Dodane <E>:)</E></r>','82d1ecdb6af36e2fc393a29f31cbe5ce',0,'','105drqr',1,0,'',0,0,0,1,0,'',0),(35,22,18,61,0,'185.153.39.80',1649409745,0,1,1,1,1,'','Re: Karty katalogowe','<r>Folder MARKETING ---&gt; MILITARY_KARTY KATALOGOWE<br/>\nWgraam to od czego zaczynalimy w tamtym roku. <br/>\nWgraam obowizujcy cennik militarny (wieutki <E>:)</E><br/>\n<br/>\nUkad musi by oczywicie pionowy - format A4 daje w sumie duo miejsca na tre. <br/>\nTeraz jest czas na szablon a potem pjdziemy dalej.</r>','9490d6fd86e3a8dbfe19c61ebb59165d',0,'','9utuk',1,0,'',0,0,0,1,0,'',0),(36,22,18,58,0,'94.232.216.242',1649409938,0,1,1,1,1,'','Re: Karty katalogowe','<t>wietnie, bior si za przygotowanie szablonu.</t>','f7d19c836acf0d5c884cb768b1f667ae',0,'','3qmc7g',1,0,'',0,0,0,1,0,'',0),(37,25,10,60,0,'91.196.8.186',1649417786,0,1,1,1,1,'','Re: Bdy, nie dziaajce linki','<r>Tak jak zgaszaam Damianowi, nie dziaaj linki <URL url=\"https://seacraft.eu/seacraft/technology/features/\">https://seacraft.eu/seacraft/technology/features/</URL> pod kad zakadk \"learn more\".</r>','4756d48dfe1f7c53f8022491a14d4163',0,'','198xz7v',1,0,'',0,0,0,1,0,'',0),(38,25,10,58,0,'94.232.216.242',1649418619,0,1,1,1,1,'','Re: Bdy, nie dziaajce linki','<r>Jak si okazuj, problem bardziej rozlegy..<br/>\n<br/>\nNie dziaaj:<br/>\n<br/>\n<URL url=\"https://seacraft.eu/seacraft/technology/features/\">https://seacraft.eu/seacraft/technology/features/</URL><br/>\n<URL url=\"https://seacraft.eu/go-deeper/ambassador/\">https://seacraft.eu/go-deeper/ambassador/</URL><br/>\n<URL url=\"https://seacraft.eu/go-deeper/environment/\">https://seacraft.eu/go-deeper/environment/</URL><br/>\n<URL url=\"https://seacraft.eu/go-deeper/world-records/\">https://seacraft.eu/go-deeper/world-records/</URL><br/>\n<URL url=\"https://seacraft.eu/go-deeper/exploration/\">https://seacraft.eu/go-deeper/exploration/</URL><br/>\n<br/>\nPrzy prbie wejsci w kad z podstron gwnego dziau wyrzuca bd 404.<br/>\n<br/>\nLinki  na stronie nie dziaaj wg schematu:<br/>\n<br/>\nMenu gowne -&gt; Dzia nadrzdy OK. -&gt; Kategoria OK. -&gt; Dzia OK. -&gt; podddzia USZKODZONE linki.<br/>\n<br/>\n<B><s>[b]</s>Zgoszone Marcinowi.<e>[/b]</e></B></r>','3341dae5923ec57cc7f7afa0edbccd5c',0,'','8xwbs',1,0,'',0,0,0,1,0,'',0),(39,25,10,63,0,'85.221.240.2',1649420639,0,1,1,1,1,'','Re: Bdy, nie dziaajce linki','<t>Nie chc \'kopa lecego\' - ale wersja DE ley po caoci. Marcin pisa e j postawi (wic teoretycznie ma wiadomo e nie dziaa).<br/>\n<br/>\nBoj si e modyfikuj linki manualnie, zamiast poprawi ca funkcjonalno wtyczki ktra zarzdza linkami w wersjach wielojzycznych.</t>','29e7a822f427e8f3c5b7137cdcd05b15',0,'','2n2ffp',1,0,'',0,0,0,1,0,'',0),(40,25,10,61,0,'185.153.39.80',1649423134,0,1,1,1,1,'','Re: Bdy, nie dziaajce linki','<t>Czy dajemy im czas do poniedziaku? <br/>\nCzy trzeba w trybie natychmiastowym da to komu innemu do reanimacji?<br/>\n<br/>\nDamianie, <br/>\nprosz o Twoje zdanie na ten temat.</t>','a9fa33504b842cc14b0d0f3e9da3c919',0,'','mj9ctve',1,0,'',0,0,0,1,0,'',0),(41,25,10,58,0,'79.187.195.66',1649442295,0,1,1,1,1,'','Re: Bdy, nie dziaajce linki','<t>Na chwil obecn wikszo linkw zostaa naprawiona. Wersja niemiecka te, potestuje w wolnej chwili czy problem zosta rozwizany. Wydaj si, e poar ugaszony.<br/>\n<br/>\nMarcin musi si dostosowa do naszego systemu pracy i komunikacji, oraz naszych warunkw, to na pewno.</t>','573f932d625322b678f6a8fd325608f1',0,'','4xnpmur3',1,0,'',0,0,0,1,0,'',0),(43,27,23,63,0,'85.221.240.2',1649660113,0,1,1,1,1,'','21.04.2022 [MIL] Event Gearpoint','<r>Hej<br/>\nNiej cytaty wiadomoci w tym temacie :\n<QUOTE><s>[quote]</s>Wanie zdzwoniem si z Rubenem. Przetarg dla si specjalnych jest ju rozpisany i bd tam osobne (wchodzce w skad oceny sprztu) testy w wodzie, natomiast tak czy siak bd osoby decyzyjne na evencie. Bd te zainteresowane skuterami jednostki policyjne, moliwe ze te Belgia. Flamur- go z 5h pywania na Sieniawie, te bdzie.<br/>\n<br/>\nEvent jest zamknity, tylko na zaproszenia - nie promowany. Odbywa si u nich na miejscu : <URL url=\"https://www.facebook.com/GearPoint/\">https://www.facebook.com/GearPoint/</URL><br/>\n<br/>\nKoordynowaem moliwo testw w wodzie poczonych z jednym przejazdem, ale w tej chwili  (przed wyjciem przetargu), zapraszanie si specjalnych na spotkanie bezporednio z producentem moe by podstaw prawn do wykluczenia - opcja odpada. (od 3 tygodnie prbowali to tak zorganizowa)<br/>\n<br/>\nGeograficznie z Poznania do Amersfoort jest 850km. Chyba najlepsz opcj sprztow jest wysyka.<br/>\n<br/>\n-Iga, potrzebowabym informacji czy skutery :<br/>\n<br/>\nmaj zamontowane przetwornice. W jakim s stanie wizualnym? Wypalone wywietlacze, zainstalowany soft itd.?<br/>\n<br/>\n<br/>\nCzy skutery MIL z magazynu maj przetwornice? Bdzie to dziaanie \'nie w wodzie\', na targi w lipcu rwnie potrzebujemy sprzg \'targowy\':<br/>\n<br/>\nCzy te sprzgi s z nowymi uchwytami i platformami?<br/>\n<br/>\n<br/>\nBd te wdziczny za informacje o opcjach na:<br/>\n<br/>\n-targowy maszt<br/>\n<br/>\n-SUM do pokazania Flamourowi<br/>\n<br/>\n-ENC3M skoordynuj z Albinem.<br/>\n<br/>\n<br/>\nS dostpne na miejscach stoy wystawowe - jeden standard dla wszystkich, wic prawdopodobnie optymalne s stojaki na skutery.<br/>\n<br/>\n<br/>\nJeli s gotowe jakie dodatkowe ciekawostki jakie warto pokaza, dajcie zna.<br/>\n<br/>\nWysyka- druga poowa przyszego tygodnia, przynajmniej jak chodzi o najwaniejsze elementy.<e>[/quote]</e></QUOTE>\n\nLista pakowania(wysyane z Krosna):<QUOTE><s>[quote]</s>Katalog MIL - pozostae				15<br/>\nUlotka MIL 				60<br/>\nTAC2000 ns211 (z przetwonic)				1<br/>\nTAC2000 ns165 (z przetwonic)				1<br/>\nSkutery TAC2000- bdzie na nich zbudowany sprzg dual TAC2000 z szerok platform				x<br/>\nSzeroka platforma sprzgajca z nowym systemem, cznie 4 uchwyty 208 do sprzgania (komplet)				1<br/>\nStojak 208mm				2<br/>\nKabel z wyjciem E/O wkrcany w gniazdo adowania				1<br/>\nLatarki SLS2				1<br/>\nTAC1000 (ns 279) (z przetwornic)				1<br/>\nStojak 160mm				1<br/>\nMaszt GPS mocowany do 2 uchwytw 				1<br/>\nPlatforma ENC3M - komplet, z bojk GPS typ B (nie musi by w walizce)				1<br/>\nFlaga MIL (koordynuje Paulina)				2<br/>\nMilitary&amp;Special Seacraft Black cotton tshirt (print in front) - rozmiary L, XL, XXL				po 3 szt z rozmiaru<br/>\nMiliary&amp;Special Seacraft M&amp;S 3 cotton hat  unisex				10<br/>\nMilitary&amp;Special Seacraft M&amp;S 3 cap  unisex				10<br/>\nSeacraft universal key (klucz w ksztacie skutera				5<br/>\nadowarka 400W do hermetycznego zcza adowania				1<br/>\nUSB charging outlet (2 x 5V)  from scooter\'s hermetic charging port				1<br/>\nTrigger lock				2<br/>\nPonisze- opcjonalne (pyta Piotra)				x<br/>\nZwalniacz (jeli dostpny)				1<br/>\nSUM (bdzie odesany na koniec kwietnia)				1<br/>\nniewielkie drobiazgi do pokazania - jeli co jest (nowe mocowanie do ENC?)				x\n<e>[/quote]</e></QUOTE></r>','fdd75aad6212b66fd0aa0003f026b8ab',0,'','1mgihdz',1,0,'',0,0,0,1,0,'',0),(44,27,23,63,0,'85.221.240.2',1649660493,0,1,1,1,1,'','Re: Event Gearpoint 21.04','<r>Stan na chwil obecn.<br/>\n<br/>\n-Maj na miejscu zorganizowa ekran/telewizor (pokazywanie filmw w akcji, szczeglnie DPC)<br/>\n<br/>\n-do dyspozycji na miejscu s stoy - zwyke - 180x80cm, niskie. W razie czego, lepiej mie obrusy/ tkanin na gr eby jako to wygldao.<br/>\nChc zamwi co w stylu: <URL url=\"https://allegro.pl/oferta/obrus-diamond-plamoodporny-140x200-gruby-kolory-11748459474\"><LINK_TEXT text=\"https://allegro.pl/oferta/obrus-diamond ... 1748459474\">https://allegro.pl/oferta/obrus-diamond-plamoodporny-140x200-gruby-kolory-11748459474</LINK_TEXT></URL> - grafit albo granat. Na czarnym zlewaj si skutery. Jeli stoy bd estetyczne- mona pomin, ale nie zaszkodzi mie. (maj wysa mi zdjcie stou)<br/>\n<B><s>[b]</s>Dajcie zna ktry kolor waszym zdaniem najlepszy.<e>[/b]</e></B><br/>\n<br/>\n-troch rzeczy mam na miejscu - teczki, worki, kilka czapek.</r>','4deda3045dedd7371690287564ac53a6',0,'','pl3jcl',1,0,'',0,0,0,1,0,'',0),(45,27,23,60,0,'91.196.8.186',1649661914,0,1,1,1,1,'','Re: Event Gearpoint 21.04','<r>Hej, co do obrusw - rednio widzi mi si ten wiszcy obrus. Wyglda troch obiadowo, mimo adnego koloru. <br/>\nChyba lepiej zakupi pokrowce pene: <URL url=\"https://wynajem-krzesel.pl/?118,pokrowiec-elastyczny-bialy-180x80\"><LINK_TEXT text=\"https://wynajem-krzesel.pl/?118,pokrowi ... aly-180x80\">https://wynajem-krzesel.pl/?118,pokrowiec-elastyczny-bialy-180x80</LINK_TEXT></URL></r>','f388ebc9d2f6751620c36bf0d765db3a',0,'','9qr7j1f5',1,0,'',0,0,0,1,0,'',0),(46,27,23,60,0,'91.196.8.186',1649662223,0,1,1,1,1,'','Re: Event Gearpoint 21.04','<r>Podsyam link: <URL url=\"https://pracowniahoreca.pl/pl/p/pokrowiec-na-stol-cateringowy-180x75-cm/46\"><LINK_TEXT text=\"https://pracowniahoreca.pl/pl/p/pokrowi ... 0x75-cm/46\">https://pracowniahoreca.pl/pl/p/pokrowiec-na-stol-cateringowy-180x75-cm/46</LINK_TEXT></URL></r>','612234fcaf8689c6a0a0635ab1325461',0,'','1m7yrkk',1,0,'',0,0,0,1,0,'',0),(47,27,23,60,0,'91.196.8.186',1649663634,0,1,1,1,1,'','Re: Event Gearpoint 21.04','<r>Najlepiej szare: <URL url=\"https://pracowniahoreca.pl/pl/p/pokrowiec-na-stol-cateringowy-180x75-cm/46\"><LINK_TEXT text=\"https://pracowniahoreca.pl/pl/p/pokrowi ... 0x75-cm/46\">https://pracowniahoreca.pl/pl/p/pokrowiec-na-stol-cateringowy-180x75-cm/46</LINK_TEXT></URL><br/>\nMoesz poprosi Ig, eby zamwia potrzebn ilo. <E>:)</E></r>','f17af4f4e90560daabef0fa7551b8667',0,'','1z0yoq',1,0,'',0,0,0,1,0,'',0),(50,28,21,61,0,'91.196.8.186',1649674842,0,1,1,1,1,'','RENDERY','<t>Jakie rendery potrzebujemy teraz i na przyszo?<br/>\nDam Bartkowi do wykonania hurtem, bo i tak potrwa to wieki...</t>','58323201fdcbb76d1fdd4705521224bd',0,'','9c1cgy1',1,0,'',0,0,0,1,0,'',0),(51,28,21,58,0,'94.232.216.242',1649676913,0,1,1,1,1,'','Re: RENDERY','<t>Tak na szybko na pewno przydayby si Skutery Future i Ghost pod karty katalogowe MIL, bo nie mamy takich czystych bez logo seacraft made to explore.</t>','d96fde3d66ef7a8ae1b52bcf9f420b97',0,'','329',1,0,'',0,0,0,1,0,'',0),(52,27,23,63,0,'85.221.240.2',1649678714,0,1,1,1,1,'','Re: Event Gearpoint 21.04','<r>Zamwiem kart MT z wysyk na POZ- wietny pokrowiec! Dobrze to wyglda, dziki za namiar <E>;)</E><br/>\nNa pewno si przyda i na przyszo, pod wszelakie prezentacje, taki st wygodnie si wozi: <URL url=\"https://allegro.pl/oferta/stol-ogrodowy-cateringowy-skladany-180x75cm-rattan-11925489030?bi_s=ads&amp;bi_m=listing%3Adesktop%3Aquery&amp;bi_c=OThkZDZhYzAtMDIyZC00ODY0LTk0NTgtNjFhZmVmYWJhM2EwAA&amp;bi_t=ape&amp;referrer=proxy&amp;emission_unit_id=ac097212-1e52-4e36-88c5-fcee55c62415\"><LINK_TEXT text=\"https://allegro.pl/oferta/stol-ogrodowy ... ee55c62415\">https://allegro.pl/oferta/stol-ogrodowy-cateringowy-skladany-180x75cm-rattan-11925489030?bi_s=ads&amp;bi_m=listing%3Adesktop%3Aquery&amp;bi_c=OThkZDZhYzAtMDIyZC00ODY0LTk0NTgtNjFhZmVmYWJhM2EwAA&amp;bi_t=ape&amp;referrer=proxy&amp;emission_unit_id=ac097212-1e52-4e36-88c5-fcee55c62415</LINK_TEXT></URL></r>','1d6139c26afc9549a2386a20c4b7b1e2',0,'','3fysp',1,0,'',0,0,0,1,0,'',0),(53,29,26,58,0,'94.232.216.242',1649743251,0,1,1,1,1,'','14-15.05.22 Nurkowe Demo Days Jaworzno, Koparki','<t>11 edycja NURKOWE DEMO DAYS 2022<br/>\nMiejsce: Jaworzno, Koparki<br/>\nKiedy: 14-15.05.2022<br/>\n<br/>\nCzy w tym roku, Deep Adventure take bdzie nas tam reprezentowa? Mamy ju jakie info od Marcina Bramsona.<br/>\n<br/>\nWiem, e Marcin Paweczyk bdzie tam obecny, mogby pewnie dla nas zrobi jakie fajne zdjcia do wykorzystania w SM.</t>','ca2b7bd4a98bc094bc45b435e543a845',0,'','73s6k',1,0,'',0,0,0,1,0,'',0),(54,30,45,58,0,'94.232.216.242',1649745136,0,1,1,1,1,'','Uchwyt na kamer','<t>Wtek powicony Uchwytowi na kamer.</t>','73061d72ec2a0a42a263443f8b4e6417',0,'','chjpnnr',1,0,'',0,0,0,1,0,'',0),(55,29,26,61,0,'94.232.216.242',1649746743,0,1,1,1,1,'','Re: Nurkowe Demo Days Jaworzno, Koparki 14-15.05.22','<t>Napisz do niego maila w tej sprawie.</t>','5c4c928207de772beaf49e2c4fb4ea4f',0,'','eq199vr',1,0,'',0,0,0,1,0,'',0),(56,31,46,58,0,'94.232.216.242',1649749208,0,1,1,1,1,'','Obcienie elektroniczne','<t>Wtek powicony nowemu produktowi Obcienie elektroniczne - Electronic load, for battery capacity testing</t>','f5f91546611c815e74b78d45254d0c5b',0,'','bnrcm9m',1,0,'',0,0,0,1,0,'',0),(57,32,21,63,0,'85.221.240.2',1649754914,0,1,1,1,1,'','Zdjcia produktowe- paczka, materiay marketingowe','<t>Jest mocna potrzeba uporzdkowania i skatalogowania zdj produktowych - zarwno cywilnych jak i militarnych- w aktualne paczki, z kodami produktowymi i nazwami produktowymi. Materiay powinny wisie na chmurze cloud.seacraft i mie moliwo atwego udostpniania klientom.<br/>\n<br/>\nPodobnie wyglda temat paczki materiaw reklamowych. Mamy staraw, z logtypami, zdjciami w akcji, i podobnymi materiaami. Generalnie sdz e materiay powinny by \'na twardo\' hostowane na cloud.seacraft, ale... przewodnik? Spis treci? Poradnik? z odnonikami do nich - umieszczony na support.seacraft.eu w strefie dla resellerw.</t>','ddc7454f616c923d24bfedcc2b7126cd',0,'','4wktr',1,0,'',0,0,0,1,0,'',0),(59,30,45,63,0,'85.221.240.2',1649755375,0,1,1,1,1,'','Re: Uchwyt na kamer','<t>Mamy testerw z duymi kamerami - choby ekipa z Malty - ktra moe i chtnie przetestuje w akcji uchwyt. Jeli dostan alokacj 1-2szt do wysyek, skoordynuj temat.</t>','c32b1e5924ee015630ce27c1163dfc68',0,'','mx8c5xu',1,0,'',0,0,0,1,0,'',0),(62,22,18,58,0,'94.232.216.242',1649757959,0,1,1,1,1,'','Re: Karty katalogowe','<r>Prosze rzucie okiem na:<br/>\n<br/>\nC:\\SynologyDrive\\MT\\MT_MARKETING\\MILITARY_KARTY KATALOGOWE\\<B><s>[b]</s>Karty.pdf<e>[/b]</e></B><br/>\n<br/>\nJest tam wzr propozycji kart katalogowych do naszego segregatora (nad okadk popracuje Karwowski).<br/>\nStaraem si zachowa spjno z  naszymkatalogiem MIL (kolorystyka, czcionki, to, styl etc.) i i z cennikiem.<br/>\n<br/>\nWzr na przykadzie scooterw. W myl schematu:<br/>\n<br/>\nPierwsza strona to taka przekadka kategorii, aby zachowa organizacj, <br/>\n<br/>\nWstpnie przykadowe kategorie podziau:<br/>\n<br/>\n- Diving Propultion Vehicle<br/>\n- Accessory and spart parts - DPV<br/>\n- Light system (osobno to uj, czy podpianamy pod akcesoria?)<br/>\n- Power converter (osobno to uj, czy podpianamy pod akcesoria?)<br/>\n- ENC<br/>\n- Accessory and spart parts - ENC<br/>\n- Standards and certificates<br/>\n<br/>\nStrony 2-5 to ju waciwe karty katalogowe, kolejno Scooter TAC1000 i TAC2000<br/>\n<br/>\n<B><s>[b]</s>Na przykadzie TAC1000:<e>[/b]</e></B><br/>\n<br/>\nU gry nazwa nadrzdna kategorii (Diving Propultion Vehicle), poniej nr katalogowy i nazwa scootera.<br/>\nPo prawej logo.<br/>\nNiej zdjcie produktu (tam s na razie wersje robocze tych renderw na szybko usunite logo, zostao tam jeszcze logo na ENC, ale to si ju si podmieni na waciwe).<br/>\n<br/>\nKolejno tabelki z informacjami technicznymi:<br/>\n<br/>\n- Specyfikacja (motor, battery, dimensions)<br/>\n- Co zawiera zestaw (set includes) z nr katalogowymi poszczeglnych elementw.<br/>\n- Powizane elementy (linked with) z czym moemy czyc scooter, jak coupling platform set, wersje z nawigacj, zestaw czesci zamiennych, wszystko z przypisanymi nr katalogowymi. (akcesoria dla dpv  bd ujte w kartach osobno, w kategorii (Accessory and spart parts - DPV)  jest ich sporo.<br/>\n- Co jeszcze powinnimy uja w danej karcie produktu? Myslalem o normach i certyfikatach, ale to jako osobne karty.<br/>\n<br/>\nI wg tego schematu TAC2000, ENC, dla aksesorii wlasna kategoria i tam karty, z bateriami, ladowarkami i innymi elementami. <br/>\n<br/>\nTak bym to wstpnie widzia. <br/>\n<br/>\nOprocz tej wersji, mozna tez utworzy wersje \"ekonomiczn/robocz\" bez ta na biaym tle, gdzie kady moze wydrukowa na zwyklej drukarce.<br/>\n<br/>\nNapiszcie prosz co sdzicie, no i czekam na pomysy, opinie sugestie <E>:)</E></r>','7bd6d98008c787a2b3239aa75228c71f',0,'','lw6t',1,0,'',0,0,0,1,0,'',0),(63,12,31,58,0,'94.232.216.242',1649758241,0,1,1,1,1,'','Re: Godne uwagi tematy','<r><URL url=\"https://seacraft.eu/products/accessories-and-spares/dedicated-tube-engraving/\"><s>[url]</s><LINK_TEXT text=\"https://seacraft.eu/products/accessorie ... engraving/\">https://seacraft.eu/products/accessories-and-spares/dedicated-tube-engraving/</LINK_TEXT><e>[/url]</e></URL><br/>\n<br/>\nInformowalimy kiedy o tej opcji personalizacji scootera na social mediach czy te newsletterze?<br/>\n<br/>\nBardzo fajny temat do publikacji.</r>','ed8f852e7d421c1c011436e87afde289',0,'','1vckvwr',1,0,'',0,0,0,1,0,'',0),(64,12,31,61,0,'94.232.216.242',1649760323,0,1,1,1,1,'','Re: Godne uwagi tematy','<t>Ja nie kojarz.<br/>\nNawet jeeli byo to mona powtrzy.<br/>\n<br/>\nNa pewno mamy duo surwki zdjciowej od Adama i mona by wykorzysta wycinki materiaw do pokazania procesw technologicznych.<br/>\nNiektre byy naprawd ciekawe, ale zostay wycite i na maxa przypieszone.</t>','002aef5ecec9436421cfa1bcc1cb2481',0,'','14jd8a',1,0,'',0,0,0,1,0,'',0),(65,22,18,58,0,'94.232.216.242',1649762744,0,1,1,1,1,'','Re: Karty katalogowe','<t>Ukad sekcji i ich zawarto zostaa dzi ustalona z p. Beat. <br/>\n<br/>\nPo wprowadzeniu zmian wg wytycznych, przedyskutujemy.</t>','ab80dd8815994ec881aa5a1c344aa4a5',0,'','3or44',1,0,'',0,0,0,1,0,'',0),(66,22,18,60,0,'91.196.8.186',1649765816,0,1,1,1,1,'','Re: Karty katalogowe','<t>Wg mnie czytelne i wizualnie zwizane z polityk wizerunkow marki - fajnie.</t>','a6af7e0a38f5091d95898ea15c8f40b8',0,'','6a3fh',1,0,'',0,0,0,1,0,'',0),(67,12,31,60,0,'91.196.8.186',1649765950,0,1,1,1,1,'','Re: Godne uwagi tematy','<t>Chyba wspominalimy o tym, ale bardzo dawno temu, powinnimy powtrzy. Rzeczywicie moe wykorzystujc co z materiaw od Adama. Ewentualnie moemy te zrobi co w formie kolau zdj naszych zaprzyjanionych nurkw, ktrzy maj grawer.</t>','15a1fbe9d7658055723d15b5129c7238',0,'','1db',1,0,'',0,0,0,1,0,'',0),(68,30,45,61,0,'94.232.216.242',1649766183,0,1,1,1,1,'','Re: Uchwyt na kamer','<r>Obecnie testuj:<br/>\nPaweczyk i Pako<br/>\n<E>;)</E><br/>\n<br/>\nNaley ich poprosi o zdjcia - co konkretnie potrzebujemy? <br/>\nW Kronie ani jednego nie ma.  Typuj dostpno na czerwiec/lipiec  - zanim si co z tego wykluje seryjnego.<br/>\n<br/>\nJak zwrc Polacy mona i naley wysa gdzie dalej...</r>','6479735163d821aa5dd13a42936af59e',0,'','16kyz4',1,0,'',0,0,0,1,0,'',0),(69,29,26,61,0,'185.153.39.80',1649785819,0,1,1,1,1,'','Re: Nurkowe Demo Days Jaworzno, Koparki 14-15.05.22','<r>Damianie, dodaj kolejne wydarzenia.<br/>\n<br/>\nmail od Marcina Bramsona:<br/>\n<br/>\n\"Imprezy w Polsce, w ktrych mam ju uczestnictwo potwierdzone:<br/>\n<br/>\n1. Nurkowe Demo Days Koparki Jaworzno: 14-15.05<br/>\n2. Piknik Bananowy, Hacza Banana Divers: 13-15.08<br/>\n<br/>\nW zaawansowanych planach mam:<br/>\n<br/>\n1. Seacraft Event na DeepSpot - ustalam dat ale bdzie to maj lub pocztek czerwca<br/>\n2. Seacraft Event na Honoratka - to chciabym powiza z otwarciem tam centrum testowego Seacraft. Narazie ustalam warunki wsppracy z nimi.<br/>\n3. Seacraft Event na Batyku - plan na drug poow roku, jesie<br/>\n<br/>\nI jeszcze Chorwacja, VIS 18.06-03.07. Tu robi dwutygodniowy event wrakowy poczony z testowaniem Seacraft i NAVI.<br/>\n<br/>\nCo do wsparcie to teoretycznie wszystko mam. Ale zawsze dodatkowe skutery i navi si przydadz. No i przede wszystkim czekam na GO <E>:)</E>\"</r>','ed3cc374633f255e13694ea7ec20db4f',0,'','du4i',1,0,'',0,0,0,1,0,'',0),(71,5,23,61,0,'185.153.39.80',1649790532,0,1,1,1,1,'','Re: [MIL] UDT Rotterdam, Holandia 7-9.06.2022','<t>Osoby uczestniczce z naszej strony:<br/>\nFrank i Witold - cae targi<br/>\nPiotr i Oskar - chc jecha na 2 dni z jednym noclegiem w celach zwiadowczych.<br/>\n<br/>\nTrzeba sprawdzi jakie s poczenia i zarezerwowa hotel. Witek - popro Ig by to ogarna w miar szybko.</t>','6afc33a02fa97d3641b3d222d133c001',0,'','u1tkqpt',1,0,'',0,0,0,1,0,'',0),(72,31,46,61,0,'185.153.39.80',1649833042,0,1,1,1,1,'','Re: Obcienie elektroniczne','<t>Nadano nazw angielsk produktu:<br/>\nElectronic load, for battery capacity testing<br/>\n<br/>\noraz wyceniono na 730 euro<br/>\n<br/>\nOskar przygotowuje instrukcj i zdjcie (tylko do e-sklepu).<br/>\nProdukt bdzie dodany do cennika serwisowego. Nie wymaga zdjcia profesjonalnego.<br/>\n<br/>\nCao bdzie gotowa do wysyki po witach.</t>','b8cab9fc98dad2564d38456b11e90db1',0,'','1ghh',1,0,'',0,0,0,1,0,'',0),(73,33,40,61,0,'185.153.39.80',1649833325,0,1,1,1,1,'','Cennik - 12.04.2022','<r>Wkrad si indyjski chochlik  <E>:D</E> <br/>\n<br/>\nW czciach zamiennych do duali pominam rub napdow ((wyszo jak zaczam robi polsk wersj)<br/>\nPoprawiam obydwie wersje (Witku, zamie zacznik do umowy) oraz dodaam do folderu marketing ---&gt; MIL_KARTY KATALOGOWE.<br/>\nDaty zatwierdzenia ju nie zmieniam.</r>','aa6e4230f454048a6d61639322ff66ed',0,'','32mfd6',1,0,'',0,0,0,1,0,'',0),(74,34,9,58,0,'94.232.216.242',1649834081,0,1,1,1,1,'','Aktualizacja newsw','<r>Temat powicony aktualizacji Newsw o ktrych powinnimy wspomnie na naszej stronie.<br/>\n<br/>\nTemat newsa do wrzucenia (gdy ju przetestujemy i sprawdzimy finalnie stron): <br/>\n<br/>\n<B><s>[b]</s>Dziaano B+R<e>[/b]</e></B><br/>\n<br/>\nChcemy, aby co konkretnego byo zawarte w tym newsie, czy krtka informacja o powstaniu takiego dziau w naszym przedsibiorstwie?</r>','52056f3de57d19d0768fe2c26d79f5cb',0,'','10ssqdx',1,0,'',0,0,0,1,0,'',0),(75,22,18,61,0,'185.153.39.80',1649834203,0,1,1,1,1,'','Re: Karty katalogowe','<t>Przygotuj w excelu zestawienia do kart militarnych w oparciu o cennik - by uatwi nieco prac Damianowi.<br/>\n<br/>\nPo przygotowaniu wzoru pjdzie nam wtedy szybciej.</t>','31acdb1e88a24796c7a0e053a3bac29f',0,'','19fjc2b',1,0,'',0,0,0,1,0,'',0),(76,32,21,61,0,'185.153.39.80',1649835097,0,1,1,1,1,'','Re: Zdjcia produktowe- paczka, materiay marketingowe','<t>Najpierw trzeba ustali potrzeby i zrobi struktur.<br/>\n<br/>\nPotrzeba:<br/>\nzdjcia kadego produktu do uytku dla nas oraz dla dystrybutorw na www<br/>\nZdjcia musz by atwo identyfikowalne z cennikiem. W jednym katalogu, spjne z tym co mamy u siebie.<br/>\n<br/>\nproponuje 2 katalogi:<br/>\nRec<br/>\nMilitary<br/>\n<br/>\nMoe w kadym katalogu cennik i hipercze do zdjcia?<br/>\n<br/>\nNumerowanie zdj - liczba porzdkowa_nr katalogowy<br/>\nLiczba porzdkowa: naley nada numery w cenniku (i tu pojawi si problem, bo jak dodamy jak pozycj w rodku cennika liczby porzdkowe bd pomieszane. <br/>\nJakie inne propozycje?<br/>\n<br/>\nJest rwnie potrzeba kolejnego katalogu ze zdjciami i rewizji cennika serwisowego<br/>\nCzy jeszcze jaki katalog?</t>','deff93f0eae996db010afaba7e09dca2',0,'','10jytul',1,0,'',0,0,0,1,0,'',0),(77,34,9,61,0,'185.153.39.80',1649835752,0,1,1,1,1,'','Re: Aktualizacja newsw','<r>Waciwie MT od zawsze prowadzio badania  i rozwj i moe niekoniecznie wyglda dobrze informacja, ze taki dzia dopiero utworzylimy dopiero  <E>:)</E> .<br/>\nMoe lepiej jaka wzmianka o poszerzeniu zepou badawczo rozwojowego? Doszo 2 specjalistw od elektroniki oraz kolega z UA. Moe info, e nad czym pracujemy obecnie?<br/>\nWitek, moe co Ci do gowy przyjdzie ...</r>','6200146601609a1104155e6fe79bf157',0,'','2ktul7bj',1,0,'',0,0,0,1,0,'',0),(78,35,42,58,0,'94.232.216.242',1649838746,0,1,1,1,1,'','Brandbook MIL ENG','<t>Zakadam wtek, eby sprawa nam nie ucieka.<br/>\n<br/>\nPosiadamy obecnie brandbook MIL w wersji PL, potrzebujemy te ENG (z opisami kolorw), ktra nie bya zlecana u Jarka Karwowskiego.<br/>\n<br/>\nPoprosz go o pliki rdowe brandbooka MIL, jeeli sami tego nie bdziemy w stanie ogarn lub nam tego nie przel, bdziemy musieli to zleci u niego.</t>','3189060273b210675f06a950b0671af4',0,'','f4u0q4d',1,0,'',0,0,0,1,0,'',0),(79,22,18,61,0,'185.153.39.80',1649841012,0,1,1,1,1,'','Re: Karty katalogowe','<r>Umieciam w folderze kart katalogowych zestawienie do TAC1000 - uzgodnione z Witkiem.<br/>\n<br/>\nPrzy tworzeniu zwrcilimy uwag na pomieszane kategorie w cenniku.<br/>\n<br/>\nZatem najpierw uporzdkujemy karty a potem cennik zgodnie z nimi. <br/>\n<br/>\nW karcie trzeba doda rwnie krtki opis produktu - czyli co to w ogle jest <E>:)</E><br/>\n<br/>\nBy moe trzeba nieco zmniejszy render a obok umieci pole tekstowe na opis.</r>','c2a987e58597b66cec4d494129966529',0,'','f0',1,0,'',0,0,0,1,0,'',0),(80,22,18,58,0,'94.232.216.242',1649841165,0,1,1,1,1,'','Re: Karty katalogowe','<t>Dzikuj, mega przydatne i pomocne. Postaram si jeszcze dzis kart TAC1000 przygotowa w oparciu o ustalone zmiany.</t>','47abf34161c6332ce07b1ad2c4077ed0',0,'','1vlsybk',1,0,'',0,0,0,1,0,'',0),(81,36,28,63,0,'85.221.240.2',1649850248,0,1,1,1,1,'','Premiera - Korea','<t>Informacje od Mares Korea o proponowanym timelinie/ tematy jakich oni potrzebuj:<br/>\n<br/>\n<br/>\nThanks for the information.<br/>\n<br/>\nYes, we\'d like to take the batteries for GO with the actual sample.<br/>\n<br/>\nAlso, it\'s great to hear you\'ll have a premiere for \"GO\". <br/>\nCould you provide us more specific plans of your event? (The place, how it\'d be done, and more details) <br/>\n<br/>\nFYI, the plan for Seacraft is as below.<br/>\n<br/>\nOverall plan <br/>\n<br/>\nEnd of APR - KC Radio certification for Future 1000 &amp; Ghost 2000 <br/>\n<br/>\nMAY - Work on creating DPV Manuals (Student &amp; Instructor), plan to complete it in June<br/>\n  * More Images for the manual may be required. (We\'ll check the images from your MEGA link at first) <br/>\n<br/>\nJUN/AUG - DPV specialty Insructor course by Mr. Witold Hoffmann in Korea or Italy (Total 2-3 participants)<br/>\n<br/>\nPlan for \"GO\" <br/>\n<br/>\nA month before official launch - KC cert for Batteries and Radio cert for GO<br/>\n                                                       - Preparation of Flyer/Leaflet/ Mini brochure dedicated for \"GO\" (Since they\'re not on our catalog)<br/>\n                                                       - 40-50pcs of souvenir (T-shirts? or other small items) <br/>\nAfter we get 50 units in Korea - Product presentation &amp; Level 1 training for 2 days (40-50 participants expected), Appointment of Gold(?) Reseller<br/>\n                                                      - DPV course in Pool for few military agents (Mr. Sung and those who are related to military delivery) <br/>\n<br/>\nHope this helps, and some of our events may require your visit to Korea. <br/>\nI\'d appreciate it if you could share your idea on this plan.<br/>\n<br/>\nThanks and best regards,<br/>\nHONG, Joe<br/>\nMares SSI Korea</t>','679e5c7b05f2c171135bd4c2d86786ff',0,'','hrxji',1,0,'',0,0,0,1,0,'',0),(82,34,9,63,0,'85.221.240.2',1649850556,0,1,1,1,1,'','Re: Aktualizacja newsw','<r>Temat 1 - dogranie ukadu newsw (grafiki w tle), opcja linkowania bezporedniego do podstron (na przykadzie platformy sprzgajcej - nie ma sensu pisa newsa o platformie powielajc tre z zakadki produktowej, lepiej podlinkowa newsa od razu do odpowiedniej podstrony). Temat by w toku u Tinssena, ale zosta przerwany.<br/>\n<br/>\nTemat 2 - dzia R&amp;D pasuje doda pod jedn z tych 2 kategorii gwnych, oraz opisa. Do newsw mona jedynie doda informacj o dojciu nowych osb do dziau badawczo rozwojowego. \n<ATTACHMENT filename=\"Screenshot 2022-04-13 134657.png\" index=\"0\"><s>[attachment=0]</s>Screenshot 2022-04-13 134657.png<e>[/attachment]</e></ATTACHMENT>\n\nMamy troszk opisane pod: <URL url=\"https://seacraft.eu/seacraft/company/about-seacraft/\">https://seacraft.eu/seacraft/company/about-seacraft/</URL><br/>\nMona to poszerzy.</r>','26d45b79ff58612dfff0411da33218f2',1,'','4won0c6',1,0,'',0,0,0,1,0,'',0),(83,33,40,63,0,'85.221.240.2',1649850999,0,1,1,1,1,'','Re: Cennik - 12.04.2022','<r>Hej<br/>\nWanie odkryem e byo kolejne wamanie i zmienili ilo na tylko jedn rub- dawniej byy dwie: <ATTACHMENT filename=\"Screenshot 2022-04-13 135622.png\" index=\"0\"><s>[attachment=0]</s>Screenshot 2022-04-13 135622.png<e>[/attachment]</e></ATTACHMENT></r>','3500ad159a96c47185c9ecaaf1f20b5d',1,'','13u8hnm',1,0,'',0,0,0,1,0,'',0),(84,33,40,61,0,'185.153.39.80',1649851431,0,1,1,1,1,'','Re: Cennik - 12.04.2022','<t>Poprawione w obydwu wersjach - usunam rwnie od razu rotor.</t>','b28863f8778e6232267b821101998cdf',0,'','etc2m',1,0,'',0,0,0,1,0,'',0),(85,34,9,58,0,'94.232.216.242',1649851726,0,1,1,1,1,'','Re: Aktualizacja newsw','<r><QUOTE author=\"Witold Hoffmann\" post_id=\"82\" time=\"1649850556\" user_id=\"63\"><s>[quote=\"Witold Hoffmann\" post_id=82 time=1649850556 user_id=63]</s>\nTemat 1 - dogranie ukadu newsw (grafiki w tle), opcja linkowania bezporedniego do podstron (na przykadzie platformy sprzgajcej - nie ma sensu pisa newsa o platformie powielajc tre z zakadki produktowej, lepiej podlinkowa newsa od razu do odpowiedniej podstrony). Temat by w toku u Tinssena, ale zosta przerwany.\n<e>[/quote]</e></QUOTE>\n\nTak, modu z newsami jest do zmiany, obecny nie jest ani atrakcyjny, ani funkcjonalny. <br/>\n<br/>\nJak ju Marcin ogarnie stron..., bdziemy szuka tam innego moduu.</r>','e7fb50628b142b748796f741a67e5fe5',0,'','x58b13',1,0,'',0,0,0,1,0,'',0),(86,22,18,58,0,'94.232.216.242',1649852050,0,1,1,1,1,'','Re: Karty katalogowe','<t>W wolnej chwili rzucie okiem na wzr kart TAC1000:<br/>\n<br/>\nC:\\SynologyDrive\\MT\\MT_MARKETING\\MILITARY_KARTY KATALOGOWE\\Karta TAC1000.pdf</t>','402bb99382be0a0d84cfb7f78a74915e',0,'','1efl',1,0,'',0,0,0,1,0,'',0),(87,22,18,61,0,'185.153.39.80',1649855015,0,1,1,1,1,'','Re: Karty katalogowe','<r>Jak dla mnie graficznie jest super!<br/>\nBrawo  <E>:D</E> <br/>\n<br/>\nMyl, e ze specyfikacji trzeba usun cz nieistotnych parametrw a s takowe - dziki czemu bdzie wicej przestrzeni.<br/>\nCao tekstu wypado zbyt blisko dolnego marginesu. Idealnie gdyby tre koczya  si tutaj gdzie obecnie koczy si tabelka. <br/>\nNa dole pod kresk kod produktu jest mao czytelny - moe jaki odstp? Moe nieco wiksza czcionka?<br/>\n<br/>\nWitek si na pewno wypowie o co mona tekst \"odchudzi\".</r>','b5ea23c3ca63bfbb1ef5259db1778c4c',0,'','3zevfv',1,0,'',0,0,0,1,0,'',0),(88,5,23,63,0,'85.221.240.2',1649856741,0,1,1,1,1,'','Re: [MIL] UDT Rotterdam, Holandia 7-9.06.2022','<r>Lista sprztu z Krosna jest w miar okrelona wczeniej. (DPC, DUAL-TAC2000, TAC1000). Wicej nie upchamy.<br/>\nProjekt stoiska jest przygotowany, jedyne co to temat wydruku. Odwie Jarkowi.<br/>\n<br/>\nshow:<br/>\n<br/>\nRotterdam Ahoy<br/>\n<br/>\nAhoyweg 10<br/>\n<br/>\n3084 BA Rotterdam<br/>\n<br/>\n<br/>\nloty przykadowe:<br/>\n<br/>\n<URL url=\"https://www.skyscanner.pl/transport/flights/rze/eind/220607/220609/?adultsv2=1&amp;cabinclass=economy&amp;childrenv2=&amp;inboundaltsenabled=false&amp;outboundaltsenabled=false&amp;preferdirects=false&amp;rtn=1\"><LINK_TEXT text=\"https://www.skyscanner.pl/transport/fli ... alse&amp;rtn=1\">https://www.skyscanner.pl/transport/flights/rze/eind/220607/220609/?adultsv2=1&amp;cabinclass=economy&amp;childrenv2=&amp;inboundaltsenabled=false&amp;outboundaltsenabled=false&amp;preferdirects=false&amp;rtn=1</LINK_TEXT></URL><br/>\n<br/>\n<URL url=\"https://www.skyscanner.pl/transport/loty/rze/amst/220607/220609/?adultsv2=1&amp;cabinclass=economy&amp;childrenv2=&amp;inboundaltsenabled=false&amp;outboundaltsenabled=false&amp;preferdirects=false&amp;priceSourceId=&amp;priceTrace=&amp;qp_prevCurrency=PLN&amp;qp_prevPrice=ReturnNoPrices&amp;qp_prevProvider=ins_month&amp;rtn=1\"><LINK_TEXT text=\"https://www.skyscanner.pl/transport/lot ... onth&amp;rtn=1\">https://www.skyscanner.pl/transport/loty/rze/amst/220607/220609/?adultsv2=1&amp;cabinclass=economy&amp;childrenv2=&amp;inboundaltsenabled=false&amp;outboundaltsenabled=false&amp;preferdirects=false&amp;priceSourceId=&amp;priceTrace=&amp;qp_prevCurrency=PLN&amp;qp_prevPrice=ReturnNoPrices&amp;qp_prevProvider=ins_month&amp;rtn=1</LINK_TEXT></URL><br/>\n<br/>\n<br/>\nBezp. do rotterdamu cikawo. Prawdopodobnie i tak trzeba samochd na miejscu jaki wynaj, albo tak zgra czasowo e przylot jest przed/ po targach (podjad np.)</r>','08be26f0787dbe231e5d2f77b28742aa',0,'','atuflry0',1,0,'',0,0,0,1,0,'',0),(89,12,31,63,0,'85.221.240.2',1649859711,0,1,1,1,1,'','Re: Godne uwagi tematy','<r>Dobre fotki - eby skubany by przyjemniejszy we wsppracy... <E>;)</E><br/>\n<URL url=\"https://www.facebook.com/photo/?fbid=5603066939738070&amp;set=pcb.7733543126657657\"><LINK_TEXT text=\"https://www.facebook.com/photo/?fbid=56 ... 3126657657\">https://www.facebook.com/photo/?fbid=5603066939738070&amp;set=pcb.7733543126657657</LINK_TEXT></URL></r>','bc1008929d82bfaf74a0af20fb49e30a',0,'','4vlte',1,0,'',0,0,0,1,0,'',0),(90,6,20,61,0,'185.153.39.80',1649859770,0,1,1,1,1,'','Re: GO! - scenariusz filmu','<r>Rozmawiaam dzi z Adamem. Ustaliam budet filmu. Jest zdecydowanie wikszy ni na film z produkcji, wic moemy wymaga wicej <E>:)</E><br/>\n<br/>\nPrzy okazji ma przygotowa z surwki jakie krtkie filmiki na social media. Musimy si zastanowi jakie potrzebujemy.<br/>\nIntensywnie tematem zajmie si po witach. Wtedy ustalimy jakie sceny bd do nakrcenia przez naszych zagranicznych przyjaci.<br/>\nAdam prbuje ogarn jakie lotnisko. Bdzie potrzebowa skuter, bo trudno krci cokolwiek bez niego... On nawet nie wie jak ten skuter wyglda.<br/>\n<br/>\nBy moe wystarczy wysa skuter w 2 miejsca a 3 do Adama.</r>','e9c102f18b495e92f52f17f776ca442b',0,'','796mg',1,0,'',0,0,0,1,0,'',0),(91,6,20,63,0,'85.221.240.2',1649861227,0,1,1,1,1,'','Re: GO! - scenariusz filmu','<t>cigaem lotnisko w Poznaniu. Nie udaje si dodzwoni, kontakt mailowy - bez efektw. Chyba najoptymalniej by Adam cign u siebie lokalnie, skoro bdzie krci.</t>','e914184d991fb963b294964906c47a0e',0,'','p49gfd',1,0,'',0,0,0,1,0,'',0),(92,12,31,58,0,'192.162.175.145',1649861322,0,1,1,1,1,'','Re: Godne uwagi tematy','<r>Witku, co link nie dziaa ;/ <br/>\n<br/>\nCzyby to fotki Kowalczuka z ostatnich dni,ktre publikuje? Czaimy si z Paulin na nie , jak tylko kwestia umowy z nim si wyjani i wyrazi zgod, fajny repost i fotki na insta.<br/>\n\n<ATTACHMENT filename=\"jk.jpg\" index=\"0\"><s>[attachment=0]</s>jk.jpg<e>[/attachment]</e></ATTACHMENT></r>','4309815f938ea66b63bc4cc744659c59',1,'','ff7y',1,0,'',0,0,0,1,0,'',0),(93,12,31,63,0,'85.221.240.2',1649862984,0,1,1,1,1,'','Re: Godne uwagi tematy','<r>Sprbuj doczy do grupy TECHNICAL DIVING TRAINING - jest ustawienie prywatnoci tylko dla odbiorcw. Nieco inna fotka, ale podobna partia materiau <E>;)</E><br/>\n<URL url=\"https://www.facebook.com/groups/1206941425984559\">https://www.facebook.com/groups/1206941425984559</URL><br/>\n<URL url=\"https://www.facebook.com/photo/?fbid=5603066939738070\">https://www.facebook.com/photo/?fbid=5603066939738070</URL></r>','5786e6b749ce1490a6d401c80b53786c',0,'','x6r',1,0,'',0,0,0,1,0,'',0),(94,25,10,61,0,'185.153.39.80',1649916421,0,1,1,1,1,'','Re: Bdy, nie dziaajce linki','<t>Rezygnujemy z usug Marcina.<br/>\nZa chwil Piotr zadzwoni do Witka w celu ustalenia szczegw jak to zrobi, bo strasznie namieszali, cznie z przejciem konta Tinssena.</t>','29356c0a4443c843f61a840e7fba21c8',0,'','5d48so2i',1,0,'',0,0,0,1,0,'',0),(95,22,18,58,0,'94.232.216.242',1649919617,0,1,1,1,1,'','Re: Karty katalogowe','<r>Wersja po poprawkach i korektach: C:\\SynologyDrive\\MT\\MT_MARKETING\\MILITARY_KARTY KATALOGOWE\\<B><s>[b]</s>Karta TAC1000_v2<e>[/b]</e></B>.pdf<br/>\n<br/>\nUdao si odchudzi i przesuna nieco tabelke specyfikacji od dolnego marginesu.<br/>\n<br/>\nZe specyfikacji z dwch pozycji Weight without i weight with transport box scaliem do jednej <B><s>[b]</s>Weight without/with transport box<e>[/b]</e></B>, dzieki czemu zyskalimy troch przestrzeni, dodatkowo przesunaem niecy wyej tabelk specyfikacji zgodnie z sugesti, wyglda lepiej wg mnie <E>:)</E><br/>\n<br/>\nW prawym dolnym rogu zwikszym wielkosc czcionki z nr katalogwym.</r>','342e865ed498cc33bebc5b1c39cfde03',0,'','82sbadr',1,0,'',0,0,0,1,0,'',0),(96,37,19,58,0,'94.232.216.242',1649921941,0,1,1,1,1,'','Ulotka/flyer ENC3','<t>Temat powicony ulotce ENC3.<br/>\n<br/>\nNie posiadamy, ulotki/flyer ENC3, Jarek Karwowski nam robi update tej z ENC2, czy sami ogarniamy? Jeeli s pliki rdowe temat do zrobienia.</t>','0002559b1ef636c34965ddd55883acb5',0,'','ms2ibbj',1,0,'',0,0,0,1,0,'',0),(97,37,19,61,0,'185.153.39.80',1649924770,0,1,1,1,1,'','Re: Ulotka/flyer ENC3','<t>Nie mamy plikw rdowych, to byo robione z 4 lata temu...<br/>\nMona go zapyta o to, mona mu to zleci, ale boj si, e czasowo nie wyrobi.</t>','1f874ffdc5abd794dc6e94d540540324',0,'','b83y9ydk',1,0,'',0,0,0,1,0,'',0),(98,22,18,61,0,'185.153.39.80',1649926502,0,1,1,1,1,'','Re: Karty katalogowe','<t>Wyglda idealnie. <br/>\nWydrukujemy w kolorze i sprawdzimy czytelno. Nie wiem czy nr katalogowy na dole jest wystarczajco czytelny. Czcionka jest do gruba i moe si zlewa.<br/>\nWymiary skrzy podamy w milimetrach, dobrze jest zachowa spjno jednostek miar.<br/>\n<br/>\nZawarto merytoryczna -  dobrze eby Witek sprawdzi czy s czytelne i jasne. <br/>\n<br/>\n<br/>\nCo do pozostaych kart - jestem w trakcie tworzenia. Wbrew pozorom nie schodzi z tym tak szybko jak bym chciaa...<br/>\nWitek docelowo musi sprawdzi poprawno danych na pliku, ktry robi. Pewne rzeczy musimy uzgodni dzi wsplnie.<br/>\nPlik umieszczam w folderze  z kartami. Na razie wgrywam tyle co mam pogldowo.</t>','2a61a63ead324671cb0cb96a51ee824f',0,'','1uxjnew',1,0,'',0,0,0,1,0,'',0),(99,38,23,63,0,'85.221.240.2',1649937371,0,1,1,1,1,'','Japonia','<r>Poniej lista i opis terminw preferowanych przez naszego lokalnego partnera- Nippon Kaiyo:<br/>\n<br/>\n----<br/>\n<br/>\n Equipment exhibition organized by the Army (2 days between September 5 and 9)<br/>\n <br/>\nIt is held annually at an army base (deep in the mountains) at the foot of Mt.Fuji. Many army suppliers display their latest equipment. We expect the most from the Army as a sales destination for your DPVs. However, since the event is held inside an army base, foreigners need to apply in advance and get permission to enter due to security issues (although NATO members should have no problem).<br/>\n <br/>\nSEECAT (Security Exhibition) (October 5-7 in Tokyo)<br/>\n<URL url=\"https://www.seecat.biz/2021/english/guideline/\">https://www.seecat.biz/2021/english/guideline/</URL><br/>\n <br/>\nThis is an exhibition for security and defense equipment in Japan. Every year, several domestic distributors of foreign manufacturers exhibit their underwater equipment (for DPVs, Rotinor (this is our company), Patriot3 Jetboots, SUEX, etc. have been exhibited so far).<br/>\n <br/>\nDSEI JAPAN (Defense Exhibition) (March 15-17, 2023 in Chiba, a prefecture next to Tokyo)<br/>\n<URL url=\"https://www.dsei-japan.com/\">https://www.dsei-japan.com/</URL><br/>\n <br/>\nThis is the Japanese version of DSEI as you know it. As an international exhibition for Asia, many foreign manufacturers directly exhibit at this event. Usually held once every two years, it has been postponed to next year due to Corona.</r>','bf46736994242c399f308f81acb13877',0,'','1275ckz',1,0,'',0,0,0,1,0,'',0),(100,39,23,63,0,'85.221.240.2',1649938312,0,1,1,1,1,'','Nowa Zelandia','<r>Najwaniejsza impreza nurkowa rejonu: <URL url=\"https://diveoztek.com.au/\">https://diveoztek.com.au/</URL><br/>\n<br/>\nNasz partner REC w AU :<URL url=\"https://www.snorkeldivemelbourne.com.au/\">https://www.snorkeldivemelbourne.com.au/</URL><br/>\nZnaj rejon, NZ rwnie. Majc preferowane daty z dobrym, duym wyprzedzeniem moemy koordynowa nurkowania i spotkania.<br/>\n<br/>\nKluczowe byoby okrelenie osb plus przynajmniej miesica wyjazdu i na tej bazie dogranie caoci.</r>','344de19424d51d7219efe83f2edb79cf',0,'','8yfx',1,0,'',0,0,0,1,0,'',0),(101,25,10,63,0,'85.221.240.2',1649940342,0,1,1,1,1,'','Re: Bdy, nie dziaajce linki','<t>Uzgodnilimy e cao odbdzie si w sposb skoordynowany i porzdny po witach - wcznie z przenosinami na szybszy serwer.</t>','429d6ec7b2b3891d1b2c2f55a1e7810f',0,'','1x8csz',1,0,'',0,0,0,1,0,'',0),(102,22,18,61,0,'185.153.39.80',1649966018,0,1,1,1,1,'','Re: Karty katalogowe','<t>Wgrana nowa wersja kart (bez nawigacji na razie).<br/>\nWitek zerknij jeszcze na to. Jak ok to mona dziaa dalej.</t>','eb51ffc0b84fe89bfa4bdf0b97657d45',0,'','wx6r66',1,0,'',0,0,0,1,0,'',0),(103,40,31,58,0,'94.232.216.242',1650001440,0,1,1,1,1,'','Najlepszy czas na publiakcj w SM','<r>Przypinam temat, ciekawe zestawienia, moe si przyda <E>;)</E> <br/>\n<br/>\nNa bazie bada i danych statystycznych z poprzedniego roku stworzono zestawienie globalnego zaangaowania uytkonikw na kanaach social media i okrelono kiedy teoretycznie najlepiej publikowa treci, aby miay najwikszy zasig:<br/>\n<br/>\n<B><s>[b]</s>Facebook<e>[/b]</e></B>\n<QUOTE><s>[quote]</s>Jako najlepszy czas na publikacj na Facebooku podaje si godziny od 10 do 11, a take wieczory, po godzinie 19. Jeli chodzi o dni tygodnia  wpisy, na ktrych popularnoci szczeglnie nam zaley warto wstawia w poniedziaki, rody oraz pitki. Pamitajmy, e rwnie w przypadku Facebooka dziaa algorytm odpowiedzialny za ranking wywietlania postw na tablicy uytkownika. Zadbajmy wic o organiczny zasig postw poprzez wstawianie atrakcyjnego contentu rwnie w dni mniejszej aktywnoci internautw, a take prowadzenie relacji na ywo. Dziki temu zwikszymy prawdopodobiestwo, e posty dotr do uytkownikw w czasie ich najwikszej aktywnoci w sieci.<e>[/quote]</e></QUOTE>\n\n\n<ATTACHMENT filename=\"kiedy-publikowac-na-facebooku.jpg\" index=\"1\"><s>[attachment=1]</s>kiedy-publikowac-na-facebooku.jpg<e>[/attachment]</e></ATTACHMENT>\n\nGlobalne zaangaowanie na Facebook, rdo: <URL url=\"https://sproutsocial.com/insights/best-times-to-post-on-social-media/\"><LINK_TEXT text=\"https://sproutsocial.com/insights/best- ... ial-media/\">https://sproutsocial.com/insights/best-times-to-post-on-social-media/</LINK_TEXT></URL><br/>\n<br/>\n<B><s>[b]</s>Instagram<e>[/b]</e></B>\n<QUOTE><s>[quote]</s>Jednym z najpopularniejszych kanaw spoecznociowych jest Instagram, sucy przede wszystkim do wstawiania zdj oraz krtkich relacji. Przez dugi czas na tablicy uytkownikw pojawiay si posty w kolejnoci chronologicznej, dziki czemu wkrtce po publikacji materia trafia na sam gr listy. Jak to wyglda obecnie i kiedy publikowa na IG, eby uzyska duo reakcji? W pewnym momencie Instagram odszed od takiego sposobu wywietlania treci, wprowadzajc algorytm. Trzymanie si okrelonych, idealnych ram czasowych wci jednak ma znaczenie. Najnowsza aktualizacja algorytmu uwzgldnia czas publikacji i wspiera posty wstawione w niedalekiej przeszoci.<br/>\n<br/>\nKiedy publikowa zdjcia na Instagramie?<br/>\nPoudnie  pomidzy 11.00 a 13.00<br/>\nWieczorem  pomidzy 19.00 a 21.00<br/>\nNajlepsze dni na publikacj treci to rody i czwartki<br/>\nNajmniejsze szanse na dotarcie do odbiorcw maj z kolei posty publikowane w weekendy, a take te wstawiane tu po standardowym czasie pracy wikszoci Polakw. Po godzinie 17 zajmuj si oni raczej obowizkami domowymi i dopiero po ich wypenieniu maj chwil, by zajrze w telefon czy usi przy komputerze.<e>[/quote]</e></QUOTE>\n\n<ATTACHMENT filename=\"kiedy-publikowac-na-instagramie.jpg\" index=\"0\"><s>[attachment=0]</s>kiedy-publikowac-na-instagramie.jpg<e>[/attachment]</e></ATTACHMENT>\n\nGlobalne zaangaowanie na Instagramie, rdo: <URL url=\"https://sproutsocial.com/insights/best-times-to-post-on-social-media/\"><LINK_TEXT text=\"https://sproutsocial.com/insights/best- ... ial-media/\">https://sproutsocial.com/insights/best-times-to-post-on-social-media/</LINK_TEXT></URL><br/>\n<br/>\nTak wyglda w teorii, w praktyce bywa rnie, szczeglnie, e klientw mamy na caym wiecie, wiec z tym czasem jest rnie, ale warto zwrci uwag na te wykresy przy publikacji.</r>','32e06cffe3932261a83df76e9625780e',1,'','3reuyj3v',1,0,'',0,0,0,1,0,'',0),(104,41,50,58,0,'94.232.216.242',1650002649,0,1,1,1,1,'','Podrbki, kopie, plagiaty naszego sprztu itp','<r>Temat powstay na bazie biecych potrzeb i wydarze, pojawiaj si kopie naszego sprztu, w tym temacie moemy zgasza tego typu akcje konkurencji.<br/>\n\n<ATTACHMENT filename=\"skuter uchwyt transportowy.jpg\" index=\"0\"><s>[attachment=0]</s>skuter uchwyt transportowy.jpg<e>[/attachment]</e></ATTACHMENT>\n\n<QUOTE><s>[quote]</s>Zrzynka pikna. Pucie na fb e ju nas wszyscy kopiuj, co znaczy, e wprowadzamy standardy<br/>\nNie bdziemy si goni z kokami, ale mamy chyba uchwyt zaoony na skuterze, ktry jest chroniony jako wzr (uytkowy albo przemysowy, nie pamitam)<br/>\nTrzeba to chyba jako przeku na jak korzy dla nas i takie rzeczy sygnalizowa. <br/>\n<br/>\nPutin by sobie z tym doskonale poradzi, a co zrobi nasz dzia marketingu? \n<e>[/quote]</e></QUOTE>\n\n<br/>\nPost na oficjalnym kanale fb to chyba za mocne, eby si z kim kopa (?) i sabo wizerunkowo. Nie s oni dla nas adn konkurencj <E>:)</E> <br/>\n<br/>\nPomysy? <E>:)</E><br/>\n<br/>\nMona bardziej roznie to w grupach nurkowych, gdzie przemyci w komentarzach, ale nie przez nasz oficjalny profil, bez wikszej zaplanowanej akcji..<br/>\n<br/>\nedit:<br/>\n<br/>\nPomys Witka wydaj si by idealnym:<br/>\n\n<QUOTE><s>[quote]</s>Najlepsz opcj \'zauwaenia\' jest podniesienie tematu przez niezaley/niepowizany z mark portal. Jolly divers, Divers24 - idealna opcja na krtkiego posta o kopiowaniu rozwiza z Polski.<e>[/quote]</e></QUOTE></r>','8c22c71b12184117275bda6239062767',1,'','34pmp',1,0,'',0,0,0,1,0,'',0),(105,40,31,60,0,'91.196.8.186',1650011819,0,1,1,1,1,'','Re: Najlepszy czas na publiakcj w SM','<t>Na pocztku mocno si sugerowaam tymi godzinami, bo znalazam podobne opracowanie, ale.. jak publikuj w godzinach 11-13 i 19-21 to odzew potrafi by mega marny, a czasem dodam co zupenie rano lub w godzinach popoudniowych i mamy rekordy polubie i wywietle.. Ciko z tym trafi, bo u nas odbiorcy to tylko w maym uamku Polska.</t>','4feb977109348705bf892eb7423cdf46',0,'','jr3mf9y',1,0,'',0,0,0,1,0,'',0),(106,39,23,60,0,'91.196.8.186',1650011926,0,1,1,1,1,'','Re: Nowa Zelandia','<t>Harmonogram projektowy zakada realizacj dwch wydarze w Nowej Zelandii w terminach: <br/>\n01/07/2022-30/04/2023<br/>\n01/01/2023 31/10/2023</t>','b12c05a142e5a11496f1acf6818376b4',0,'','9ktoy',1,0,'',0,0,0,1,0,'',0),(107,38,23,60,0,'91.196.8.186',1650011948,0,1,1,1,1,'','Re: Japonia','<t>Harmonogram projektowy zakada realizacj dwch wydarze w Japonii w terminach:<br/>\n01/07/2022-30/04/2023<br/>\n01/01/2023 31/10/2023</t>','4e77e547f2f5dada64248a87844990e7',0,'','b6wl',1,0,'',0,0,0,1,0,'',0),(108,42,21,58,0,'94.232.216.242',1650013542,0,1,1,1,1,'','Banner Tarnobrzeg','<r>Temat bannera na Tarnobrzeg o ktry prosi Jarek,<br/>\n<br/>\nObecny/poprzedni banner w Tarnobrzegu:<br/>\n\n<ATTACHMENT filename=\"stary banner.jpg\" index=\"0\"><s>[attachment=0]</s>stary banner.jpg<e>[/attachment]</e></ATTACHMENT>\n\nJarek do precyzyjnie okreli jakie powinny by rendery skuterw, ktre przygotowa Pawe Wooszyn:<br/>\n\n<QUOTE><s>[quote]</s>- ale na jednym z obrazw skuter Ghost (ten grubszy) nie ma uchwytu na dziobie (przodzie) skutera,<br/>\n- na skuterach musz by wrysowane nasze lampy owietleniowe, [na przednim uchwycie transportowym],<br/>\n- ponadto brakuje logu, rwnie na przednim uchwycie transportowym,<br/>\n- trzeba dorysowa przewd czcy konsol ENC z logiem,<br/>\n- trzeba dorysowa przewd czcy owietlenie (lampki) z gniazdem zasilania<br/>\n<br/>\nMoe nie na wszystkich skuterach wszystko, ale na jednym komplet ENC (czyli z logiem), na innym lampy i przewd od gniazda zasilania. A na maym GO pewnie nic (taki jak jest) ,\n<e>[/quote]</e></QUOTE>\n\nStworzenie nowych renderw zapewne zajmi troch czasu Marcinowi, Pawe Wooszyn, po otrzymaniu tych wytycznych ju nic nam nie przesa  <E>:oops:</E> <br/>\nPytanie, czy a tak bardzo technicznie musz by przedstawione rendery skuterw na tym banerze na Tarnobrzeg, czy moemy co zrobi bardziej spjnego z nasz identyfikacj wizualn, a jak ju bdziemy mie takie rendery jak chcia Jarek, to si podmieni?<br/>\n<br/>\nPropozycja bannera:<br/>\n\n<ATTACHMENT filename=\"nowy banner.jpg\" index=\"1\"><s>[attachment=1]</s>nowy banner.jpg<e>[/attachment]</e></ATTACHMENT></r>','0ddb0ea37a15d79f2904fefe0789cfff',1,'','3i472j',1,0,'',0,0,0,1,0,'',0),(109,40,31,58,0,'94.232.216.242',1650014137,0,1,1,1,1,'','Re: Najlepszy czas na publiakcj w SM','<r>Jasne, pena zgoda, wrzuciem tutaj, eby byo pod rk i mona byo szybko i atwo porwna, przeanalizowa <E>;)</E><br/>\n\n<QUOTE author=\"Paulina &#x15A;l&#x119;zak\" post_id=\"105\" time=\"1650011819\" user_id=\"60\"><s>[quote=\"Paulina lzak\" post_id=105 time=1650011819 user_id=60]</s>\n Ciko z tym trafi, bo u nas odbiorcy to tylko w maym uamku Polska.\n<e>[/quote]</e></QUOTE>\n\nTak, tak, w tych zestawieniach chodzi o czas lokalny w danej strefie czasowej, czyli jak co wrzucamy u nas np o 11 am, to np w Koreii jest wtedy 18.</r>','a7f39cc85df2da514e98c09644d9b471',0,'','3bp17',1,0,'',0,0,0,1,0,'',0),(110,27,23,58,0,'94.232.216.242',1650014752,0,1,1,1,1,'','Re: Event Gearpoint 21.04','<r>Bardzo adnie te pokrowce si prezentuj <E>:)</E><br/>\n<br/>\nA gdyby tak, na te pokrowce drukowa nasze logo z jeden strony i wprowadzi obok bannerw i flagi jako materiay reklamowe dla naszych partnerw? <br/>\n<br/>\nAlbo wyposay kadego z naszych partnerw w taki porkowiec na stolik, to przestali by nareszcie uywa pogitych bannerw na stolikach.</r>','cb49535f1232377ff0104e6e355d112d',0,'','pw4zdim',1,0,'',0,0,0,1,0,'',0),(111,42,21,61,0,'185.153.39.80',1650015605,0,1,1,1,1,'','Re: Banner Tarnobrzeg','<r>Moim zdaniem jest ok.<br/>\nWylij prosz do Jarka i Piotra do zatwierdzenia.<br/>\nZ adnotacj, i projekt jest zgodny z nasz identyfikacj wizualn ale na uwagi jestemy oczywicie otwarci  <E>;)</E></r>','b294cc358df445b699f34e181b610847',0,'','30e1md',1,0,'',0,0,0,1,0,'',0),(112,27,23,61,0,'185.153.39.80',1650017216,0,1,1,1,1,'','Re: Event Gearpoint 21.04','<t>Dobry pomys, proponuj jeszcze wprowadzi ten skadany st - pasuje wymiarowo.</t>','6f50c59864e090858e06e73e92793bbd',0,'','3640e5',1,0,'',0,0,0,1,0,'',0),(113,27,23,63,0,'85.221.240.2',1650022555,0,1,1,1,1,'','Re: Event Gearpoint 21.04','<t>Przetestuj w dziaaniu- pokrowiec ju dotar i bardzo sensownie wyglda, ale nie nakadaem jeszcze na st.<br/>\nGeneralnie pomys z pokrowcem ologowanym Seacraftem jest dobry - natomiast, skutery zdecydowanie lepiej si prezentuj na stojakach wystawowych na 1 skuter. <br/>\n<br/>\nNiestety, bariera cenowa jest na tyle dua e nie s one zbyt rozpowszechnione. Rwnie problematyczna- z uwagi na wag- jest prezentacja na nich Ghostw. Koszt wykonania jest wysoki.<br/>\n<br/>\nRaczej \'marzyoby mi si\' zwikszenie dostpnoci adnych stojakw - albo, przez zwikszenie rabatowania, albo - dodanie prostszego, taszego modelu.<br/>\nDodatkowo, opcja by zamontowa na stojaku rwnie Ghosta/ wikszy nacisk na uytkowanie stojakw na 3 skutery na wydarzeniach targowych.<br/>\n<br/>\nPrawdopodobnie rozwizaniem jakie zadziaa, jest przesanie na dugoterminow umow testowania odpowiednich stojakw wszystkim partnerom ktrzy si wystawiaj. (na koszt MT). Partnerzy pac za stoiska.<br/>\n<br/>\nOd razu do rozwaenia temat GO! - idealnie si cao komponuje na stojak na 3 sztuki : Ghost, Future, GO! na jednym stojaku.</t>','ca0f7ccce7c6f0b4eb54b57b4d57f98d',0,'','2q3qal',1,0,'',0,0,0,1,0,'',0),(114,42,21,58,0,'94.232.216.242',1650024083,0,1,1,1,1,'','Re: Banner Tarnobrzeg','<t>Jest akceptacja, zmieni si tylko slogan, na \"innowacyjny sprzt podwodny\", przygotuj pliki do druku.<br/>\n<br/>\nPaulina, ogarniesz nam wydruk, czy mam tu na miejscu w Kronie to ogarn?</t>','e8cbabdd0c26c26fd85faf53cb0f8995',0,'','9ag',1,0,'',0,0,0,1,0,'',0),(115,27,23,61,0,'185.153.39.80',1650024429,0,1,1,1,1,'','Re: Event Gearpoint 21.04','<r>My na stojakach nie zarabiamy a do ostatniego modelu obawiam si, e dopacamy, bo nie dodalimy nowego do cennika a wysalimy chyba do Australii jako zamwiony z kodem starego stojaka (ju ich nie produkujemy).<br/>\n<br/>\nOstatni model by prb zrobienia taniego stojaka - niestety nie jest to moliwe. Materiay s w horrendalnych cenach, a robilimy jeszcze przed podwykami... A to kup elaztwa jednak. W dodatku skadanego co rwnie podraa koszt.<br/>\nNawet nie wiem jakie ostatecznie wyszy koszty - po witach sprawdzimy.<br/>\n<br/>\nJeeli masz pomys na tani stojak to zapewne Wooszyn chtnie posucha  <E>;)</E> <br/>\n<br/>\nOczywicie, e dobrze si komponuj 3 sztuki - zostay tak zaprojektowane wanie by kady z modeli wszed - maj dobry rozstaw hakw pod kady model (niezalenie ktry gdzie pooysz) Tomek zby na tym zjada... my zreszt te.</r>','eba4a556903a6c9f4fdf16ae36df907b',0,'','8o9p0',1,0,'',0,0,0,1,0,'',0),(116,42,21,60,0,'91.196.8.186',1650349968,0,1,1,1,1,'','Re: Banner Tarnobrzeg','<t>Nie ma sprawy. Podelij gotowy plik z informacj na jakim materiale i z jakim mocowaniem powinien by wykonany baner. <br/>\nCzy ma mie dziury do nacignicia? Grubo materiau podobna jak w poprzednich?</t>','3ab6bb1c2352ecd1837bb2157519d564',0,'','1bdab8',1,0,'',0,0,0,1,0,'',0),(117,27,23,60,0,'91.196.8.186',1650350177,0,1,1,1,1,'','Re: Event Gearpoint 21.04','<t>Jeli zdecydujecie si na wprowadzenie pokrowcw i stow do oferty, to dajcie zna. <br/>\nO ile ze stoami oczywicie nie bdzie problemu, o tyle pokrowce s w okrelonych kolorach i bdzie trzeba poszuka pewnie wrd producentw takiego, ktry zafarbuje nam pokrowce. Myl, e moe si to wiza z koniecznoci zamwienia wikszej liczby pokrowcw.</t>','2f102ca5d6d93255512b3f5408678f9e',0,'','2qni8p',1,0,'',0,0,0,1,0,'',0),(118,42,21,58,0,'94.232.216.242',1650350369,0,1,1,1,1,'','Re: Banner Tarnobrzeg','<r>Tak, materia tak jak ostanio, przypuszczam, e to byo tak: materia frontlight mat 510g,Wykoczenie: zgrzewanie, oczkowanie co 50cm. Wymiar 290x140 cm.<br/>\n<br/>\nLink do plikw do druku wysany na maila <E>;)</E></r>','00746b646c13e3268d33d7bb7426546d',0,'','62ng4m3d',1,0,'',0,0,0,1,0,'',0),(119,7,41,61,0,'94.232.216.242',1650353459,0,1,1,1,1,'','Re: Sugestie, pomysy, zgoszenia','<t>Do dodania nowy produkt:<br/>\n<br/>\nPlatforma ENC3M gen.II<br/>\n<br/>\nObecnie w produkcji prototyp.</t>','a815fde540dff7677572260d9035e6a6',0,'','lqwbkm8',1,0,'',0,0,0,1,0,'',0),(120,43,51,58,0,'94.232.216.242',1650354229,0,1,1,1,1,'','Platforma ENC3M gen.II','<t>Temat dotyczcy Platforma ENC3M gen.II</t>','81c2a9b0c221606ad4f8605fccc497f2',0,'','1lfsn',1,0,'',0,0,0,1,0,'',0),(121,31,46,63,0,'85.221.240.2',1650356408,0,1,1,1,1,'','Re: Obcienie elektroniczne','<r>Manual w wersji online:  <URL url=\"https://support.seacraft.eu/index.php/knowledge-base/battery-capacity-testing/\"><LINK_TEXT text=\"https://support.seacraft.eu/index.php/k ... y-testing/\">https://support.seacraft.eu/index.php/knowledge-base/battery-capacity-testing/</LINK_TEXT></URL><br/>\nManual w wersji pdf generowanej z wersji online: (co gwarantuje aktualnoc treci): <URL url=\"https://support.seacraft.eu/index.php/knowledge-base/battery-capacity-testing/?print=pdf\"><LINK_TEXT text=\"https://support.seacraft.eu/index.php/k ... ?print=pdf\">https://support.seacraft.eu/index.php/knowledge-base/battery-capacity-testing/?print=pdf</LINK_TEXT></URL><br/>\n<br/>\nPliki rdowe: <URL url=\"https://cloud.seacraft.eu/s/QDTFndegFFkwVDf\">https://cloud.seacraft.eu/s/QDTFndegFFkwVDf</URL></r>','ac0b5e5e30f93bb7bbd60c82b7527065',0,'','hjwp',1,0,'',0,0,0,1,0,'',0),(122,44,21,61,0,'94.232.216.242',1650356674,0,1,1,1,1,'','Foldery do udostpnienia - struktura','<t>Poniej propozycja Franka. <br/>\nUmieciam, by nie zagino.<br/>\n<br/>\nWg mnie jasny i intuicyjny podzia.<br/>\nJednak nazwy folderw i plikw nie mog si powtarza i musz mie unikalne nazwy.<br/>\n<br/>\nMam nadziej, e dzi Albinowi uda si zaproponowa jaki klucz do nazewnictwa, by mona byo pj dalej ...<br/>\n<br/>\n...............................................<br/>\n<br/>\nBrand Book<br/>\n<br/>\nLogos<br/>\nRecreational<br/>\nMilitary<br/>\n<br/>\nFonts<br/>\n<br/>\nProduct Pictures<br/>\n<br/>\n Scooters<br/>\n<br/>\n GO!<br/>\nPhotos<br/>\nHigh Res<br/>\nWeb<br/>\nRenders<br/>\nHigh Res<br/>\nWeb<br/>\nAccessories<br/>\nPhotos<br/>\nHigh Res<br/>\nWeb<br/>\nRenders<br/>\nHigh Res<br/>\nWeb<br/>\n<br/>\nFUTURE<br/>\nPhotos<br/>\nHigh Res<br/>\nWeb<br/>\nRenders<br/>\nHigh Res<br/>\nWeb<br/>\nAccessories<br/>\nPhotos<br/>\nHigh Res<br/>\nWeb<br/>\nRenders<br/>\nHigh Res<br/>\nWeb<br/>\n<br/>\n GHOST<br/>\nPhotos<br/>\nHigh Res<br/>\nWeb<br/>\nRenders<br/>\nHigh Res<br/>\nAccessories<br/>\nPhotos<br/>\nHigh Res<br/>\nWeb<br/>\nRenders<br/>\nHigh Res<br/>\nWeb<br/>\nWeb<br/>\n<br/>\n TAC1000<br/>\nPhotos<br/>\nHigh Res<br/>\nWeb<br/>\nRenders<br/>\nHigh Res<br/>\nWeb<br/>\nAccessories<br/>\nPhotos<br/>\nHigh Res<br/>\nWeb<br/>\nRenders<br/>\nHigh Res<br/>\nWeb<br/>\n<br/>\n TAC2000<br/>\nPhotos<br/>\nHigh Res<br/>\nWeb<br/>\nRenders<br/>\nHigh Res<br/>\nWeb<br/>\nAccessories<br/>\nPhotos<br/>\nHigh Res<br/>\nWeb<br/>\nRenders<br/>\nHigh Res<br/>\nWeb<br/>\n<br/>\n ENC<br/>\nENC3<br/>\nPhotos<br/>\nHigh Res<br/>\nWeb<br/>\nRenders<br/>\nHigh Res<br/>\nWeb<br/>\nAccessories<br/>\nPhotos<br/>\nHigh Res<br/>\nWeb<br/>\nRenders<br/>\nHigh Res<br/>\nWeb<br/>\nSample Routes<br/>\n<br/>\n ENCM<br/>\nENC3M<br/>\nPhotos<br/>\nHigh Res<br/>\nWeb<br/>\nRenders<br/>\nHigh Res<br/>\nWeb<br/>\nAccessories<br/>\nPhotos<br/>\nHigh Res<br/>\nWeb<br/>\nRenders<br/>\nHigh Res<br/>\nWeb<br/>\n<br/>\nBrochures and Flyers<br/>\n<br/>\nSocial Media<br/>\nAds (open format)<br/>\nArticles (open format)<br/>\nMovies (adapted size)<br/>\n<br/>\nSuggested documents<br/>\n Testing agreement (sample)<br/>\n Rental agreement (sample)<br/>\n<br/>\nCooperation Conditions (latest version)</t>','53733a0dfacdd9d4e6a55e66f77d2d13',0,'','d3apb0h2',1,0,'',0,0,0,1,0,'',0),(123,7,41,61,0,'94.232.216.242',1650357047,0,1,1,1,1,'','Re: Sugestie, pomysy, zgoszenia','<t>Nowy produkt:<br/>\n<br/>\nStojak do DPC <br/>\n<br/>\nObecnie w fazie projektowej. Powinien by gotowy na: UDT Rotterdam, Holandia 7-9.06.2022</t>','f5ca9ecf6b2c3ce1aaaf53a3920d9760',0,'','1yx483',1,0,'',0,0,0,1,0,'',0),(124,44,21,63,0,'85.221.240.2',1650357167,0,1,1,1,1,'','Re: Foldery do udostpnienia - struktura','<t>Hej<br/>\nCo do propozycji Franka - jest to jedna z opcji, cho nie widzi mi si w 100%.<br/>\n<br/>\n-Wydzielibym jako \'Master\' kategorie gwne : MIL i REC. (tak bdzie to udostpniane odpowiednio partnerom)<br/>\n-Nie wizabym Akcesoriw z poszczeglnymi modelami, tylko jako caociow grup. Wydzielibym rwnie spjnie z cennikiem adowarki, baterie, owietlenie, itd. (moliwe e przepierajc teraz karty produktowe MIL ustalimy lepiej nadajcy za naszym rozwojem podzia na kategorie produktowe)<br/>\n<br/>\n-Brandbook, logotypy, czcionki to tak na prawd jedna paczka/ jeden folder. Mona doda te szablony prezentacji. Dodaje folder \'Wytyczne wystawiania si\' - rwnie przygotujemy na bazie zdj i wrzucimy. Rwnie, powinno by to podzielone na REC i MIL.<br/>\n<br/>\n<br/>\nNie jestem pewien e Albin moe tu duo pomc - ew.  kwestie techniczne. Moemy cao dopra pon-r jak bd na miejscu w Kronie (?)</t>','36055abf00526f986cc3ff2d0de42369',0,'','adhhw4d7',1,0,'',0,0,0,1,0,'',0),(125,45,21,63,0,'85.221.240.2',1650357298,0,1,1,1,1,'','Wytyczne wystawiania si na targach - przewodnik, poradnik','<t>Materia powinien wskazywa w jaki sposb chcemy by nasz sprzt byl wystawiany - co jest dopuszczalne (przykady stoisk), co jest niedopuszczalne.<br/>\nDo tego, zalecane iloci ulotek/ katalogw na np. dzie targw, oraz wskazwki praktyczne - jak ciereczka z microfibry do wycierania paluchw ze skuterw, oraz smar do silnika, by silniki nawet uywanych maszyn bardzo pynnie chodziy na sucho.</t>','11ecc75f380d7d1b54ea2e1a13a009e9',0,'','16kq',1,0,'',0,0,0,1,0,'',0),(126,7,41,63,0,'85.221.240.2',1650357603,0,1,1,1,1,'','Re: Sugestie, pomysy, zgoszenia','<r>&lt;3 (to o stojaku <E>;)</E> )<br/>\n<br/>\nPytanie. Czy chcemy dodawa Franka do forum? Moe to usprawni komunikacj (a on powinien da rad z nakadk tumaczc na chrome\'a)</r>','f123b8ffc0f7e08d2e427a04e7a63632',0,'','23ikq',1,0,'',0,0,0,1,0,'',0),(127,7,41,58,0,'94.232.216.242',1650357924,0,1,1,1,1,'','Re: Sugestie, pomysy, zgoszenia','<r><QUOTE author=\"Witold Hoffmann\" post_id=\"126\" time=\"1650357603\" user_id=\"63\"><s>[quote=\"Witold Hoffmann\" post_id=126 time=1650357603 user_id=63]</s>\n&lt;3 (to o stojaku <E>;)</E> )<br/>\n<br/>\nPytanie. Czy chcemy dodawa Franka do forum? Moe to usprawni komunikacj (a on powinien da rad z nakadk tumaczc na chrome\'a)\n<e>[/quote]</e></QUOTE>\n\nFrank ma dostp, ale tylko do dziau Targie Eventy, oczywicie jak chcemy, moemy mu udzieli dostpu takiego jak @Marketing.</r>','f4583321e961fe8dbd88fb66889d7f65',0,'','1d92zhv',1,0,'',0,0,0,1,0,'',0),(128,46,52,58,0,'94.232.216.242',1650358117,0,1,1,1,1,'','Stojak do DPC','<t>Temat powicony: Stojak do DPC</t>','3c6a057e41c489024f8910cdf966486d',0,'','1ekxqot',1,0,'',0,0,0,1,0,'',0),(129,31,46,61,0,'94.232.216.242',1650359288,0,1,1,1,1,'','Re: Obcienie elektroniczne','<t>Czy wydrukowa w kolorze do wysyek?<br/>\nCzy zostaje tylko wersja do cignicia?</t>','2fa8b58d2afd76a48332e9af740702d5',0,'','26',1,0,'',0,0,0,1,0,'',0),(130,44,21,61,0,'94.232.216.242',1650359770,0,1,1,1,1,'','Re: Foldery do udostpnienia - struktura','<t>Owszem, moe i musi nawet.<br/>\nMy si dopasujemy do oglnej struktury nazewnictwa, by katalogi i pliki si nie powtarzay.<br/>\nWtedy znikaj przy wgrywaniu!</t>','0b485f6603f05f82d6c00f460386c8b4',0,'','2srnx',1,0,'',0,0,0,1,0,'',0),(131,44,21,61,0,'94.232.216.242',1650362104,0,1,1,1,1,'','Re: Foldery do udostpnienia - struktura','<t>Owszem, moe i musi nawet.<br/>\nMy si dopasujemy do oglnej struktury nazewnictwa, by katalogi i pliki si nie powtarzay.<br/>\nInaczej znikaj przy wgrywaniu!</t>','b04d52afd563920c52a1c0639acbf4cc',0,'','5oltwyi',1,0,'',0,0,0,1,0,'',0),(132,47,28,61,0,'94.232.216.242',1650368085,0,1,1,1,1,'','Opakowanie skutera','<t>Pasowaoby mie do filmu...<br/>\nPlanowana data odbioru prbek opakowania najwczeniej miedzy 11.05 a 30.05.2022.</t>','b252812bba32adbafa3d0b0eb7a2448f',0,'','u3e2x55',1,0,'',0,0,0,1,0,'',0),(133,48,25,63,0,'85.221.240.2',1650369530,0,1,1,1,1,'','25-26.06.2022 [REC] Handover event Cavebase','<t>Hej<br/>\n<br/>\nProponowany termin eventu przekazania sprztu/ szkolenia produktowego dla Cavebase to 25-26.06. Tylko ta data pasuje wszystkim czonkom.<br/>\n<br/>\nWstpnie zabookowaem go w swoim kalendarzu, Frank- masz chci rwnie si zaangaowa? Jak z terminem?</t>','09b6b786f187c0eadc2384ff95792dfb',0,'','gvti',1,0,'',0,0,0,1,0,'',0),(134,31,46,63,0,'85.221.240.2',1650369636,0,1,1,1,1,'','Re: Obcienie elektroniczne','<r>Sugeruj wysyanie wycznie z opakowaniu fabrycznym (tak jak kupujemy), manuale serwisowe - dostpne online, bd do samodzielnego wydrukowania.<br/>\nJestemy ekologiczni i oszczdzamy na papierze... <E>;)</E></r>','3b78fd4945e7a1302cad526036528cca',0,'','3iduzi7q',1,0,'',0,0,0,1,0,'',0),(135,44,21,63,0,'85.221.240.2',1650369694,0,1,1,1,1,'','Re: Foldery do udostpnienia - struktura','<t>Czekam w takim razie na decyzje --&gt; jak bdzie zatwierdzona struktura, uporzdkuj w niej zdjcia produktowe.</t>','4615cf4c7efd5bc9b8b5a55a8b800736',0,'','1e2mdna',1,0,'',0,0,0,1,0,'',0),(136,24,28,63,0,'85.221.240.2',1650370101,0,1,1,1,1,'','Re: Zdjcia i materiay','<r>Potrzebuj informacji o moliwej dacie wysyki maszyn.<br/>\n<br/>\na) Cavebase:\n<QUOTE><s>[quote]</s>I received a globkurier-Message a couple of hours ago. I am wondering what will come next <EMOJI seq=\"1f609\" tseq=\"1f609\">&#128521;</EMOJI> Lights? New DPV? SpeedSensor? Looks like an Easter-Present <EMOJI seq=\"1f603\" tseq=\"1f603\">&#128515;</EMOJI><br/>\n<br/>\nI already discussed with our team. You can send the new DPV to me:<br/>\n<br/>\n <br/>\n<br/>\nSteffen Burger<br/>\n<br/>\nBirkengraben 37<br/>\n<br/>\n96052 Bamberg<br/>\n<br/>\n <br/>\n<br/>\nBut I need it until next week, as I would like to take it to our guys in the north on 22.4. Afterwards I will visit our team in the south.<br/>\n<br/>\nI am looking forward to present nice pictures from Hemmoor and german caves!<br/>\n<br/>\nCan you tell me about your plans how long we can use it? Maybe till handover-meeting?<br/>\n<br/>\n <br/>\n<br/>\nWhat about 25.  26.6., would it fit for a handover-meeting?<br/>\n<br/>\nThats the date which would fit best for us.<br/>\n\n <e>[/quote]</e></QUOTE>\n\nb) Andrea:<br/>\n\n<QUOTE><s>[quote]</s>Hi Witold, <br/>\n<br/>\nThank you for bringing up these talking points.  <br/>\nIm familiar with planning (and executing) different kind of video and photo shoots. As you well know this is exactly what we do here at DigitalMovie. We regularly produce digital media to explain products features and convey them into product presentations through video and still photography. We operate comfortably underwater but we also work on terrestrial productions either outdoors as well as in our studio facility. <br/>\n<br/>\nBeing this project currently in the form of ideas, I ask you a few questions below in order to figure out what options we may have and what works best.<br/>\nI think it would be great exchanging products (by Seacraft) and services (by digital movie) with mutual benefit and reciprocal discount agreements.<br/>\nUpdating my unit is a tempting idea, if this can maximise our mutual support, Ill be happy to do it. <br/>\n<br/>\nOne of the easiest way to move forward with the idea of producing some media about the new product, is sending a unit here at my studio. We can start creating some still life images first (assuming the unit being flawless not beta or battle tested) and taking it underwater for in-action contents right after (unless you have a second unit dedicated to  action/test (this one may have a few signs of use). <br/>\nOf course we can line up production style to your indications/requirements like showing recreational divers, different users including women, different water entrance and situations. Now, here there are a few questions for you: would it be ok also showing a teenager user or is there any legal/safety issues about user age?<br/>\nIs the unit also suitable for cave diving or is it better to keep it in open waters only?<br/>\nHow about T-reb users (I might have a friend to ask to...)? Would it be better on different CCRs or it doesnt matter?<br/>\nThis kind of production is what we call a \'media package. The main goal of a media package is to create a variety of media contents for mixed usage (from catalogs and borchures to social media and web).  Essentially its a digital media collection, including both stills and videos, delivered in different formats (like 16:9 / 4:5 / 9:16) to be used for product launch, digital presentations, on line and off line product promotion.<br/>\nIf the project timeline is not too compressed, this approach is particularly cost-effective since I am free to seek for good opportunities to shoot maximising production efficiency. When would you ideally need some media to be ready? <br/>\n<br/>\nAs a different option, (not sure if you meant this in your email) we can design, plan and execute a product video from start to finish going for a shoot on a specific location. This is ideal if you want to be part of it in person, attending the shoot and supervising operations on set for the whole production. Please feel free to share your ideas if you have already defined something specific, I am willing to line up and see if we can find a good match with your plan.<br/>\n<br/>\nPlease let me know how about and well set things up at best. <br/>\nAs we move forward in defining some options, I can start working on initial calculations to quote our services and make an offer. <br/>\nI think the best way to make a happy and durable collaboration is to set an exclusive mutual discount that makes reciprocal advantage working together. <br/>\nIm sure both of us can get some really good perspectives out of this. <br/>\n<br/>\nLooking forward to hearing from you again, feel free to catch up on a call at any time. <e>[/quote]</e></QUOTE></r>','f63fd2a7ed8173a1f0e0142348de50fd',0,'','txvf4n4',1,0,'',0,0,0,1,0,'',0),(137,24,28,61,0,'185.153.39.80',1650389280,0,1,1,1,1,'','Re: Zdjcia i materiay','<t>Mam nadziej, e uda si zoy 2 egzemplarze do przetestowania w niedziel.<br/>\n<br/>\nPo przetestowaniu mona wysya.<br/>\nBd dwa na razie, poniewa tyle grawerw zrobili. Chyba dzisiaj wysali do Krosna. Trzecia sztuka bdzie montowana jak przyjdzie wygrawerowany trzeci komplet. Nie wiem kiedy, mam nadziej, e szybko.<br/>\n<br/>\nZatem data 22.04 jest nierealna, ale o tym ju pisaam.<br/>\nMusz poda inny termin o ile jest to moliwe.</t>','1c0f73811bdfc879d8d3290124a584e1',0,'','2fg08x',1,0,'',0,0,0,1,0,'',0),(138,49,11,58,0,'94.232.216.242',1650432246,0,1,1,1,1,'','Wizytwka firmowa w Google','<r>Nasz wizytwk w Google trzeba bdzie zaktualizowa, z pilnych zmieni zdjcie w tle, bo nie jest ustawione domyle i skrypt wybiera ostatnio dodane (w tym wypadku zdjcie z opinii/komentarza).<br/>\n\n<ATTACHMENT filename=\"obraz_2022-04-20_071948541.png\" index=\"0\"><s>[attachment=0]</s>obraz_2022-04-20_071948541.png<e>[/attachment]</e></ATTACHMENT>\n\nKto ma dostp do administracji nadany?</r>','656507538971ae83f66e58bd6033f7c1',1,'','mv3',1,0,'',0,0,0,1,0,'',0),(139,49,11,61,0,'185.153.39.80',1650433854,0,1,1,1,1,'','Re: Wizytwka firmowa w Google','<t>Andrzej si tym zawsze zajmowa.</t>','2787a40b8eee79afaf3349635f20aad0',0,'','j2iug',1,0,'',0,0,0,1,0,'',0),(140,49,11,58,0,'94.232.216.242',1650433969,0,1,1,1,1,'','Re: Wizytwka firmowa w Google','<t>Ok, napisz do niego.</t>','28f95adcb8c286670e20f87812e6d753',0,'','61',1,0,'',0,0,0,1,0,'',0),(141,24,28,58,0,'94.232.216.242',1650434220,0,1,1,1,1,'','Re: Zdjcia i materiay','<r><QUOTE author=\"Beata So&#x142;tys\" post_id=\"137\" time=\"1650389280\" user_id=\"61\"><s>[quote=\"Beata Sotys\" post_id=137 time=1650389280 user_id=61]</s>\n<br/>\nBd dwa na razie, poniewa tyle grawerw zrobili. Chyba dzisiaj wysali do Krosna. Trzecia sztuka bdzie montowana jak przyjdzie wygrawerowany trzeci komplet. Nie wiem kiedy, mam nadziej, e szybko.<br/>\n\n<e>[/quote]</e></QUOTE>\n\nWczoraj wysali dzi powinno by u nas. 3 komplet maj grawerowa jak nie bdziemy mie zastrzee co do tych dwch.<br/>\n\n<QUOTE><s>[quote]</s>Dzie dobry,<br/>\n<br/>\ndobrze, dzisiaj nadamy, jutro, max do czwartku powinny by u Panstwa.<br/>\nMamy wyznakowane dwa, nie chcielimy marnowa wicej sztuk gdyby byy uwagi do jakoci graweru (mielibysmy material do poznakowania nowymi parametrami).<e>[/quote]</e></QUOTE></r>','218b7fa64b97709b0b046c3892b5fdcc',0,'','lr03ma9',1,0,'',0,0,0,1,0,'',0),(142,42,21,60,0,'91.196.8.186',1650436115,0,1,1,1,1,'','Re: Banner Tarnobrzeg','<r>Zamwienie puszczone do druku. <E>:)</E></r>','b4fbbe998213266ed8b5129ae62bc963',0,'','9lozf',1,0,'',0,0,0,1,0,'',0),(143,50,39,61,0,'185.153.39.80',1650450852,0,1,1,1,1,'','stojak wystawowy','<t>Koszt produkcji stojaka bez narzutu:<br/>\nStojak na 3 skutery: 2 374,62 z <br/>\n<br/>\njego cena po uwzgldnieniu zniki 25% dla sprzedwcw wynosi obecnie: <br/>\n  495  = 2277 z<br/>\nNie moe ju by nisza, ale jednak nie dokadamy do tematu (dlatego, e wycofalimy ciank z pleksy projektu Karwowskiego)<br/>\nProponuj jednak wprowadzi now pozycj stojaka do cennika z opisem, e jest na 3 modele naszych skuterw - moe  przy okazji jak wprowadzimy skuter GO do cennika, wtedy planowane s te grubsze zmiany.<br/>\n<br/>\n<br/>\nw cenniku jest obecnie stary stojak, ktry jest wycofany, nie by skadany i ciki w transporcie.<br/>\nU1086	Exhibition stand for FUTURE and GHOST scooters (for 3 scooters)	  660 <br/>\ndo Australii poszed ju nowy - zamwiony jako U1086</t>','677bef3b11803adc925b2a71f716d2a0',0,'','skm',1,0,'',0,0,0,1,0,'',0),(144,51,16,58,0,'94.232.216.242',1650519372,0,1,1,1,1,'','Seacraft Newsletter 05.2022','<t>Temat powicony propozycjom tematw do kolejnego newslettera:<br/>\n<br/>\nPlanowana wysyka: 10-15.05.2022<br/>\n<br/>\n___<br/>\n<br/>\nTematy: <br/>\n1. Nurkowe Demo Days, Jaworzno, 14-15.05, mamy tam naszego partnera Deep Adventure, warto o tym poinformowa.<br/>\n2. Personalizowany grawer na DPV</t>','0cdaabcaeef8926b22cb032152fbd7ab',0,'','iymh',1,0,'',0,0,0,1,0,'',0),(145,51,16,60,0,'91.196.8.186',1650525035,0,1,1,1,1,'','Re: Seacraft Newsletter 05.2022','<t>Troch poza tematem: moe wrzuc informacj na IG/plakat zwizany z Demo days na koparkach?</t>','5d3f0e943de02b0ae445de64b9391d67',0,'','dg6h',1,0,'',0,0,0,1,0,'',0),(146,51,16,58,0,'94.232.216.242',1650526574,0,1,1,1,1,'','Re: Seacraft Newsletter 05.2022','<t>Mysl, e jak najbardziej tak, ale to bliej terminu 4 maj moe? Przygotuj jak grafik, eby to adnie i zgodnie z naszymi kolorami wspgrao.</t>','ddd6905e7fb5757785f6199e8d2be127',0,'','34oeb',1,0,'',0,0,0,1,0,'',0),(147,52,9,60,0,'91.196.8.186',1650536676,0,1,1,1,1,'','Produkty Special','<t>Hej, temat bdzie dotyczy wrzucenia produktw z linii Special na stron internetow.</t>','87aadf32d0f56e4afd6f92d55001c04d',0,'','33h',1,0,'',0,0,0,1,0,'',0),(148,33,40,60,0,'91.196.8.186',1650545618,0,1,1,1,1,'','Re: Cennik - 12.04.2022','<t>Hej, przy okazji nastpnych zmian usucie kody: KM157M, KM167M. <br/>\nTo koszulki fullprint militarne, dla ktrych przyporzdkowane zostay po 1 kodzie wicej. Tak jakby dla rozmiaru XXXXL, ktrego nie byo w tym modelu.</t>','21d02597a9dd969db73b776ad1493dd1',0,'','4q4x893b',1,0,'',0,0,0,1,0,'',0),(149,50,39,61,0,'185.153.39.80',1650612288,0,1,1,1,1,'','Re: stojak wystawowy','<t>stojak okrgy:<br/>\n<br/>\ninfo od Izy na temat kosztw:<br/>\n...............<br/>\nCena stojaka z okrg podstaw  1882,13 z netto + malowanie proszkowe na czarno (nie wiem w tej chwili ile moe to kosztowa, bo jeszcze nigdy tego nie zlecaam, a nie mam gotowych stojakw jeszcze, eby zawie i prosi o wycen).</t>','0aa962f0f0ac2412ad1a8f9115eec25d',0,'','sv79mv',1,0,'',0,0,0,1,0,'',0),(150,53,39,61,0,'185.153.39.80',1650621742,0,1,1,1,1,'','Zmiany w kolejnej wersji cennika rec','<r>info od Pauliny - przeniosam do dziau REC:<br/>\n\n<QUOTE><s>[quote]</s>Hej, przy okazji nastpnych zmian usucie kody: KM157M, KM167M.<br/>\nTo koszulki fullprint militarne, dla ktrych przyporzdkowane zostay po 1 kodzie wicej. Tak jakby dla rozmiaru XXXXL, ktrego nie byo w tym model<e>[/quote]</e></QUOTE>\n\ni moje<br/>\nCennik naley skategoryzowa tak jak militarny, ujednolicenie cennika pozwoli na tak sam struktur folderw do udostpniania na zewntrz plikw (mil i rec).</r>','c4c084105ec596e8f884eaeb179cbd50',0,'','1qw97cs',1,0,'',0,0,0,1,0,'',0),(151,54,40,61,0,'185.153.39.80',1650622058,0,1,1,1,1,'','Niezbdne zmiany w cenniku special','<r>Naniosam zmiany w cenniku  kategoriach - niezbdne zarwno do kart militarnych jak i oglnie do uporzdkowania struktury.<br/>\n<br/>\nZmiany w arkuszu kart militarnych \"cennik\" - plik v2<br/>\nWitek musi przejrze i zatwierdzi.<SIZE size=\"150\"><s>[size=150]</s><e>[/size]</e></SIZE></r>','316b0a5da3f37e0c277783bebf3a3fd0',0,'','48ina9',1,0,'',0,0,0,1,0,'',0),(152,55,49,61,0,'185.153.39.80',1650622255,0,1,1,1,1,'','serwis suex','<r>Info od Bramsona<br/>\n\n<QUOTE><s>[quote]</s>Katalogu nie mam, ale mam kilka najwieszych info prosto z siedziby Suex <E>;)</E> A dotycz serwisu i gwarancji.<br/>\n<br/>\nSerwis - maj 3 poziomy serwisu: 1 poziom dostpny praktycznie dla kadego uytkownika i dotyczy przegldu, smarowania i wymiany gwnych o-ring, 2 poziom jest troszk bardziej zaawansowany, a 3 poziom to rozbieranie caego skutera na czci (wcznie z silnikiem) i po tym serwisie gwarancja zostaje przeduona na kolejny rok. <br/>\n<br/>\nW zeszym tygodniu na szkoleniu do 3 poziomu byy dwie osoby z Polski.\n<e>[/quote]</e></QUOTE></r>','64fb74ea10b62dfcbfa95c975003e9b0',0,'','kf7',1,0,'',0,0,0,1,0,'',0),(153,27,23,61,0,'185.153.39.80',1650622763,0,1,1,1,1,'','Re: Event Gearpoint 21.04','<r>info od Witka:<br/>\n\n<QUOTE><s>[quote]</s>1. NL<br/>\n<br/>\nBy Flamur (z Sieniawy <E>;)</E>). Bardzo si ucieszy z wyjcia na ogrzewanie, nie widzia go w akcji jak by u nas z wizyt. Przetarg na pojedyncze skutery ma by rozpisany na koniec tego roku, z prawdopodobmi testami w wodzie (parametry, specyfikacje, a nawet chc mierzy porwnawczo akustyk w wodzie). Mam mu wysa nasz metodologi bada.<br/>\n<br/>\nZ nowinek, SUM wzbudzi zainteresowanie, ENC3M rwnie, ale wida e ma ju wybrany i zakupiony system nawigacji - nie planuje zmienia. Zwalniacz mocno zaciekawi, mam podesa manual po ENG. (mam polski, przetumaczymy...).<br/>\n<br/>\nDosta wina, prosi eby pozdrowi i mio wspomina wizyt szczeglnie na Buczynach <E>;)</E><br/>\n<br/>\nNurkowie policyjni bd chcieli podczy si pod testy w wodzie robione na przetarg. Pogadalimy, o rnych maszynach, dostali koszulki, klucze, a nawet miaem woreczki seacrafta coby nie zapomnieli marki...<br/>\n<br/>\nBy nawet go ktry si ali e holenderske organizacje ekologiczne nie pozwala na wyszkolenie fok do poszukiwania zwok pod wod. (uywaj do tego psw - wyczuwaj nad wod \'aromat\'...), ale foki byby jeszcze skuteczniejsze... <E>;)</E><br/>\n<br/>\nTyle z waniejszych, poza tym pani z dziau przetargw i pan z dziau logistyki...<br/>\n<br/>\nPoza tym, do przetargu na pewno bdzie klauzula o udowodnienie duej dostawy (Ruben mwi o dostawie na 500 k EUR) i moliwo kontaktu z takim klientem o referencje. Ma da zna dokadnie o jak kwot ma chodzi...<br/>\n<br/>\n2. SIEL<br/>\n<br/>\nSiel dziaa od lat 60 - na pocztku robili tylko reby dla marynarki, w tej chwili maj znacznie szersze spektrum dziaalnoci. Troch do nich z dystansem podszedem (w kocu dziaaj z Suexem), ale okazuje sie e cay system nawigacji, komunikacji pod wod, komunikacji z bateri i elektonik robi dla Suexa oni - od S jest tylko rura i silnik jask si Peter Boules wyrazi... Niezy go. Swoj drog, podobno aktualna bojka GPS Suexa komunikuje si bezprzewodowo z nawigacj - i moe by puszczana na sznurku. Oj, rozwizaoby to troch tematw... (linka 1mm dyneema i koowrotek).<br/>\n<br/>\nGeneralnie s otwarci, chyba maj trosz przesyt wspprac z Suexem. O Clemenzie wyraa si jako \'debil\'. Poogldaem ich nowe filmy promocyjne- bardzo wysoki poziom, mwi e kupe kasy na to poszo... Rwnie sterowanie autonomiczne odziami motorowymi (partolowymi) jakie robili dla izraela (z systemem unikania przeszkd i tolerancj na rozkoys, fale, wiatr...)<br/>\n<br/>\nPoyjemy zobaczymy, bardzo chwalili nasz rozwj do tej pory. (cho byli w dwjk- Peter, dyrektor rynk eksportowych i drugi woch - emerytowany nurek Comsubinu). Wkurzali si e im Malezj wygralimy (te si szykowali).<br/>\n<br/>\nInne ciekawostki:<br/>\n<br/>\n-Dostawa dla Chiczykw faktycznie si odbya (rebw). Dostarczyli te skutery Suexa, ale pod nazw SIEL - Suex si ba<br/>\n<br/>\n-Byli 2 tygodnie temu u naszych czechw z rebami- te si wkurza e nawet nie byo sensu wypowiada sowa \'Skutery\' bo byli ju zdecydowani na Seacrafty<br/>\n<br/>\n-Specjalizuj si w cznoci podwodnej i komunikacji podwodnej. Maj patenty jakie s wykorzystywane w rozwzaniach dla Suexa. Nawigacja jest ich robty, tylko branduj dla S. Widziaem nowiutki (wida moe na foto) rczny log do wpinania \'konsolki\' i nawigowania przez pywajcego z petwy nurka<br/>\n<br/>\n-Wstpnie pogadalimy o ew. wsppracy na rynku cywilnym, w Egipcie. Ma tam bardzo dobrych ludzi i dostali po znajomoci wyczenie z bana na permit importy skuterw do kraju. Raczej wtpi e chc wysondowa tematy dla Suexa, raczej wysondowa czy nie warto zmieni partnera skuterowego.... Suexa by to utopio drastycznie.<br/>\n<br/>\n-80% dostaw skuterw zaatwi Suexowi Peter. Suex sam dotar tylko d kilku krajw (gwnie pnocna europa). Cay bliski wschd, azja itd. nagrywa Siel.<br/>\n<br/>\n3. Inne<br/>\n<br/>\nPoza tym by vice dyrektor z Waterproofa, rozwijajce dywizj militarn. (skafanry MIL). Mona poczy siy filmowo/ zdjciowo - maj adne skafandry, mam te namiary na warte odwiedzenia targi wojskowe.<br/>\n<br/>\nMwi e w Rotinorze nastpiy roszady pracownikw i z 2 dobrych goci jest 1 kiepski. (dzia eksportowy). Podobno pare lat temu jedzili wszdzie (ci dobrzy) jak wciekli i generalnie byli wszdzie gdzie tylko si dao<e>[/quote]</e></QUOTE>\n\nMoe warto gdzie takie informacje zbiera tematycznie, bo w tym miejscu raczej nikt ich nie znajdzie jak bdzie szuka  <E>:)</E></r>','608889624928d29d1c99e6a52116413e',0,'','1u01d5',1,0,'',0,0,0,1,0,'',0),(154,26,44,61,0,'185.153.39.80',1650623800,0,1,1,1,1,'','Re: Kartownik','<r>od Izy<br/>\n\n<QUOTE><s>[quote]</s>Piotrek mwi, e musz go jeszcze poskada to tak na poow przyszego tygodnia ma by gotowy  <E>:D</E> <br/>\n\n <e>[/quote]</e></QUOTE></r>','4f550cf4999b1372453c0c1955e17787',0,'','1ag76q',1,0,'',0,0,0,1,0,'',0),(155,56,29,61,0,'185.153.39.80',1650624080,0,1,1,1,1,'','Cena','<r>Gdzie w otchani utona mi  informacja o cenie zakupu.<br/>\nKto wie?  <E>;)</E></r>','e1b71c68b724b2c4dfcf90e3a6a8acdd',0,'','5m04pl4b',1,0,'',0,0,0,1,0,'',0),(156,49,11,58,0,'94.232.216.242',1650625261,0,1,1,1,1,'','Re: Wizytwka firmowa w Google','<r>Zdjcie firmy w tle ju poprawione i ustawione jako domylne.<br/>\n\n<ATTACHMENT filename=\"obraz_2022-04-22_125850771.png\" index=\"0\"><s>[attachment=0]</s>obraz_2022-04-22_125850771.png<e>[/attachment]</e></ATTACHMENT>\n\nW wolnej chwili przegldn, co tam mona jeszcze aktualizowa i wzbogaci, do pusta ta wizytwka.</r>','7048dfb16994375e659b1f539e835516',1,'','aok0y3',1,0,'',0,0,0,1,0,'',0),(157,56,29,58,0,'94.232.216.242',1650625557,0,1,1,1,1,'','Re: Cena','<r>Ten zasobnik jest chyba od tego producenta: <URL url=\"https://military-suits.com/offer/tactical-dry-bags/58-day-bag-for-equipment-zas3\"><LINK_TEXT text=\"https://military-suits.com/offer/tactic ... pment-zas3\">https://military-suits.com/offer/tactical-dry-bags/58-day-bag-for-equipment-zas3</LINK_TEXT></URL><br/>\n<br/>\nMog napisa o cennik, chyba, e mamy jakie specjalne ceny u nich.</r>','3934c2d801ca110e4e82883d3df330bc',0,'','1lure',1,0,'',0,0,0,1,0,'',0),(158,29,26,58,0,'94.232.216.242',1650626105,0,1,1,1,1,'','Re: Nurkowe Demo Days Jaworzno, Koparki 14-15.05.22','<r>Na swoim profilu FB, organizatory eventu publikuj informacj o markach i wystawcach. Post taki jest tam darmowy, moemy przygotowa wasny opis i grafik, aby pomc Marcinowi.<br/>\n<br/>\nOdpowied od Marcina:\n<QUOTE><s>[quote]</s> Posty s w ramach \"wstawiania si\", czyli nie s dodatkowo patne. Bdzie te o Seacraft, ale wszystko w swojej kolejnoci. Jak chcecie pomc to prosz przygotujcie materiay i tekst na taki post. <e>[/quote]</e></QUOTE></r>','59308d9a605affaa4d1ccee5344b8fc2',0,'','11862d',1,0,'',0,0,0,1,0,'',0),(159,5,23,60,0,'91.196.8.186',1650626526,0,1,1,1,1,'','Re: 7-9.06.2022 [MIL] UDT Rotterdam, Holandia','<r>Rozmawiaam z Frankiem o materiaach tekstylnych na promocj. Chce zabra ze sob czapki zimowe z polarem i bez polaru, czapki z daszkiem i koszulki militarne. Pewnie baweniane, bo fullprintw jest mao, rozmiarwka nie jest na ten moment uzupeniona, a poza tym po podwyce cen rozdawanie ich to BARDZO zy pomys <E>:oops:</E> <br/>\nWstpnie poprosiam Ig o odoenie dla Franka: <br/>\n- 10 szt czapek zimowych z polarem<br/>\n- 10 szt czapek zimowych bez polaru<br/>\n- 10 szt czapek z daszkiem<br/>\n- po 2-3 szt. (5 w rozmiarze L, XL) t-shirtw bawenianych MIL.<br/>\n<br/>\nDajcie zna jeli te iloci powinny by wiksze/mniejsze, to przeka Idze.</r>','df38ab9298f4f444c8d6915c96949713',0,'','s183t',1,0,'',0,0,0,1,0,'',0),(160,56,29,61,0,'185.153.39.80',1650631349,0,1,1,1,1,'','Re: Cena','<t>Zapytam Piotra,<br/>\non z nimi ustala, ale jest due prawdopodobiestwo, e te wpado w otcha tematw...<br/>\nna pewno kontakt przez niego, sami tego nie bdziemy zaatwia.</t>','33b5c0b244b9b6613b1917b6c31c183f',0,'','c39d1ers',1,0,'',0,0,0,1,0,'',0),(161,56,29,61,0,'185.153.39.80',1650632649,0,1,1,1,1,'','Re: Cena','<r>Do Pakistanu (MIL) kiedy wycenialimy tak: cena bya na pewno podwyszona o 20% upust dla dystrybutora.<br/>\n<br/>\nModel: Dry-bag for sniper rifle - model: \"UNRUG\"  Reference number : M-DB/SR/01.	  1 450,00 	<br/>\n<URL url=\"https://www.military-suits.com/offer/tactical-dry-bags/56-dry-bag-for-sniper-rifle\"><LINK_TEXT text=\"https://www.military-suits.com/offer/ta ... iper-rifle\">https://www.military-suits.com/offer/tactical-dry-bags/56-dry-bag-for-sniper-rifle</LINK_TEXT></URL><br/>\nModel: Dry-bag for military equipment \"UNRUG\"  Reference number : M-DB/01 w wersji 40 l 	  790,00 	<br/>\n<URL url=\"https://www.military-suits.com/offer/tactical-dry-bags/58-day-bag-for-equipment-zas3\"><LINK_TEXT text=\"https://www.military-suits.com/offer/ta ... pment-zas3\">https://www.military-suits.com/offer/tactical-dry-bags/58-day-bag-for-equipment-zas3</LINK_TEXT></URL><br/>\nModel: Dry-bag for military equipment \"UNRUG\"  Reference number : M-DB/01 w wersji 60 l.	  890,00 	<br/>\n<URL url=\"https://www.military-suits.com/offer/tactical-dry-bags/58-day-bag-for-equipment-zas3\"><LINK_TEXT text=\"https://www.military-suits.com/offer/ta ... pment-zas3\">https://www.military-suits.com/offer/tactical-dry-bags/58-day-bag-for-equipment-zas3</LINK_TEXT></URL></r>','a2dfdb50018240815616b407702403f4',0,'','in5w',1,0,'',0,0,0,1,0,'',0),(162,6,20,60,0,'91.196.8.186',1650868829,0,1,1,1,1,'','Re: GO! - scenariusz filmu','<r>Kontaktowaam si z Adamem. Dobra wiadomo jest taka, e <B><s>[b]</s>Adam zaatwi moliwo nagra w Pyrzowicach<e>[/b]</e></B>.<br/>\nPytania od Adama: <br/>\n- w jakich miejscach bdziemy krci? <br/>\n- jaka jest grupa docelowa dla produktu? Adam pyta konkretnie \"mczyni, kobiety, w jakim wieku, single czy rodziny z dziemi,  zwariowane pary, potrzebuje cechy odbiorcy, ktry wedug Was najchtniej to kupi\"<br/>\n- cechy produktu w punktach - informacje podstawowe o produkcie ( waga, dugo szeroko, osigi, jakie dane konstrukcyjne, ktre chcecie  podkreli)<br/>\n- wyjtkowe cechy produktu, ktre czyni go nadzwyczajnym. W punktach opisowo<br/>\n- proba o przesanie zdj produktu<br/>\n- co z naszego punktu widzenia jest wane aby to podkreli?<br/>\n- gdzie film bdzie pokazywany? (jego przeznaczenie i uyteczno)<br/>\n<br/>\nBd przygotowywa odpowiedzi w oparciu o wnioski itp., ale dajcie te zna co sdzicie.</r>','7b361e88a936599130d470c7f5ccb434',0,'','2zh4f0',1,0,'',0,0,0,1,0,'',0),(163,6,20,60,0,'91.196.8.186',1650868908,0,1,1,1,1,'','Re: GO! - scenariusz filmu','<t>I druga kwestia, eby dugo poprzedniego postu Was nie zrazia. <br/>\nPropozycje Adama: <br/>\nMoje pomysy i propozycje:<br/>\n<br/>\n1.	Film bezporedni o produkcie gdzie bohater to produkty, sucha narracja wsparta lektorem i infografikami, ewentualnie tekst na dole. ( Rola takiego filmu jest czysto informacyjna, dla klientw, ktrzy podjli decyzje o zakupie produktu w tym segmencie teraz tylko musz wybra najlepsz ofert)<br/>\n2.	Film o dobrych emocjach, do ktrych kluczem jest Nowy Seacraft. ( Film dla osb szukajcych, by moe nowych klientw, ktrzy szukaj szczcia i radoci, a w ich znalezieniu pomoe im pikna kobieta, super auto czy najlepszy skuter na wiecie. To nie jest film stricte o produkcie a raczej o jego niezastpionej roli  w drodze do szczcia  .<br/>\n3.	Film prezentacyjny,  w ktrym bohater wciela si w role testera i ze swojego punktu widzenia przedstawia produkt. ( To film dla cwaniakw, ktrzy wiedz e najlepiej uczy si na bdach innych ludzi, ale nie tylko, gdy wielu ludzi nie potrafi podj decyzji i dokona wyboru, bo w ich wiecie wie si to z ogromnym bliej niesprecyzowanym ryzykiem. Dlatego kupuj przypadkowo  co bdzie to bdzie, najtaniej aby zminimalizowa straty, lub nie kupuj wcale aby si nie naraa i nie mie wyrzutw sumienia, e znowu dali si oszuka. Dobre dowiadczenie drugiego czowieka, ktry kupi produkt i  teraz opowiada i pokazuje jak bardzo dobry by to wybr, sprawia e wahania i wtpliwoci znikaj, a jeli nawet okae si e zakup by z decyzj  to nie sam kupujcy  jest za ni odpowiedzialny wic ma czyste sumienie. Tacy ludzie wanie potrzebuj takich filmw.<br/>\n4.	A moe macie zupenie inny pomys?</t>','76784e3e0cb34d46ae4eebf383b8dcd6',0,'','d42zg0',1,0,'',0,0,0,1,0,'',0),(164,56,29,58,0,'94.232.216.242',1650954392,0,1,1,1,1,'','Re: Cena','<r>Dry Bag Equipment ten 40/60l mamy zarwno opis (jeszcze do sprawdzenia i korekty) + zdjcia produktowe, zapowied w Newsletterze ju posza.<br/>\n<br/>\nBrakuje:<br/>\n<br/>\n- wycena, dodanie do cennika<br/>\n- dodanie na stron (jak ju wrci do naszej penej kotroli  <E>:roll:</E> )<br/>\n- karta katalogowa<br/>\n- poinformowanie partnerw <br/>\n<br/>\nDry Bag Equipment dodajemy jako produkt REC/MIL, a co robimy z tym na bro dodajemy w pniejszym czasie jako kolejna nowo w ofercie tylko jako produkt pod MIL ?</r>','b7cfd5fe0902553e0d98c17d49bc209a',0,'','27g',1,0,'',0,0,0,1,0,'',0),(165,6,20,58,0,'94.232.216.242',1650954647,0,1,1,1,1,'','Re: GO! - scenariusz filmu','<r>wietna wiadomo odnonie lotniska. <br/>\n<br/>\nCo do scenariusza, to do odwany pomys Adama, troch odbiega od naszego wstpnego pomysu i pokazania produktu jako dostpnego dla kadego nie tylko dla cwaniakw jak to okreli <E>:D</E> ...ale pomys ma ciekawy z tym ukazaniem z pozycji testera, jeszcze to na spokojnie przemyle i uzupeni komentarz.</r>','7dc2229ded669e4001084c5f3999c0d3',0,'','9c4l',1,0,'',0,0,0,1,0,'',0),(166,29,26,58,0,'94.232.216.242',1650956342,0,1,1,1,1,'','Re: Nurkowe Demo Days Jaworzno, Koparki 14-15.05.22','<r>Kopiuj tutaj, eby by lad i nie utoneo w mejlach. Momey sami stworzy tre i grafik do postw na stronie Eventu.<br/>\n\n<QUOTE><s>[quote]</s>Oglnie mylaem tak:<br/>\n<br/>\nosobny post ktry ukarze si u nas taki czysto informacyjny opisany ze wanie wietna okazja do testowania naszego sprztu na evencie w koparkach ,kiedy i gdzie itd.<br/>\n<br/>\nOraz post z perspektywy ich profilu opisujcy wanie nasz mark i produkt.<br/>\n<br/>\nHarmonogram:<br/>\n<br/>\n-Ten tydzie post u nich (my go sami opisze i wzbogacimy grafik)<br/>\n-Kilka dni przed wydarzeniem post u nas. (zgrane z newsletterem)<br/>\n<br/>\nEwentualnie z dodatkowym sharowaniem z obu stron i podbiciem zasigw:<br/>\n<br/>\nTen tydzie post u nich (my go sharujemy tez u nas) <br/>\nKilka dni przed wydarzeniem post u nas (oni shareuja nasz post u nich)<br/>\n<br/>\nCo o tym sdzicie?\n<e>[/quote]</e></QUOTE></r>','23b4936665aa57c385de8e787f30c5a0',0,'','2wmxx',1,0,'',0,0,0,1,0,'',0),(167,57,31,60,0,'91.196.8.186',1650958464,0,1,1,1,1,'','Wsppraca z Cavebase','<r>Hej, temat wsppracy z Cavebase. <br/>\nWiem, e termin przekazania oficjalnego sprztu si zblia, a Cavebase powoli zaczyna udostpnia filmiki/zbitki relacji/zdj z zapowiedzi tajemniczych nowych sprztw itp. <br/>\nNiemniej jednak, od rozpoczcia z nimi rozmw (kilka miesicy) co rusz (czsto kilka razy w tygodniu) oznaczaj nas na swoich zdjciach. I super, tylko nas na tych zdjciach nie ma <E>:)</E><br/>\nW efekcie mamy np. zdjcie twarzy jednego z czonkw ekipy, na zdjciu oznaczonych jest kilkadziesit osb, w tym nasz profil. Jest to problem, bo na siatce oznacze mamy mnstwo zdj, na ktrych nie ma naszego sprztu, a na tym nam nie zaley. <br/>\nWraz z rozpoczciem z nimi oficjalnej wsppracy pewnie dobrze byoby o tym wspomnie i moe wysa im mae \"wytyczne\", bo oni nas zalej zdjciami swoich twarzy z oznaczeniem \"seacraft\".</r>','676ff9c00114428ef14cac09bab20685',0,'','2qu8w',1,0,'',0,0,0,1,0,'',0),(168,57,31,60,0,'91.196.8.186',1650958781,0,1,1,1,1,'','Re: Wsppraca z Cavebase','<r>Siatka oznacze: <URL url=\"https://www.instagram.com/seacraftdpv/tagged/\">https://www.instagram.com/seacraftdpv/tagged/</URL><br/>\n<br/>\nPrzykady zdj, o ktrych pisaam: <br/>\n<URL url=\"https://www.instagram.com/p/CczkD8oqYmG/\">https://www.instagram.com/p/CczkD8oqYmG/</URL><br/>\n<URL url=\"https://www.instagram.com/p/CbZqjznADk4/\">https://www.instagram.com/p/CbZqjznADk4/</URL><br/>\n<URL url=\"https://www.instagram.com/p/CZzMT8Zqn5j/\">https://www.instagram.com/p/CZzMT8Zqn5j/</URL><br/>\n<URL url=\"https://www.instagram.com/p/CZWYQTOqlTD/\">https://www.instagram.com/p/CZWYQTOqlTD/</URL><br/>\n<URL url=\"https://www.instagram.com/p/CZCgt_oKmhR/\">https://www.instagram.com/p/CZCgt_oKmhR/</URL><br/>\n<URL url=\"https://www.instagram.com/p/CYgcoSsKFGH/\">https://www.instagram.com/p/CYgcoSsKFGH/</URL><br/>\n<br/>\nPewnie uznaj tak form promocji, e naleymy do ich \"ekipy\" wic wszdzie nas oznaczaj. No ale my mamy potem na profilu zdjcia portretowe jaki goci i fotki kolesi przedzierajcych si przez lasy <E>:)</E></r>','3acd31dc2ba63164dece833a0f9d3207',0,'','1yxbx',1,0,'',0,0,0,1,0,'',0),(169,57,31,58,0,'94.232.216.242',1650959325,0,1,1,1,1,'','Re: Wsppraca z Cavebase','<r>W ramach uzupeniania wrzucam screenshot posta, o ktrym mwi Paulina i jak to wyglda  <E>:oops:</E> <br/>\n\n<ATTACHMENT filename=\"279011389_5058072887574185_2561308068651019394_n.jpg\" index=\"0\"><s>[attachment=0]</s>279011389_5058072887574185_2561308068651019394_n.jpg<e>[/attachment]</e></ATTACHMENT>\n\nPomys z wytycznymi oznaczania nas jest wg mnie bardzo dobry. Oznaczenia tak, ale nie w takiej formie gdzie na zjciu nawet nie ma naszego produktu, a caa siatka oznacze.<br/>\n<br/>\nPS. Co do siatki oznacze na naszym profilu, to (o ile si nie myl) mona wej w dane zdjcie gdzie nas otagowali -&gt; opcje oznacze -&gt; usu mnie z oznaczenia, w ten sposb moemy decydowa czy chcemy by oznaczeni na zdjciach, ktre pniej widniej w naszej siatce. Trzeba by to sprawdzi, czy dziaa <E>:)</E></r>','33415ec2c3c4bd12181c292063677101',1,'','i321',1,0,'',0,0,0,1,0,'',0),(170,57,31,60,0,'91.196.8.186',1650959824,0,1,1,1,1,'','Re: Wsppraca z Cavebase','<r>Dziaa, dziaa. Usuwam, niemniej i tak wydaje mi si, e trzeba da im zna, eby oznaczali nas tam gdzie sprzt <E>:D</E></r>','3a9a1707bf2585c1fd8ddaacbde9d1f8',0,'','csnt8yjt',1,0,'',0,0,0,1,0,'',0),(171,56,29,61,0,'94.232.216.242',1650959863,0,1,1,1,1,'','Re: Cena','<r>Maj rne:<br/>\n<URL url=\"https://military-suits.com/offer/tactical-dry-bags\">https://military-suits.com/offer/tactical-dry-bags</URL><br/>\n<br/>\nRaczej kupimy wszystkie po sztuce i porobimy zdjcia.<br/>\nNa targi pasuje mie wszystkie.</r>','75f121a2af9386d381e32e1f4bbed351',0,'','69ah0a',1,0,'',0,0,0,1,0,'',0),(172,58,21,58,0,'94.232.216.242',1650960294,0,1,1,1,1,'','Projekty video o Jaskiniach Sowacja, Chorwacja, Hiszpania - propozycja wsparcia','<r>Martin Strimka videographer/photographer/editor publikujcy swoje artykuy i materiay w magayznie Tauchen pracuje nad kilkoma ciekawymi projektami: dokument o jaskiniach na Sowacji, niedugo potem duy projekt w Chorwacji (rdo Cetina), a nastpnie kolejny projekt w Fuentona de Muriel.<br/>\n<br/>\n<URL url=\"https://www.youtube.com/watch?v=up_MCv29Smc\"><s>[url]</s>https://www.youtube.com/watch?v=up_MCv29Smc<e>[/url]</e></URL><br/>\n<br/>\n<URL url=\"https://www.youtube.com/watch?v=HKlfxRXy8co\"><s>[url]</s>https://www.youtube.com/watch?v=HKlfxRXy8co<e>[/url]</e></URL><br/>\n<br/>\nW skrcie, <br/>\n<br/>\nMartin jest zadowolony z naszego sprztu ale bd potrzebowali jeszcze min 2 skutery i system montowania kamer co jak Muzeum Malta i to byyby jego oczekiwania co do naszego wsparcia w tym projekcie.<br/>\n<br/>\nCo nam oferuj, ekspozycje naszego sprztu, dostp i moliwo wykorzystania materiaw przez nas. Kolejny argument Maritna, ktry ma nas zachci do wsppracy to jego status redaktora/fotografa w magazynie TAUCHEN gdzie rwnie moe nas umieci na materiaach o ktrych bdzie pisa.<br/>\n<br/>\nInteresuj nas wsparcie takich projektw? <br/>\nMoemy im zaoferowa, podobn form wsparcia jak Museum w Malcie? (tu nie znam jakie tam byy szczegy ?)<br/>\n<br/>\nKupno skuterw z rabatem ? W zamian za materiay i ekspozycja naszych produktw na nich?<br/>\n<br/>\nCo sdzicie?<br/>\n<br/>\nponiej oryginalna tre wiadomoci od Martina:<br/>\n\n<QUOTE><s>[quote]</s>\n<br/>\nHi Damian,<br/>\n <br/>\nI will skip introducing myself as I believe that visual material always tells more than words.<br/>\n<br/>\nIm a big fan of your dpvs. (They are highly benefitial for tec divers) but judging from videographer\'s perspective they can add absolutely unique feature to my sequences.<br/>\nHonestly, Im confident to say that using them I can produce footage nobody has seen before. <br/>\n<br/>\nCurrently we are working on a cave documentary in Slovakia, but shortly after that we will shoot a big project in Croatia (Cetina spring) followed by another project in Fuentona de Muriel.<br/>\n<URL url=\"https://www.youtube.com/watch?v=up_MCv29Smc\">https://www.youtube.com/watch?v=up_MCv29Smc</URL><br/>\n<br/>\nThese happen to be organized by UTD headquarters with big names in cave diving world. <br/>\n<br/>\nFor me and my model, we need dpvs. These will be clearly seen in majority of sequences and will represent great exposure for your products.<br/>\nThe sequences will also be available for you to use according to your needs.<br/>\n<br/>\n<URL url=\"https://www.youtube.com/watch?v=HKlfxRXy8co\">https://www.youtube.com/watch?v=HKlfxRXy8co</URL><br/>\n<br/>\nMy current status in TAUCHEN magazine as house photographer/editor allows me to deliver resonable exposure through articles I write, which can also be highly benefitial to Seacraft.<br/>\n<br/>\nWould you like to support us?<br/>\n<br/>\n---------<br/>\n<br/>\nI\'m glad that our projects sparked your interest and so I\'m happy to describe in detail.<br/>\n<br/>\nMy goal is simple - capturing highest quality visual material - photo and video. Therefor I focus on procedures and technologies that are able to push my capabilties further. With using Seacraft dpv I\'am able to add smoothness and dynamics to video sequences that wouldn\'t be possible otherwise. The other dpv needs to be on the photos and videos, hence we would always need 2 pieces. This way I would be able to feature the product and deliver matching material for you to use on your ad channels.<br/>\n<br/>\nAs for the project dates, we are quite active all the time, but the Cetina spring will take place in June. For the spanish project we do not have exact dates yet.<br/>\n<br/>\nWreck of Haven (Arenzano) and Maris (Vis) are the next events we are going to document this year. <br/>\n<br/>\nWhat I offer: Like I said, as an exchange for your support I offer not only exposure in all materials I produce and publish, but also offer sequences for your marketing and other use.<br/>\n<br/>\nWhat do I need: 2 Dpv and possibly a camera mounting console. <br/>\n<br/>\nHave a nice day,<br/>\nMartin\n<e>[/quote]</e></QUOTE></r>','c0324a378c32718949f45c720c20882b',0,'','101mh7s',1,0,'',0,0,0,1,0,'',0),(173,57,31,60,0,'91.196.8.186',1650960307,0,1,1,1,1,'','Re: Wsppraca z Cavebase','<r>Ok, koniecznie trzeba im powiedzie. Cavebase to kilkunastu (?) nurkw i wikszo z nich tak oznacza. Teraz ju wiem skd ten spam. <br/>\n<URL url=\"https://www.instagram.com/p/CZZowbcqG99/\">https://www.instagram.com/p/CZZowbcqG99/</URL><br/>\n<URL url=\"https://www.instagram.com/p/CYwvL6SqDMe/\">https://www.instagram.com/p/CYwvL6SqDMe/</URL><br/>\nZ Damianem zastanawiamy si czy takie \"spamowe\" oznaczenia wielu profili na jednym zdjciu nie wpywaj na obnienie zasigw tych profili.</r>','9198157a75c15f7d47d4b420779e00d9',0,'','15',1,0,'',0,0,0,1,0,'',0),(174,59,25,61,0,'94.232.216.242',1650968229,0,1,1,1,1,'','09.2022 [MIL] Prezentacja sprztu dla wszystkich 3 (lub 4) jednostek specjalnych w Gdyni.','<r>Z maila od Piotra:\n<QUOTE><s>[quote]</s>We wrzeniu mam ustalone z DKWS i AMW prezentacj naszego sprztu dla wszystkich 3 (lub 4) jednostek specjalnych w Gdyni. <br/>\nZe wzgldu na aktualn sytuacj dokadny termin DKWS moe ustali dokadnie dopiero w sierpniu.  <e>[/quote]</e></QUOTE></r>','c28801cb6e53affa345969af4a175687',0,'','jsn',1,0,'',0,0,0,1,0,'',0),(175,60,5,63,0,'85.221.240.2',1650971297,0,1,1,1,1,'','Cykl Patenty','<t>Hej<br/>\n<br/>\nZgodnie z prob od Pauliny, propozycje postw o patentach Seacrafta:<br/>\n<br/>\n1. Silnik pracujcy w wodzie - zastrzeony przez nas<br/>\n2. Patent na przyciski piezo <br/>\n3. Patent na system zatrzaskw (jak bdzie przyznany - do weryfikacji)<br/>\n<br/>\nW tej chwili jest kilka cyklu w toku, jak bdziemy potrzebowa tekstw - napiszemy. Kiedy chcielibycie to ew. puci?</t>','e2e52c20a3e8ba27ca1f0bfc3a987874',0,'','1babd',1,0,'',0,0,0,1,0,'',0),(176,57,31,63,0,'85.221.240.2',1650971418,0,1,1,1,1,'','Re: Wsppraca z Cavebase','<r>Jak najbardziej - jeli tryb oznaczania na IG nam nie odpowiada, piszcie do nich. Mail kontaktowy do koordynatora promocji: <EMAIL email=\"steffen.burger@cavebase.de\">steffen.burger@cavebase.de</EMAIL><br/>\n<br/>\nMoecie mnie dorzuci DW.<br/>\n<br/>\nSzkicowo, event przekazania- \'oficjalnie\' inaugurujcy wspprac, to 25-26.06</r>','30ee191eff62178ce72eff6a4699b5a0',0,'','k3hwvl0',1,0,'',0,0,0,1,0,'',0),(177,18,15,63,0,'85.221.240.2',1650971508,0,1,1,1,1,'','Re: Tematy na Business Update MIL','<t>Ustalmy dat kiedy wysyamy - targi UDT s ju niedugo, trzeba moim zdaniem puci go w przyszym tygodniu.</t>','8b53c1393ac823fa721b3326667a5740',0,'','2o33f20l',1,0,'',0,0,0,1,0,'',0),(178,6,20,63,0,'85.221.240.2',1650972042,0,1,1,1,1,'','Re: GO! - scenariusz filmu','<r>Hej<br/>\n<br/>\nOpcja 1 - suchy film o produkcie, moim zdaniem niezbyt pasuje<br/>\nOpcja 2 - elementy tak, ale raczej w kontekcie szczcie nurkowego, a nie oglnego <E>;)</E> Czyli, ew. zestawienie/ sparowanie nieszczliwego nurka na wakacjach ktry chce poyczy skuter, ale nigdzie nie ma i potem jest nieszczliwy- musi pywa z buta <E>;)</E>, a jego kolega przylecia ze swoim GO! i spdza swietnie czas.<br/>\nOpcja 3 - hmmm....<br/>\n<br/>\nMyl e majc na uwadze nono i przekaz, troszk musiaoby to by poczenie wszystkich skadowych. Czyli - film fabularyzowany z dodaniem elementw marketingowo/prezentacyjno/ promocyjnych.<br/>\nNiepozorny pocztek (jeszcze nie wiemy e jest to film o skuterze - ale, wypuszczany przez Seacrafta, wic zainteresuje \'o co tu dalej bdzie chodzi :&gt;\'). Para? Samotny go? (targetem s gocie 35-50, wic opcja e leci sam i tam spotyka pikne dziewczyny na pewno nie zaszkodzi <E>;)</E>)(rwnie para, oraz szczliwa ona ktra ma leciutku skuter wydaje si kuszca) - lec razem na wakacje nurkowe. (REC/ REC-TEC). Scenka szybkiego niadania w domu <E>;)</E>? Pakowanie sprztu, wliczajc w to GO!, odprawa, kontrola bezpieczestwa, (moemy zestawi obok gocia ktry prbuje przewie np. du bateri od konkurencyjnego skutera <E>:)</E>?) widok ze rodka samolotu, start, ldowanie...<br/>\n<br/>\nSzybkie zoenie sprztu i tu nastpuje cz reklamowa- pywanie pod wod, wchodzienie do wody i cay zestaw pokazujcy kluczowe cecny GO! (adowanie! otwarty skuter i trymowanie!)<br/>\n<br/>\nTu moe kadry pokazujce szczcie uytkownika?<br/>\n<br/>\nNa koniec mona da przebitki z nurkowa TECH/ Jaskiniowych/ wrakowych i innych powaniejszych- w formie demwki. Ekran kocowy, GO! Seacraft- Seacraft GO! i voila...<br/>\n<br/>\nLuna idea z mojej strony.</r>','b820f1938c9d28e137c3814e9e36894d',0,'','1mbhmn1',1,0,'',0,0,0,1,0,'',0),(179,58,21,63,0,'85.221.240.2',1650972487,0,1,1,1,1,'','Re: Projekty video o Jaskiniach Sowacja, Chorwacja, Hiszpania - propozycja wsparcia','<t>Hej<br/>\nNie pisze dokadnie e ma ju nasze skutery - ma? Pywa? <br/>\n<br/>\nMoemy zaproponowa znik na zakup, bd wypoyczenie na czas projektu. Moliwe e bdzie zainteresowany zakupem 1 i wypoyczeniem 1 dodatkowego na czas pywania.<br/>\n<br/>\nTo dobry gociu, aktywny na Sowacji. Warto napisa e jedyne co moemy zaoferowa to znika na zakup - dokadny % do ustalenia na bazie zwrotw marketingowych i jego dziaa, poniewa moliwe e oczekuje e dostanie 2 skutery za free, co moe by cikie.<br/>\n<br/>\nWarto zapa ten kontakt.</t>','02a675aa35bf43d4c7b7cfa26bc3b08d',0,'','1pxn',1,0,'',0,0,0,1,0,'',0),(180,56,29,63,0,'85.221.240.2',1650972671,0,1,1,1,1,'','Re: Cena','<t>Czy worki dedykowane do transportu uzbrojenia, nie bd podpada pod koncesj?<br/>\n<br/>\nJeden worek na bro, i worek 40l (transportowy) powinny wystarczy do prezentacji na ywo + karty katalogowe pozostaych.</t>','8424850e549b5b4508df597d1c69b232',0,'','456tr',1,0,'',0,0,0,1,0,'',0),(181,54,40,63,0,'85.221.240.2',1650974986,0,1,1,1,1,'','Re: Niezbdne zmiany w cenniku special','<t>Wgrane w trybie zmian jako V3.<br/>\n<br/>\nCaoc oparta na zaoeniu e nie chcemy w aktualnych kartach ofertowa sprztu i akcesoriw starszej generacji - ktry jest oczywicie dostpny dla aktualnych uytkownikw, ale w cenniku \'zbiorczym\', a karty katalogowe zawieraj tylko i wycznie \'latest and greatest\'.<br/>\n<br/>\n<br/>\n-Do zastanowienia, czy w typowych czciach zamiennych nie da dodatkowo poszczeglnych pozycji (jak zapasowe przyciski), bd przynajmniej rozwin co wchodzi w skad  \'spare parts set\'.<br/>\n<br/>\n-We wszystkich:<br/>\nTUM1758	Coupling connector\'s set - front and rear - 1 pieces		  150 <br/>\n<br/>\nPowinno by  \'1 piece\'</t>','d6f99394bd3203db370955cc5c5c42da',0,'','8x5ajfrj',1,0,'',0,0,0,1,0,'',0),(182,61,36,63,0,'85.221.240.2',1650976945,0,1,1,1,1,'','Warunki wsppracy- centra DEMO Seacrafta','<t>Wypada opracowa system wsppracy i zniek do zakupu sprztu, dla centrw DEMO.<br/>\nAktualne zaoenia bazowe :<br/>\n<br/>\n-centra DEMO nie sprzedaj sprztu - yj z wynajmu/ wypoyczania<br/>\n-z uwagi na to, potrzebuj wikszej zniki na zakup<br/>\n-dealerzy mog swobodnie wysya klientw do centrum DEMO (np. Niemcw na wakacje do Meksyku, czy na Malt).<br/>\n-Z definicji s to rejony ze znikomym rynkiem wasnym, oraz du iloci odwiedzajcych z rnych krajw<br/>\n<br/>\nPropozycja:<br/>\n-Seria Future/Ghost - 30% zniki<br/>\n-GO! 50% zniki <br/>\n-Minimum 1 skuter serii F/G, minimum 3 skutery cznie + ENC<br/>\n-Max - czy chcemy definiowa?<br/>\n<br/>\nSprzt nie do odsprzeday przez ...4 ? lata</t>','cf2a54e0abafdba61fbdff6ddc565503',0,'','mdblk1w',1,0,'',0,0,0,1,0,'',0),(183,62,43,63,0,'85.221.240.2',1650978355,0,1,1,1,1,'','Sesja zdjciowa Irena Stangieska- Czerwiec?','<t>Irenka planuje powoli wyjazdy. Prosi o skoordynowanie dat sesji zdjciowej z nami.<br/>\n<br/>\nU niej:<br/>\n<br/>\nIrena Stangierska<br/>\nMamy Zenobie na koniec maja i safari wrakowe ktre sama organizuje na koniec czerwca</t>','ca5cd7820eec8a672bb1c8794b65b764',0,'','6isj',1,0,'',0,0,0,1,0,'',0),(184,62,43,61,0,'94.232.216.242',1650983077,0,1,1,1,1,'','Re: Sesja zdjciowa Irena Stangieska- Czerwiec?','<r>Wtedy bdzie ju - mam nadziej - skuter GO!  <E>:D</E> <br/>\nProfesjonalna sesja bdzie bardzo potrzebna.<br/>\n<br/>\nUstal z ni warunki i kiedy musi dosta skuter, moe jeszcze co obfotografuje?</r>','6173ddc95ba1c13752153be675f0d43d',0,'','5twmegpk',1,0,'',0,0,0,1,0,'',0),(185,62,43,63,0,'85.221.240.2',1650991444,0,1,1,1,1,'','Re: Sesja zdjciowa Irena Stangieska- Czerwiec?','<t>Safari wrakowe jest w Egipcie, Zenobia- Cypr. Obie opcje to transport lotniczy, raczej w gr wchodzi tylko GO!/ poczenie GO! wraz z ENC.<br/>\n<br/>\nZobacz czy ma w ogle modeli ktrzy mogli by by fotografowani w trakcie dziaa, jeli ma to zrobi niezalenie od nas na swoim wyjedzie.</t>','72e4d52c380bdd856d8bc7b1329fc5f3',0,'','31grxp',1,0,'',0,0,0,1,0,'',0),(186,62,43,63,0,'85.221.240.2',1650993584,0,1,1,1,1,'','Re: Sesja zdjciowa Irena Stangieska- Czerwiec?','<t>Egipt- jest to safari dla fotografw podwodnych prowadzone przez Irenk. Bdzie niedobr modeli, natomiast uzyski zdjciowe jeli dostarczymy modela ze skuterem mog by spore.   No i kadry pikne...<br/>\n<br/>\nA moe Irenka niech jedzie do Chorwacji z nami? Wstpnie by jej pasowao.<br/>\nWtedy narobimy te zdj absolutnie wszystkiego. Reb tlenowy i fotki MIL rwnie bd.<br/>\n<br/>\nInna opcja jak proponuje Irenka to wyjazd na Sardyni.</t>','dbcc4e4e189baeaf7d75f83f116eeb89',0,'','v7zsgjl',1,0,'',0,0,0,1,0,'',0),(187,57,31,61,0,'185.153.39.80',1650999062,0,1,1,1,1,'','Re: Wsppraca z Cavebase','<t>Prawdopodobnie Frank bdzie si musia na event pofatygowa, bo data wyjazdu na HR na pewno si przesunie.</t>','c4314a6260044d98db349d2f5a4fdcbe',0,'','fiii',1,0,'',0,0,0,1,0,'',0),(188,62,43,61,0,'185.153.39.80',1650999716,0,1,1,1,1,'','Re: Sesja zdjciowa Irena Stangieska- Czerwiec?','<r>Fajn modelk jest Ania Pako.<br/>\nMoe jej zaproponowa?<br/>\nWiem, e jeste najlepszy  <E>:D</E>  ale pasuje mie inne osoby na zdjciach.<br/>\n<br/>\nNa Chorwacji bdzie Sawek i to wystarczy.</r>','f4d83bb7ff7d6374b638bf34ac05c10a',0,'','9dhc',1,0,'',0,0,0,1,0,'',0),(189,58,21,58,0,'192.162.175.145',1651007310,0,1,1,1,1,'','Re: Projekty video o Jaskiniach Sowacja, Chorwacja, Hiszpania - propozycja wsparcia','<r>Nie posiada, ale zna i pywa std jego ch i pewno co do uycia ich w projekcie.<br/>\n<br/>\n<URL url=\"Mo%C5%BCemy%20zaproponowa%C4%87%20zni%C5%BCk%C4%99%20na%20zakup,%20b%C4%85d%C5%BA%20wypo%C5%BCyczenie%20na%20czas%20projektu.%20Mo%C5%BCliwe%20%C5%BCe%20b%C4%99dzie%20zainteresowany%20zakupem%201%20i%20wypo%C5%BCyczeniem%201%20dodatkowego%20na%20czas%20p%C5%82ywania.\"><s>[url]</s><LINK_TEXT text=\"Moemy zaproponowa znik na zakup, b ... pywania.&#10;\">Moemy zaproponowa znik na zakup, bd wypoyczenie na czas projektu. Moliwe e bdzie zainteresowany zakupem 1 i wypoyczeniem 1 dodatkowego na czas pywania.\n</LINK_TEXT><e>[/url]</e></URL><br/>\n<br/>\nPogadam z nim/zbadam temat.</r>','c9f1ea357be329be6eb01ca0b53ebc06',0,'','hisxg',1,0,'',0,0,0,1,0,'',0),(190,18,15,58,0,'94.232.216.242',1651038770,0,1,1,1,1,'','Re: Tematy na Business Update MIL','<r>Proponuj po ddugim weekendzie, moe czwartek 05.05.2022, jak ju si kady odkopie z maili i nasz newsletter nie zaginie w akcji <E>;)</E><br/>\n<br/>\nPropozycje tematw?<br/>\n<br/>\n1. Targi UDT<br/>\n<br/>\n2. Info o planowanym wprowadzeniu zasobnikw pod MIL (tych na bro) ? Czy czekamy dopiero jak je wprowadzimy do oferty sprzedaowej?<br/>\n<br/>\n3. ...</r>','96a61f08cd6c2a1f9fa88e001fa0d7d5',0,'','3i3s50',1,0,'',0,0,0,1,0,'',0),(191,61,36,61,0,'185.153.39.80',1651038973,0,1,1,1,1,'','Re: Warunki wsppracy- centra DEMO Seacrafta','<t>Dystrybutorzy maj mie na GO! 30% upustu? Chyba tak ustalalimy?<br/>\n<br/>\nOdnonie warunkw - przelicz i dam zna. 50% to zdecydowanie za duo na GO! Nie wiem czy bdzie na to miejsce.</t>','c8c3696d59da9639ad298bbe634ed2ca',0,'','2xkvjs',1,0,'',0,0,0,1,0,'',0),(192,7,41,58,0,'94.232.216.242',1651039115,0,1,1,1,1,'','Re: Sugestie, pomysy, zgoszenia','<r>Na wniosek pani Beaty, rozbilimy kategori targi i eventy na osobne fora (bez subkategorii), tak eby byy atwiej widoczne i uyteczne. <br/>\n\n<ATTACHMENT filename=\"obraz_2022-04-27_075827466.png\" index=\"0\"><s>[attachment=0]</s>obraz_2022-04-27_075827466.png<e>[/attachment]</e></ATTACHMENT>\n\nKady temat eventu bdziemy nazywa od daty, a nastpnie nazwy aby byo atwiej si w nich odnale.<br/>\n<br/>\nProponuj nazewnictwo tematw wg wzoru:<br/>\n<br/>\nData [REC/MIL] Nazwa eventu, miejsce.</r>','4c3521d3160f5cfa21e97f68558aa702',1,'','348wft',1,0,'',0,0,0,1,0,'',0),(193,18,15,61,0,'185.153.39.80',1651039403,0,1,1,1,1,'','Re: Tematy na Business Update MIL','<t>Zasobniki<br/>\nNie bdzie zdj zasobnikw do 5 maja, ale to bdzie dobre info za miesic.<br/>\n<br/>\nCzekamy na ofert cenow wszystkich dostpnych zasobnikw eby mie na magazynie po 1 sztuce (do pokazania ju na targach UDT mam nadziej).<br/>\nJednak zdjcia poszczeglnych zasobnikw si rni, std trzeba mie wszystkie.<br/>\n<br/>\nMoe  informacja o nowych typach sprzgw - chyba e ju to byo ostatnio?</t>','e73b1fca064c323ed4cc16a5131978dd',0,'','s0vvt0',1,0,'',0,0,0,1,0,'',0),(194,57,31,63,0,'85.221.240.2',1651043217,0,1,1,1,1,'','Re: Wsppraca z Cavebase','<t>Chyba e HR np. 27.06-10.07?<br/>\n <br/>\nZ brakiem gotowoci DPC na lipiec, pojawia si tam okienko...</t>','c8c97a49a96984bc37110f638f0f3a46',0,'','62rsszy',1,0,'',0,0,0,1,0,'',0),(195,18,15,63,0,'85.221.240.2',1651043333,0,1,1,1,1,'','Re: Tematy na Business Update MIL','<t>Nowy typ sprzgw <br/>\nNowy modu GPS (typ B) i jego standaryzacja<br/>\nNowy katalog MIL -zapraszamy do kontaktu po niego<br/>\nUDT<br/>\n<br/>\n...i bdzie.<br/>\n<br/>\nCo do zasobnikw na UDT. Moim zdaniem ma sens mie na stoisku 2 rne, wicej - zrobi si \'kramik\' z zasobnikami.</t>','6f24cd9cd2950dcae563fb035cc3633b',0,'','l0gu',1,0,'',0,0,0,1,0,'',0),(196,62,43,63,0,'85.221.240.2',1651043596,0,1,1,1,1,'','Re: Sesja zdjciowa Irena Stangieska- Czerwiec?','<t>Ania ma w tej chwili mae szczeniaki - Roja rodzia, wtpi e by reflektowaa, zwykle te nurkuj razem ze Sawkiem. (szczeglnie CCR)<br/>\n<br/>\nJak by to mogo kosztowo dla nich wyglda za zabranie skuterka i skupienie si na pozowaniu z nim - pewnie jak MT dopaci do wyjazdu to bdzie to bardziej motywujce. Podpytam Irenki jak wyglda cay koszt safari.</t>','0d309eb496c5149c85096f66637a9f21',0,'','6pf',1,0,'',0,0,0,1,0,'',0),(197,60,5,60,0,'91.196.8.186',1651044025,0,1,1,1,1,'','Re: Cykl Patenty','<t>Dasz rad na czerwiec/lipiec?</t>','171f8b589ba16dd0b1119ad31cac4f29',0,'','gs66kfh',1,0,'',0,0,0,1,0,'',0),(198,62,43,63,0,'85.221.240.2',1651045533,0,1,1,1,1,'','Re: Sesja zdjciowa Irena Stangieska- Czerwiec?','<t>S miejsca. Koszt safari:<br/>\n<br/>\n900e plus tipy 175e plus przelot 2050pln<br/>\n6 dni, 3-4 nurkowania dziennie, cay zesp nastawiony na fotografi podwodn. (Irena prowadzi warsztaty fotograficzne)</t>','08f53bfa7fd17655b6ce59b3390aca0e',0,'','3a96hn',1,0,'',0,0,0,1,0,'',0),(199,62,43,61,0,'185.153.39.80',1651053733,0,1,1,1,1,'','Re: Sesja zdjciowa Irena Stangieska- Czerwiec?','<t>Witek skupia si na znalezieniu modela - sfinansujemy czciowo koszt wyjazdu.<br/>\nTermin niestety nakada si z kilkoma innymi i ani Paki ani Witek nie maj moliwoci wyjazdu.<br/>\n<br/>\nTe zdjcia bd bardzo przydatne o ile nie kluczowe do naszego katalogu produktowego z GO!</t>','a4c6b243352e7786b188c55cff2e2823',0,'','6yynqmnm',1,0,'',0,0,0,1,0,'',0),(200,5,23,61,0,'185.153.39.80',1651056048,0,1,1,1,1,'','Re: 7-9.06.2022 [MIL] UDT Rotterdam, Holandia','<t>Piotr robi wizualizacj, od wczoraj niestety walczy z aktualizacj ansysa niestety.</t>','2d3d15e2f924e7cf6423b15c12e5e447',0,'','dner',1,0,'',0,0,0,1,0,'',0),(201,29,26,58,0,'94.232.216.242',1651061389,0,1,1,1,1,'','Re: 14-15.05.22 Nurkowe Demo Days Jaworzno, Koparki','<r>Przed wysaniem do Marcina Bramsona, najpierw wrzucam tataj, abymy mogli ustali jak to widzimy.<br/>\n<br/>\nMoja propozycja:<br/>\n<br/>\n<B><s>[b]</s>28.04.2022 - Post wrzucony na profirl organizatora eventu Nurkowe Demo days:<e>[/b]</e></B><br/>\n\n<QUOTE><s>[quote]</s>Prezentujemy kolejny brand, ktry bdziecie mogli spotka i testowa sprzt na naszych Demo Days - Seacraft (to bdzie podlinkowana na nasz page) polski producena skuterw DPV reprezentowany przez Marcina Bramsona z Deep Adventure (to bdzie podlinkowane do strony Marcina)<br/>\nSkutery Seacraft to to jedyne DPV wiecie, ktrych silnik pracuje bezporednio w wodzie.  W produkcji maszyn bazujcej na wieloletnich badaniach i rozwoju zastosowano nowatorskie rozwizania w zakresie konstrukcji skutera, ktre nie byy dotychczas stosowane w tego typu urzdzeniach takich jak: silnik pracujcy na penym zanurzeniu, brak momentu obrotowego, szybko, zwrotno, cicha praca, wyjcie na ogrzewanie i wiele innych cech. <br/>\nWybierajc produkty Seacraft otrzymujesz najbardziej innowacyjnym produkt dostpny obecnie na rynku, serwis, wsparcie i obsuga na miejscu w autryzowanych punktach sprzeday.<br/>\n<br/>\nNa Nurkowych Demo Days prezentowane i udostpniane do testw bd flagowe modele skuterw Seacraft ,a take elektoniczne konsole nawigacyjne ENC3.<br/>\n<br/>\nPrzyjd i spotkaj si z przedstawicielami Seacraft osobicie, odpowiedz na wszystkie Twoje pytania i pomog w przetestowaniu sprztu.\n<e>[/quote]</e></QUOTE>\n\nPropozycja grafiki do posta:<br/>\n\n<ATTACHMENT filename=\"demo days scooter.jpg\" index=\"2\"><s>[attachment=2]</s>demo days scooter.jpg<e>[/attachment]</e></ATTACHMENT>\n\n<br/>\n<B><s>[b]</s>04.05.2022 - Post wrzucony na nasz profil fb + stories na insta:<e>[/b]</e></B><br/>\n<br/>\nTutaj zastanawialimy si z Paulina, e pomimo e naszym oficjalnym jzykiem komunikacji jest angielski, to ze wzgldu na to, e wydarzenie jest w Polsce tekst da zarwno w jzyka polskim jak i angielskim. Tekst nie za dugi bardziej informacyjny zaczynajcy si od ikonki flagi polskiej dla tekstu po PL i od flagi brytyjskiej dla tekstu po angielsku, eby to adnie i przejrzycie wygldao.<br/>\n\n<QUOTE><s>[quote]</s>Zawsze powtarzamy, e najlepszym sposobem poznania moliwoci naszych skuterw jest ich przetestowanie samemu w wodzie. Serdecznie zapraszamy na 11 edycj Nurkowych Demo Days. Przyjd i spotkaj si z nami osobicie, odpowiemy na wszystkie pytania i pomoemy w przetestowaniu sprztu.<br/>\n14-15.05.2022, Via Sport Diving Marina \"Koparki\", Jaworzno.\n<e>[/quote]</e></QUOTE>\n\n<QUOTE><s>[quote]</s>\nWe always say that the best way to find out features about our scooters is to test them by yourself in the water. We would like invite you to the 11th edition of Diving Demo Days. Come and meet us in person, we will answer all your questions and help you test the equipment.<br/>\nMay 14-15, 2022, Via Sport Diving Marina \"Koparki\", Jaworzno.<e>[/quote]</e></QUOTE>\n\n2 propozycje grafik, oba bazujace na fotkach Ireny wanie z \"Koparki\".<br/>\n\n<ATTACHMENT filename=\"nurkowe demo days.jpg\" index=\"0\"><s>[attachment=0]</s>nurkowe demo days.jpg<e>[/attachment]</e></ATTACHMENT>\n\n<ATTACHMENT filename=\"nurkowe demo days2.jpg\" index=\"1\"><s>[attachment=1]</s>nurkowe demo days2.jpg<e>[/attachment]</e></ATTACHMENT></r>','0dd25078516a8178b66b17c21bab8a2e',1,'','6sucd',1,0,'',0,0,0,1,0,'',0),(202,29,26,60,0,'91.196.8.186',1651063218,0,1,1,1,1,'','Re: 14-15.05.22 Nurkowe Demo Days Jaworzno, Koparki','<t>Fajny pomys z  wykorzystaniem zdjcia Ireny z koparek- tematycznie do wydarzenia. Pytanko: czy moemy uy jej zdj? Czy powinnimy wczeniej zapyta, bo jednak bdzie to co innego ni udostpnienie na instagramie.<br/>\n<br/>\nMi bardziej podoba si ta pierwsza propozycja ze zdjciem Ireny, ale obie s ok. Teksty spoko i wersja polsko i angielskojzyczna jak najbardziej fajnie.</t>','bc9cacf29d980b70568b3123f4bc4fce',0,'','7mcj2mq',1,0,'',0,0,0,1,0,'',0),(203,29,26,63,0,'85.221.240.2',1651064061,0,1,1,1,1,'','Re: 14-15.05.22 Nurkowe Demo Days Jaworzno, Koparki','<r>Hej<br/>\nTroszk przeredagowana propozycja tekstu niej. Dopytaj Marcina czy bdzie bezproblemowe wypoyczanie sprztu do wody, czy np. na zapisy (trzeba by w tym pocie na dole to zaznaczy), plus np. informacja e tylko dla certyfikowanych nurkw DPV.<br/>\n\n<QUOTE><s>[quote]</s>Prezentujemy kolejn mark, ktr bdziecie mogli zobaczy i przetestowa na Nukowych Demo Days - Seacraft, polski producent skuterw podwodnych . (to bdzie podlinkowana na nasz page) <br/>\nSkutery Seacraft jako jedyna na wiecie uywaj silnika pracujcego bezporednio w wodzie. Specjalnie zaprojektowana i opatentowana konstrukcja  pozwala na cakowit eliminacj wau napdowego oraz koniecznoci stosowania zawodnych uszczelnie i przekadni.<br/>\nDodatkowe korzyci takie jak potna moc, absolutnie cicha praca jak i niezwyka wydajno pracy s efektem wieloletnich bada i rozwoju, ktre doprowadziy do wdroenia innych unikalnych rozwiza, niespotykanych wczeniej na rynku skuterowym. Kierownica strug, ktra zwiksza wydajno pracy i redukuje do zera efekt skrcania rczki, graficzny wywietlacz parametrw oraz zewntrzne gniazdo adowania - bdce jednoczenie miejscem podczenia opcjonalnego wyjcia 12V do systemw grzewczych to tylko niektre z nich.<br/>\n<br/>\nPrzyjd i spotkaj si z przedstawicielami Seacraft osobicie, by pozna wszystkie. Secraft w Polsce jest reprezentowany przez Marcina Bramsona z Deep Adventure (to bdzie podlinkowane do strony Marcina). Wybierajc produkty Seacraft otrzymujesz najbardziej innowacyjny produkt dostpny obecnie na rynku, a take serwis, wsparcie i obsug realizowan bezporednio w kraju.<br/>\n<br/>\nNa Nurkowych Demo Days prezentowane i udostpniane do testw certyfikowanym do obsugi skuterw nurkom bd flagowe modele skuterw Seacraft ,a take elektoniczne konsole nawigacyjne ENC3.<br/>\n\n<e>[/quote]</e></QUOTE>\n\nGrafika- elegancko <E>;)</E> Dabym moe \'Come and test Seacraft at Demo Days\' ew. DPV w liczbie mnogiej<br/>\n<br/>\nPierwsza chyba lepsza, dwujzyczno - najlepiej tak jak piszesz, w kocu jestemy polskim producentem. Z ikonk brytyjsk uwaga na USA... Nie wiem czy nie lepiej da skrtu jzykw: [PL] , [EN] (moe s takie w emotkach FB?)</r>','dea95238ba96f6f51cbf1b4e2c154907',0,'','6ec6q',1,0,'',0,0,0,1,0,'',0),(204,29,26,63,0,'85.221.240.2',1651064915,0,1,1,1,1,'','Re: 14-15.05.22 Nurkowe Demo Days Jaworzno, Koparki','<t>Podelijcie najlepiej Irence z pytaniem o publikacj z jej zdjciem. Wtpi eby miaa co przeciwko, warto j otagowa.</t>','50da99c0065307abb8ebeb497c5af16c',0,'','cxodilt',1,0,'',0,0,0,1,0,'',0),(205,29,26,58,0,'94.232.216.242',1651065163,0,1,1,1,1,'','Re: 14-15.05.22 Nurkowe Demo Days Jaworzno, Koparki','<r><QUOTE author=\"Witold Hoffmann\" post_id=\"203\" time=\"1651063218\" user_id=\"60\"><s>[quote=\"Witold Hoffmann\" post_id=203 time=1651063218 user_id=60]</s>\nCome and test Seacraft at Demo Days\' ew. DPV w liczbie mnogiej\n<e>[/quote]</e></QUOTE>\n\nTrafna uwaga, lepiej.<br/>\n<br/>\nDziki Witku, za wzbogacenie techniczne tekst, brzmi lepiej <E>:)</E> <br/>\n<br/>\nTe ikonki ikonki trzeba bdzie faktycznie zwrci uwag, sprawdz jak to bdzie wyglda.<br/>\n\n<QUOTE author=\"Paulina &#x15A;l&#x119;zak\" post_id=\"202\" time=\"1651063218\" user_id=\"60\"><s>[quote=\"Paulina lzak\" post_id=202 time=1651063218 user_id=60]</s>\nPytanko: czy moemy uy jej zdj? Czy powinnimy wczeniej zapyta, bo jednak bdzie to co innego ni udostpnienie na instagramie.\n<e>[/quote]</e></QUOTE>\n\nPaulina, dasz rad j zapyta? zapewne wystarczy formuka, ze wyraa zgod, jeeli obecna umowa (?) wsppracy z ni tego nie okresla.<br/>\n<br/>\n1 wersja grafiki to te by mj faworyt <E>;)</E></r>','0293bba91f2cb3472d3fb00236cc54e8',0,'','tluunl4',1,0,'',0,0,0,1,0,'',0),(206,63,36,63,0,'85.221.240.2',1651065647,0,1,1,1,1,'','Warunki wsppracy - uzupenienia 2022','<t>Na bazie napotykanych pyta/ problemw, do dodania:<br/>\n<br/>\n-Informacja o warunkach wykonywania grawerw, oraz grawerach DEMO na maszynach DEMO<br/>\n-Aktualizacja o zamwieniach - tylko i wycznie e-sklep, pierwsze zamiwienie \'rcznie\', pniej utworzenie konta w sklepie</t>','76c62c2685d06e914f469f98c9dda55d',0,'','7jfuh',1,0,'',0,0,0,1,0,'',0),(207,63,36,61,0,'185.153.39.80',1651066401,0,1,1,1,1,'','Re: Warunki wsppracy - uzupenienia 2022','<t>Nie ma sensu tego dopisywa do warunkw wsppracy, bo wymaga to aneksw.<br/>\nWystarczy pewnie wysa tak informacj w kolejnym newsletterze?</t>','f66cb233b30994b10a4e7542313d371c',0,'','2vnked',1,0,'',0,0,0,1,0,'',0),(208,63,36,63,0,'85.221.240.2',1651079018,0,1,1,1,1,'','Re: Warunki wsppracy - uzupenienia 2022','<r>Nie wymaga aneksowania - moemy jednostronnie powiadomi o aktualizacji warunkw wsppracy:\n<QUOTE><s>[quote]</s>3.	The Manufacturer reserves the right to unilaterally amend provisions of the Cooperation Conditions document, which is an integral part of the agreement. The Manufacturer will notify the Business Partner about any changes of the Cooperation Conditions documents at least 30 days in advance. In case of not accepting the changes, the Business Partner will be entitled to terminate the agreement with 14-day notice period.<e>[/quote]</e></QUOTE>\n\nW momencie wprowadzenia skutera GO! do oferty, oraz przy innym rabatowaniu na niego jakie jest planowane - plik i tak bdzie musia ulec zmianie.<br/>\nCzasem pracujc w innym miejscu co przyjdzie do gowy - std stworzyem ten temat by atwiej te informacje zebra w cao jak przyjdzie na to czas.<br/>\n<br/>\n<br/>\n---<br/>\n-Dodatkowo, usun informacj o setach E2000 (wycofane z oferty)</r>','d556dbc465b0d036b0f54140a46fe6ba',0,'','29n7bkp',1,0,'',0,0,0,1,0,'',0),(209,58,21,63,0,'85.221.240.2',1651079768,0,1,1,1,1,'','Re: Projekty video o Jaskiniach Sowacja, Chorwacja, Hiszpania - propozycja wsparcia','<r>Super <E>;)</E> To jest zawsze - z mojego dowiadczenia - kluczowe, czy jest kto kto faktycznie chce \'pywa z nami\' z uwagi na przekonanie co do sprztu (najlepsze wyniki wsppracy), czy te szuka kogo kto jak najbardziej zasponsoruje \'cokolwiek\'.</r>','63b6c96f0af50e871b89f751c58a988c',0,'','16pcwfvy',1,0,'',0,0,0,1,0,'',0),(210,64,41,63,0,'85.221.240.2',1651079856,0,1,1,1,1,'','Przenosiny na nowy serwer','<r>Hej<br/>\nRozmawiaem z Andrzejem w innym temacie i przy okazji nada koniecznoc przeniesienia forum na serwer docelowy. <br/>\nSiedzenie na rosyjskiej domenie to te mao optymalna opcja <E>;)</E><br/>\nBdzie to na pewno zwizane z przerw w dziaaniu forum.</r>','b3bbbf84ba2768a8fd48fe910b60f78b',0,'','3b6xca',1,0,'',0,0,0,1,0,'',0),(211,65,21,63,0,'85.221.240.2',1651082240,0,1,1,1,1,'','Projekty jaskiniowe- Chorwacja','<r>Temat w toku:<br/>\n<br/>\n---<br/>\n<br/>\nHello mr.Hoffmann,<br/>\nI am very happy to hear from you. My first idea is...since we do a lot of cave mapping and at the moment we use Mnemo and a small sonar is to use your ENC 3, and start mapping with it. <br/>\nBased on cave maps that we did...we developed a special methodology for population size estimation of Proteus. This methodology can be applied for any water cave animal in the future but it needs to be more tested. I am also involved in other conservation and scientific project that has to do with sea level change where we dive in anchialine caves of Croatia. Except of this expedition I will be conducting national monitoring of cave habitats with a big team for next 2 years. Plenty of things going on...<br/>\nSo...depends on what we agree, by use of your scooters and navigation systems I can test some of mapping methodology, based on mapes done by Seacraft I can do promotion and presentation of Seacraft through my conservation and scientific projects. How, when, where we can decide together. <br/>\nI am an co-author on 6 books, one being about cave diving explorations in Croatia...it is still now in graphic design...but there is a plan for at least 2 more.I am also a member of Croatian mountain rescue service-Cave rescue comission-Cave diving rescue department.<br/>\nIf you are interested we can meet on line or in person and I can present you my work...but more important,my team of crazy cavers, cave divers, biologists, videographers and photographers.<br/>\nI am looking forward hearing from you!<br/>\nGreetings<br/>\nPetra Kovac Konrad<br/>\n<br/>\n<br/>\n<br/>\n<br/>\nOn Tue, 19 Apr 2022, 16:59 Witold Hoffmann, &lt;<EMAIL email=\"witold.hoffmann@seacraft.eu\">witold.hoffmann@seacraft.eu</EMAIL>&gt; wrote:<br/>\n<br/>\n    Hello<br/>\n<br/>\n    Thank you for contact- and it seems as a very nice combination of speleology and diving <E>;)</E><br/>\n<br/>\n    I was able to access only the facebook linked content.<br/>\n<br/>\n<br/>\n    Please let us know, what are your needs regarding propulsion system - what would be the task to be done, and what are you looking for from Seacraft as possible cooperation partner.<br/>\n<br/>\n<br/>\n    Best regards<br/>\n<br/>\n    -- <br/>\n    Witold Hoffmann<br/>\n<br/>\n    Business Development Manager<br/>\n    tel.: +48 739 219 600<br/>\n<br/>\n    e-mail: <EMAIL email=\"witold.hoffmann@seacraft.eu\">witold.hoffmann@seacraft.eu</EMAIL><br/>\n    +48 000 000 000<br/>\n<br/>\n<br/>\n     <br/>\n    MARINE TECH SA<br/>\n    ul. Franciszka wirki i Stanisawa Wigury 17, 38-400 Krosno, Poland<br/>\n    <URL url=\"http://www.seacraft.eu\">www.seacraft.eu</URL>; <EMAIL email=\"office@seacraft.eu\">office@seacraft.eu</EMAIL>; phone: +48 502 741 715<br/>\n    NIP: 7811910188 | REGON: 361492147 | KRS: 0000557411 | NCAGE: 99QRH<br/>\n    BDO: 000386158<br/>\n<br/>\n<br/>\n<br/>\n<br/>\n<br/>\n&gt;      <br/>\n&gt;<br/>\n&gt;      <br/>\n&gt;<br/>\n&gt;     From: Petra Kova-Konrad &lt;<EMAIL email=\"petrakovkon1@gmail.com\">petrakovkon1@gmail.com</EMAIL>&gt;<br/>\n&gt;     Sent: Monday, April 18, 2022 3:43 PM<br/>\n&gt;     To: <EMAIL email=\"office@seacraft.eu\">office@seacraft.eu</EMAIL><br/>\n&gt;     Subject: Fwd: Support for expedition in Croatia<br/>\n&gt;<br/>\n&gt;      <br/>\n&gt;<br/>\n&gt;      <br/>\n&gt;<br/>\n&gt;     Dear Seacraft  team,<br/>\n&gt;<br/>\n&gt;     I am a cave diver and also<br/>\n&gt;<br/>\n&gt;      FAL_1580487.jpg<br/>\n&gt;<br/>\n&gt;     a organizer of numerous cave-diving expeditions in Croatia. Up to now I organized over 30 expeditions. This year we plan to do exploration of a spring in National park Krka. The springs there are famous, except for its beauty, for the unique amphibian, cave predator Proteus anguinus. For this expedition we will have a french video producers and international French-Mexican-English-Swiss-Croatian team of cave-divers and we will create a short docu-film, numerous photos, and daily trailers for social media. We are looking for your support  if possible in return of lot of publicity. <br/>\n&gt;<br/>\n&gt;     I am sending you few links and attachments to get an idea of what we do. You can see also promotion that we did for Apeks and Isotta. Last year we mapped and connected one of the deepest springs in Croatia to longest regional cave system.  I am looking foward to hearing from you.<br/>\n&gt;<br/>\n&gt;     Petra Kovac Konrad, phd karstology <br/>\n&gt;<br/>\n&gt;      <br/>\n&gt;<br/>\n&gt;      <br/>\n&gt;<br/>\n&gt;      <br/>\n&gt;<br/>\n&gt;     <URL url=\"https://web.facebook.com/Florianlaunettephotography/videos/168783181929832\"><LINK_TEXT text=\"https://web.facebook.com/Florianlaunett ... 3181929832\">https://web.facebook.com/Florianlaunettephotography/videos/168783181929832</LINK_TEXT></URL><br/>\n&gt;<br/>\n&gt;      <br/>\n&gt;<br/>\n&gt;     <URL url=\"https://web.facebook.com/Florianlaunettephotography/videos/2092919877391203\"><LINK_TEXT text=\"https://web.facebook.com/Florianlaunett ... 9877391203\">https://web.facebook.com/Florianlaunettephotography/videos/2092919877391203</LINK_TEXT></URL><br/>\n&gt;<br/>\n&gt;      <br/>\n&gt;<br/>\n&gt;     <URL url=\"https://web.facebook.com/Florianlaunettephotography/videos/3075759479161895\"><LINK_TEXT text=\"https://web.facebook.com/Florianlaunett ... 9479161895\">https://web.facebook.com/Florianlaunettephotography/videos/3075759479161895</LINK_TEXT></URL><br/>\n&gt;<br/>\n&gt;      <br/>\n&gt;<br/>\n&gt;     <URL url=\"https://web.facebook.com/Florianlaunettephotography/videos/355392605397358\"><LINK_TEXT text=\"https://web.facebook.com/Florianlaunett ... 2605397358\">https://web.facebook.com/Florianlaunettephotography/videos/355392605397358</LINK_TEXT></URL><br/>\n&gt;<br/>\n&gt;      <br/>\n&gt;<br/>\n&gt;      <br/>\n&gt;<br/>\n&gt;      3.tif<br/>\n&gt;<br/>\n&gt;</r>','55add2e6047c2aa2bbcf4d85ba284bb1',0,'','4too9',1,0,'',0,0,0,1,0,'',0),(212,64,41,58,0,'94.232.216.242',1651123495,0,1,1,1,1,'','Re: Przenosiny na nowy serwer','<r>tak, szczegolnie, e szybko nam si rozrasta <E>:)</E> Bedziemy przenosi, zaplanujemy to najpewniej na pitek po 15.</r>','632be415709bbf75c6e3d8e3bf483090',0,'','14qxgx5g',1,0,'',0,0,0,1,0,'',0),(213,18,15,58,0,'94.232.216.242',1651126281,0,1,1,1,1,'','Re: Tematy na Business Update MIL','<r><QUOTE author=\"Witold Hoffmann\" post_id=\"195\" time=\"1651043333\" user_id=\"63\"><s>[quote=\"Witold Hoffmann\" post_id=195 time=1651043333 user_id=63]</s>\nNowy typ sprzgw <br/>\nNowy modu GPS (typ B) i jego standaryzacja<br/>\nNowy katalog MIL -zapraszamy do kontaktu po niego<br/>\n<br/>\n...i bdzie.<br/>\n\n<e>[/quote]</e></QUOTE>\n\nWitku, byby w stanie przygotowa krtk notk techniczn na temat nowych sprzgw i moduu GPS (typ B)?<br/>\nKatalog w pdf jak ju bdzie wrzu prosz na seacraft cloud i tam podlinkujemy z Newslettera.</r>','0229d60f4147e28d8bce77d9b00be63c',0,'','147aqgl',1,0,'',0,0,0,1,0,'',0),(214,7,41,61,0,'94.232.216.242',1651128169,0,1,1,1,1,'','Re: Sugestie, pomysy, zgoszenia','<t>MOTOWIDO - nowy produkt do dodania</t>','b29d3632dd849fab76b636aef18dcb21',0,'','t0mt7vv',1,0,'',0,0,0,1,0,'',0),(215,6,20,58,0,'94.232.216.242',1651130256,0,1,1,1,1,'','Re: GO! - scenariusz filmu','<r><QUOTE author=\"Witold Hoffmann\" post_id=\"178\" time=\"1650972042\" user_id=\"63\"><s>[quote=\"Witold Hoffmann\" post_id=178 time=1650972042 user_id=63]</s>\n<br/>\nOpcja 2 - elementy tak, ale raczej w kontekcie szczcie nurkowego, a nie oglnego <E>;)</E> Czyli, ew. zestawienie/ sparowanie nieszczliwego nurka na wakacjach ktry chce poyczy skuter, ale nigdzie nie ma i potem jest nieszczliwy- musi pywa z buta <E>;)</E>, a jego kolega przylecia ze swoim GO! i spdza swietnie czas.<br/>\n\n<e>[/quote]</e></QUOTE>\n\nTen pomys ze szczeliwym i nieszczeliwym nurkiem wydaje wydaje mi si bardzo ciekawy i mona byoby go poczy z naszym wstpnym planem, a dokdniej:<br/>\n<br/>\nFilm zaczyna si o tego nieszczesliwego nurka na wakacjach, ktry nei moe nigdzie wypoyczy skutera i patrzyo na szczesliwego nurka ktry przyjecha ze swoim Go!, wtedy nastpuje taki flash back do ujc jak do tego doszo czyli caly nasz wstpny plan:<br/>\n\n<QUOTE><s>[quote]</s>- na wstpie krtko chcemy pokaza, e produkcja skutera odbywa si u nas w Kronie, bez wikszych szczegw,<br/>\n- nastpnie skuter trafia do klienta,<br/>\n- przygotowanie skutera do podry,<br/>\n- zapakowanie skutera do torby podrnej, baterie osobno do podrcznego,<br/>\n- odprawa bagaowa i kontrola (x-ray baterii) ,<br/>\n- wejcie do samolotu ze skuterem, ewentualnie ujcie samolotu i innej osoby, ktra egna/macha w stron samolotu<br/>\n- uycie skutera w fajnym miejscu, moe egzotycznym,<br/>\n- uycie skutera przez kobiet - sprzt jest lekki<e>[/quote]</e></QUOTE>\n\nWszystko to w formie takiego flashbacka, sekwencja szybkich ujc fajnie zmontowanych, po ktorych nastepuje ponownie powrot do naszego szczesliwego i nieszczesliwego nurka, szczesliwy pywa w fajnych miejscach z GO! Wtedy narracja techniczna na temat GO, zakoczenie.<br/>\n<br/>\nCo sdzicie?</r>','792282cebf0475414f810ac62e8eb4ae',0,'','3xj9op8w',1,0,'',0,0,0,1,0,'',0),(216,6,20,63,0,'85.221.240.2',1651131344,0,1,1,1,1,'','Re: GO! - scenariusz filmu','<r>...A nieszczliwy nurek, prbuje nurkowa w hotelowym basenie z emerytkami... (tylko tam dopynie bez skutera), bd ora pla (niska widoczno, goe dno) obok leakw... <E>;)</E><br/>\n<br/>\nMyl e trzeba wysa do Adama tak wizj - zobaczymy czy j poczuje / zaproponuje co bdcego skadem z z pomysw.</r>','facd6ff0eab600ffa7279f3101d5ea53',0,'','yzpti',1,0,'',0,0,0,1,0,'',0),(217,29,26,60,0,'94.232.216.242',1651131960,0,1,1,1,1,'','Re: 14-15.05.22 Nurkowe Demo Days Jaworzno, Koparki','<t>Irenka nie ma nic przeciwko, zgodzia si na wykorzystanie fotek. Pamitajcie tylko prosz o jakim oznaczeniu jej nazwiska nawet na kocu posta, bo jednak nie ma tu znaku wodnego.</t>','c458b57a8c6a24b0cf9c2e634757aae6',0,'','138f7vd',1,0,'',0,0,0,1,0,'',0),(218,29,26,58,0,'94.232.216.242',1651132538,0,1,1,1,1,'','Re: 14-15.05.22 Nurkowe Demo Days Jaworzno, Koparki','<t>wietnie, czekam ju tylko jak Marcin potwierdzi czy wypoyczanie sprzetu bedzie bezproblemowe czy z zapisami i wyl mu nasz wersj tego posta.</t>','468f8c7ec25c92c2b367f625dbc7e543',0,'','su9',1,0,'',0,0,0,1,0,'',0),(219,6,20,58,0,'94.232.216.242',1651132688,0,1,1,1,1,'','Re: GO! - scenariusz filmu','<r><QUOTE author=\"Witold Hoffmann\" post_id=\"216\" time=\"1651131344\" user_id=\"63\"><s>[quote=\"Witold Hoffmann\" post_id=216 time=1651131344 user_id=63]</s>\n...A nieszczliwy nurek, prbuje nurkowa w hotelowym basenie z emerytkami... (tylko tam dopynie bez skutera), bd ora pla (niska widoczno, goe dno) obok leakw... <E>;)</E><br/>\n\n<e>[/quote]</e></QUOTE>\n\ni tak o powstanie kolektywna historia, ktra powinna zainteresowa ogldajcych do samego koca filmu  <E>:D</E></r>','452a167881abfb1aa29c89523398655f',0,'','3km11',1,0,'',0,0,0,1,0,'',0),(220,66,23,63,0,'85.221.240.2',1651149871,0,1,1,1,1,'','Bahrajn - targi wojskowe','<r><URL url=\"https://www.bahraindefence.com\">https://www.bahraindefence.com</URL><br/>\nDostaem namiar e jest to godna uwagi impreza.</r>','0409ace5386e74ef7b20dfeef58601a2',0,'','68s1j',1,0,'',0,0,0,1,0,'',0),(221,67,23,63,0,'85.221.240.2',1651149912,0,1,1,1,1,'','USA - targi si specjalnych','<r>Jedna z gwnych imprez - warto rozway na 2023: <URL url=\"https://www.sofic.org/\">https://www.sofic.org/</URL></r>','6defbf8a2b3ed6d5f52258bc7e838572',0,'','13ya935',1,0,'',0,0,0,1,0,'',0),(222,67,23,61,0,'185.153.39.80',1651209937,0,1,1,1,1,'','Re: USA - targi si specjalnych','<t>Damianie,<br/>\ndodaj do naszego spisu w excelu.<br/>\nSzkoda, ze w tym roku o tym nie wiedzielimy i jest ju za pno.</t>','ca40fcc674bcf1dcf076df5d9b511e90',0,'','g2t8pb',1,0,'',0,0,0,1,0,'',0),(223,66,23,61,0,'185.153.39.80',1651210251,0,1,1,1,1,'','Re: Bahrajn - targi wojskowe','<t>Do dopisania do tabelki - to oczywiste.<br/>\nTrzeba si zastanowi jak tam si wystawi. Czy osobicie czy poszuka tam jakiego przedstawiciela seacrafta.<br/>\nNie wiadomo kiedy te targi bd?</t>','f545087c4dc62902d18668ca475dd612',0,'','l26nn6u',1,0,'',0,0,0,1,0,'',0),(224,66,23,58,0,'94.232.216.242',1651210841,0,1,1,1,1,'','Re: Bahrajn - targi wojskowe','<r><QUOTE><s>[quote]</s>Details of the rescheduled dates for BIDEC will be available soon.<e>[/quote]</e></QUOTE>\n\nNa chwil obecn to jedyny komunikat to, e event z 2021 zosta przeoony, a nowa data bdzie dostpna wkrtce, napisze tam czy ju co wiadomo.</r>','88fb105116058ae968d24ae98e6d7dbc',0,'','fjddf4u',1,0,'',0,0,0,1,0,'',0),(225,7,41,58,0,'94.232.216.242',1651212965,0,1,1,1,1,'','Re: Sugestie, pomysy, zgoszenia','<r>Nawizujc do wczorajszego zapytania Witka o moliwoci oznaczania postw i tematw, na forum jest w kadym wtku opcja Bookmark, mona kady interesujacy temat do ktrego chcemy wrci lub zapmieta, doda do \"ulubionych\", wtedy wskazane wtki bd w naszym profilu przypite.<br/>\n<br/>\nNa dole kadego wtku:\n<ATTACHMENT filename=\"1.jpg\" index=\"0\"><s>[attachment=0]</s>1.jpg<e>[/attachment]</e></ATTACHMENT>\n\nNastpnie oznaczone jako ulubione wtki laduj w naszym profilu:\n<ATTACHMENT filename=\"2.jpg\" index=\"1\"><s>[attachment=1]</s>2.jpg<e>[/attachment]</e></ATTACHMENT>\n\nW zakadce, tak jak na screenshocie moemy nimi zarzdza.\n<ATTACHMENT filename=\"3.jpg\" index=\"2\"><s>[attachment=2]</s>3.jpg<e>[/attachment]</e></ATTACHMENT></r>','b8ffa1255039ee410ed7ec65fd40c545',1,'','m0zk',1,0,'',0,0,0,1,0,'',0),(226,22,18,60,0,'91.196.8.186',1651217469,0,1,1,1,1,'','Re: Karty katalogowe','<r><B><s>[b]</s>Zdjcia do kart katalogowych: <e>[/b]</e></B><br/>\n<br/>\n1. Nasz fotograf ma mobilne studio i czsto robi zdjcia u klientw na miejscu. Prosi jedynie o: <br/>\n- list produktw do sfotografowania, <br/>\n- wymiary wikszych i najmniejszych przedmiotw - mniej wicej, eby wiedzia jaki sprzt ze sob zabra<br/>\n- jeli si da to kilka fotek z telefonu, eby widzia rodzaj sprztu, pozwoli mu to lepiej dobra ta i cay ekwipunek studia mobilnego<br/>\n<br/>\n2. Lista produktw do sfotografowania: <br/>\nDobrze by byo pewnie do koca przyszego tygodnia przygotowa tak list. Ustalimy co fotografujemy, a co ewentualnie bdzie w renderach. Wtedy umwimy fotografa i/lub damy zna Pawowi, eby co przygotowa.</r>','055a44fa6b5c75d902ce9e1e0dfc5755',0,'','8p1sk',1,0,'',0,0,0,1,0,'',0),(227,68,28,60,0,'91.196.8.186',1651217718,0,1,1,1,1,'','Premiera skutera GO!','<r><B><s>[b]</s>Podsumowanie dotychczasowych pomysw i ustale dot. premiery skutera GO!:<e>[/b]</e></B><br/>\n<br/>\n1. Ustalono minimum 50 sztuk skutera do 15.08.2022<br/>\n2. Oprcz filmu promocyjnego musimy przygotowa treci na stron www, ulotk, specyfikacj. <U><s>[u]</s>Zastanwmy si co jeszcze musimy przygotowa<e>[/u]</e></U>. <br/>\n3. Event promocyjny: <br/>\n- Seacraft organizuje swoje gwne wydarzenie, <br/>\n- w tym czasie lub pniej nasi partnerzy organizuj mniejsze wydarzenia,<br/>\n- do ustalenia miejsce eventu Seacraft, <br/>\n- do ustalenia lista zaproszonych partnerw na event Seacraft,<br/>\n- do ustalenia jakich partnerw poprosimy o eventy lokalne + jak moemy im pomc,<br/>\n- kontakt z Lannym z Cavecamp, eby 10.09.2022 zrobi event dedykowany skuterowi GO! podczas obozu</r>','0ceb887d6dec81e56266dfba66eedc36',0,'','30oi',1,0,'',0,0,0,1,0,'',0),(228,6,20,60,0,'91.196.8.186',1651217898,0,1,1,1,1,'','Re: GO! - scenariusz filmu','<r><B><s>[b]</s>Ustalenia po wczorajszym spotkaniu: <e>[/b]</e></B><br/>\n1. Nowy pomys na film: 3 nurkw wylatuje z jednego lotniska w 3 rne destynacje; 1 osoba typowo turystycznie np. kobieta w Egipcie, 2 freediver np. na jachcie, 3. nurek jaskiniowy. czy ich produkt. Na koniec filmu opis skutera, innowacje itp. <br/>\n2. Przel i omwi nasze pomysy z Adamem. By moe to on wybierze miejsce gdzie bdzie krci film.</r>','b2306062148694d3286818399006920b',0,'','c6gjl9gi',1,0,'',0,0,0,1,0,'',0),(229,69,54,60,0,'91.196.8.186',1651218014,0,1,1,1,1,'','Internacjonalizacja DPC','<r><B><s>[b]</s>Zgodnie z wczorajszymi ustaleniami:<e>[/b]</e></B><br/>\nBdziemy przygotowywa nowy projekt na Internacjonalizacj DPC. Zgodzilimy si na wybr 2 destynacji: Indie i Indonezja.<br/>\nW najbliszym czasie sprawdz now dokumentacj konkursow pod ktem progw na koszty marketingowe i ewentualnych zapisw militarnych. <br/>\nJeli macie inne propozycje na nowe destynacje to dajcie zna.</r>','838b3ee85b7e7dff1abbfc32d5e4e721',0,'','3eapfm',1,0,'',0,0,0,1,0,'',0),(230,48,25,60,0,'91.196.8.186',1651218083,0,1,1,1,1,'','Re: 25-26.06.2022 [REC] Handover event Cavebase','<t>Czy musimy co przygotowa na event Cavebase?</t>','a61045a6f2caa16be68424cec30290bb',0,'','9ntte',1,0,'',0,0,0,1,0,'',0),(231,69,54,61,0,'185.153.39.80',1651219312,0,1,1,1,1,'','Re: Internacjonalizacja DPC','<t>Prosz o jakie inne sensowne propozycje:<br/>\n<br/>\nIndie w trakcie - dzi WH ma wysa wzory umw dla nich<br/>\nIndonezja - te jest otwarta karta kontaktu i chyba chc kupi demo.<br/>\n<br/>\nKraje idealne, ale nie wiem czy damy rad przesun ich na sierpie...</t>','f4a8435810a124bf4fd20d07cbebda08',0,'','11eo',1,0,'',0,0,0,1,0,'',0),(232,5,23,61,0,'185.153.39.80',1651219493,0,1,1,1,1,'','Re: 7-9.06.2022 [MIL] UDT Rotterdam, Holandia','<t>Niezbdny do stoiska stojak do DPC jeszcze w fazie projektowania!<br/>\nPoganiam wszystkich ale wykonanie w terminie moe by poza naszymi moliwociami.<br/>\nIza wie o terminie i robi co w jej mocy by zamwi profile.</t>','ff8d4f15e31f8238273b8969d74b9c87',0,'','80nr2',1,0,'',0,0,0,1,0,'',0),(233,48,25,63,0,'85.221.240.2',1651220297,0,1,1,1,1,'','Re: 25-26.06.2022 [REC] Handover event Cavebase','<t>Fajnie bdzie zabra flagi do wrzucenia w tle.<br/>\n-Komunikacja z Frankiem, czy si pojawi? Czy wyle Michaela z Upstream? <br/>\n-Komunikacja z Olivierem Steinle - jako dealerem<br/>\n<br/>\nWyl dzisiaj update do Cavebasu z DW do Pauliny i Damiana.</t>','947e4e668ca6730d727c903c2734ecc7',0,'','3lar',1,0,'',0,0,0,1,0,'',0),(234,48,25,61,0,'185.153.39.80',1651220589,0,1,1,1,1,'','Re: 25-26.06.2022 [REC] Handover event Cavebase','<t>Na razie nic nie pisz! - Paulina ustali szczegy z Frankiem.<br/>\nDopiero pniej ich poinformujemy, bo jeszcze nie wiemy jak sytuacja si rozwinie.<br/>\nMusz dosta od razu konkrety.</t>','2afad93823691290e19c098ee4849b9d',0,'','he3otrjj',1,0,'',0,0,0,1,0,'',0),(235,48,25,60,0,'91.196.8.186',1651224317,0,1,1,1,1,'','Re: 25-26.06.2022 [REC] Handover event Cavebase','<t>Witek daj prosz zna o wszystkich szczegach jakie ustalae z Cavebase: <br/>\n- event ma trwa 1 czy 2 dni?<br/>\n- czy planowane byo nurkowanie?<br/>\n- gdzie ma si odby przekazanie?<br/>\n- czy Cavebase bdzie mie fotografa, ktry zrobi zdjcia z przekazania?</t>','ec0ae56f80aba8769ceaec6f86d92b80',0,'','4dnrzk',1,0,'',0,0,0,1,0,'',0),(236,68,28,61,0,'185.153.39.80',1651227030,0,1,1,1,1,'','Re: Premiera skutera GO!','<t>Proponuj:<br/>\n<br/>\nMeksyk<br/>\nSardynia<br/>\nHonoratka - ustalone z Marcinem Bramsonem<br/>\nimpreza tematyczna dla freediverw - chyba na deepspocie - tam ju mamy nasze skutery<br/>\n<br/>\nChyba w niedugim czasie trzeba ustala terminy - do lipca pewnie max.</t>','ae7987ab3aa4cf83937da9a11a37098b',0,'','27jq',1,0,'',0,0,0,1,0,'',0),(237,62,43,61,0,'185.153.39.80',1651229339,0,1,1,1,1,'','Re: Sesja zdjciowa Irena Stangieska- Czerwiec?','<t>Trzeba znale inny sposb na dobre zdjcia.<br/>\nZapomnijmy o tym, e skuter uda si dostarczy do Egiptu. Nie sdz, eby Ahmed Gabr nam w tym pomg. Ostatnio jestemy w niezbyt przyjaznych stosunkach z kilku powodw.<br/>\n<br/>\nW kadym razie nie moemy liczy na t imprez.</t>','70b61782d637d25dfeaa6908afad193e',0,'','q0df2c',1,0,'',0,0,0,1,0,'',0),(238,7,41,63,0,'85.221.240.2',1651237291,0,1,1,1,1,'','Re: Sugestie, pomysy, zgoszenia','<r>O! Co mi witao <E>;)</E> Dziki, dokadnie o to chodzio. (czyli np. jeli jest wtek gdzie chc odpowiedzie, a nie mam czasu na moment czytania --&gt; wrzuc sobie w bookmarki)</r>','2056ac28f1c0c114305920c27e4423a7',0,'','cyv2aylh',1,0,'',0,0,0,1,0,'',0),(239,66,23,63,0,'85.221.240.2',1651260819,0,1,1,1,1,'','Re: Bahrajn - targi wojskowe','<t>Z aktualnymi cenami ropy naftowej, warto przejrze podobne imprezy w innych krajach \'ropononych\'.<br/>\nKiedy bylimy w Dubaju sporo o tym byo mowy (wtedy trafilimy na okres niskich cen ropy).</t>','9c3e041f698d0f0b526d973ba9f49b29',0,'','jlpmqkm',1,0,'',0,0,0,1,0,'',0),(240,67,23,63,0,'85.221.240.2',1651260875,0,1,1,1,1,'','Re: USA - targi si specjalnych','<t>Z informacji od wizeprezesa Waterproofa- bywa ciko z miejscem, trzeba bookowa z duym wyprzedzeniem.</t>','b25f7c646e04c62025371fbc1b650a8b',0,'','4o7g',1,0,'',0,0,0,1,0,'',0),(241,48,25,63,0,'85.221.240.2',1651261097,0,1,1,1,1,'','Re: 25-26.06.2022 [REC] Handover event Cavebase','<r>Kontakt: <EMAIL email=\"steffen.burger@cavebase.de\">steffen.burger@cavebase.de</EMAIL><br/>\n<br/>\nNa chwil obecn udao si ustali dat. Na miejscu ma by wikszo teamu - nie jest w 100% ustalone to o co pytasz. Oczywicie planowane jest nurkowanie, oraz maj by osoby do robienia zdj pod wod. Warto doprecyzowa te zdjcia na sucho i generalnie plan dziaa - sugeruj zdjcia grupowe pod wod jako plan dla nich. (wiele skuterw na jednym zdjciu). <br/>\n<br/>\nOstatnia komunikacja:<br/>\n\n <QUOTE><s>[quote]</s>\nWe will discuss about 25/26.6. We reached first goal to have a date <EMOJI seq=\"1f609\" tseq=\"1f609\">&#128521;</EMOJI><br/>\n<br/>\nMaybe Nordhausen could fit, as it is allowed to drive DPV there. I will ask in our team about a favorite. Nordhausen is also very middle for each guy.<e>[/quote]</e></QUOTE>\n\nNie pisaem o aktualizacji tematu na chwil obecn.</r>','54ca5e6f7668f034d8a04c27ab70dae6',0,'','g67',1,0,'',0,0,0,1,0,'',0),(242,18,15,63,0,'85.221.240.2',1651263212,0,1,1,1,1,'','Re: Tematy na Business Update MIL','<r>-Super e udao si zaadowa zdjcie ta w konwencji MIL <E>;)</E> <br/>\n<br/>\n-Do kompilacji jest lista wysykowa... Jak moesz, dodaj wszystkich partnerw MIL. Ja sprbuj przebi si przez mojego maila i doda wszystkie osoby ktre warto tam doda. Tag wysykowy : \'Military newsletter\'.<br/>\nUwaam e warto i mona go puci rwnie wszystkim kontrahentom REC (czyli 2 listy Reseller i Distributor).  Zeby pniej jak koki z Tajwanu nie pytali czy w ogle mamy ofert militarn.<br/>\n<br/>\n-zmodyfikowaem nieco opis UDT. Czy przypadkiem logotyp nie ma niewielkiego paska na dole?<br/>\n<br/>\n-podpity link do katalogu<br/>\n<br/>\n-Opisy:<br/>\n<br/>\na) Nowy system sprzgajcy. Zdjcie mona da z newslettera styczniowego. Podlinkowabym te do: <URL url=\"https://seacraft.eu/products/accessories-and-spares/scooters-coupling-platform/\"><LINK_TEXT text=\"https://seacraft.eu/products/accessorie ... -platform/\">https://seacraft.eu/products/accessories-and-spares/scooters-coupling-platform/</LINK_TEXT></URL><br/>\n\n<QUOTE><s>[quote]</s>We are happy to introduce a new type of coupling system. It allows connecting scooters faster and easier. Modular construction allows for quick and simple conversions, as well as part replacements. In addition to this - there are two compatible connecting platforms available:<br/>\n- TUM1000 Scooters coupling platform  wide, for cargo bags or ENC3M platform (dedicated to TAC1000 and TAC2000 scooters) with<br/>\nadjustable buoyancy floats  gen. II<br/>\n- TUM1100 Scooters coupling platform  narrow (dedicated to TAC1000 and TAC2000 scooters) with adjustable buoyancy floats  gen. II<br/>\n<br/>\nDual DPV systems can be built using a chosen platform, and based on both TAC1000 and TAC2000.<br/>\n\n<e>[/quote]</e></QUOTE>\n\n-Informacja o workach transportowych moe zasadniczo ic w podobnym ksztacie (zdjcie - chyba e s ju lepsze?)<br/>\n<br/>\nTekst:\n<QUOTE><s>[quote]</s>Dry-Bag for equipment transport<br/>\nWe are happy to add a series of Dry-Bags for equipment underwater transport. It has been designed to use with DPV scooters for underwater transportation of equipment.<br/>\nThe kit includes external backpack and internal dry-chamber.  Backpack straps can be packed into dedicated pockets, for underwater carriage - to reduce entangelemnts risk.<br/>\nThe external backpack which has drainage system allowing for quick water escaping and molle system which enables to attach and carry out additional equipment. The internal dry-chamber has molle plate placed on bottom for attaching equipment. The dry-chamber has also inflation system powered by 0,5l tank, which includes corrugated inflator type \"K\" ended by valve and additional separate exhaust valve.<br/>\n<br/>\nDry-bags are available in various sizes: 40l, 60l, 80l, 120l (regular cargo packs), as well in shapes dedicated for firearms transport.<br/>\n\n<e>[/quote]</e></QUOTE>\n\n<br/>\n<br/>\nKorekta si przyda, pisane w miar na szybko.</r>','7e149ac16ccfa67ae64b9710e6210481',0,'','3xof',1,0,'',0,0,0,1,0,'',0),(243,70,26,61,0,'185.153.39.80',1651487841,0,1,1,1,1,'','18 - 21 padziernik 2022; Euronaval','<r>Temat powicony targom militarnym we Francji.<br/>\n<br/>\n<URL url=\"https://www.euronaval.fr/21/exhibitors-2022\">https://www.euronaval.fr/21/exhibitors-2022</URL><br/>\n<br/>\nBardzo dua impreza, musimy znale kogo powanego kto wystawi nasz produkt.<br/>\n\n<QUOTE><s>[quote]</s>\nI will exhibit to Eurosatory, Euronaval and Fireman congress this year. <br/>\nDo you think its possible to get from you military demo units ?<br/>\nDo you think its possible to schedule a phone/video call with you to have an update on the products to be good in front of the military ?\n<e>[/quote]</e></QUOTE>\n\nChcia to zrobi Arnaud, ale to jest zy pomys. Zwaszcza po ostatnim jego wystpie na targach.</r>','eeb92282bb46d8a3caa3185eae6406c9',0,'','5ydshbo',1,0,'',0,0,0,1,0,'',0),(244,16,9,58,0,'94.232.216.242',1651644530,0,1,1,1,1,'','Re: Aktualizacja zakadki MIL','<r>Dopisuj, aby nam nie ucieko.<br/>\n\n<QUOTE><s>[quote]</s><URL url=\"https://www.csgroup.eu/fr/technologies-innovation/projets-rd/\"><LINK_TEXT text=\"https://www.csgroup.eu/fr/technologies- ... rojets-rd/\">https://www.csgroup.eu/fr/technologies-innovation/projets-rd/</LINK_TEXT></URL><br/>\n<br/>\n<URL url=\"https://www.csgroup.eu/fr/technologies-innovation/\">https://www.csgroup.eu/fr/technologies-innovation/</URL><br/>\n<br/>\n<URL url=\"https://rtsys.eu/\">https://rtsys.eu/</URL>#<br/>\n<br/>\nMusimy rozbudowa cze MIL seacraft.eu o troch opisw w zakresie prowadzonych prac B+R. <br/>\nTakie SOCOM i inni przegldaj to i musimy si wykaza e takie projekty morskie prowadzimy i z AMW i innymi wsppracujemy, bo moe uda si kiedy pozyska zagranicznych partnerw. <br/>\n \n<e>[/quote]</e></QUOTE></r>','6d46b5342412190131ea19faf9ec9636',0,'','3a1o2',1,0,'',0,0,0,1,0,'',0),(245,12,31,58,0,'94.232.216.242',1651644893,0,1,1,1,1,'','Re: Godne uwagi tematy','<r><QUOTE><s>[quote]</s>Hi Witold, <br/>\n<br/>\nI am finally happy to share with you the project I had once mentioned to you which we have been working on for years. <br/>\n<br/>\nIn 2017, an iconic natural arch in Gozo (Malta) known as the Azure Window, collapsed. By mounting cameras and lights atop Seacraft scooters, we undertook photogrammetry of the remains, which span around 8000 square meters, and were able to reconstruct the collapse event.<br/>\n<br/>\nIt\'s in the news today, e.g. here:<br/>\n<URL url=\"https://timesofmalta.com/articles/view/this-is-how-the-azure-window-collapsed.951730\"><LINK_TEXT text=\"https://timesofmalta.com/articles/view/ ... sed.951730\">https://timesofmalta.com/articles/view/this-is-how-the-azure-window-collapsed.951730</LINK_TEXT></URL><br/>\n<br/>\nA website dedicated to the project is available at <URL url=\"http://www.dwejra.net\">http://www.dwejra.net</URL><br/>\n<br/>\nWe have also produced a video documentary which showcases the Seacraft scooters in use; this is available here: <URL url=\"https://youtu.be/39tbP-F-iSc\">https://youtu.be/39tbP-F-iSc</URL><br/>\n<br/>\nWe have a dedicated website for the project (<URL url=\"http://www.dwejra.net/azure-window/\">www.dwejra.net/azure-window/</URL>) and I have put some images for you in this Google Drive:<br/>\n<URL url=\"https://drive.google.com/drive/folders/1RqIIjcMHnz87oMotQ-_e7O60APrybmLj?usp=sharing\"><LINK_TEXT text=\"https://drive.google.com/drive/folders/ ... sp=sharing\">https://drive.google.com/drive/folders/1RqIIjcMHnz87oMotQ-_e7O60APrybmLj?usp=sharing</LINK_TEXT></URL><br/>\n<br/>\nI hope you find some of this useful, Witold! <E>:)</E><br/>\n<br/>\nBest wishes,<br/>\n<br/>\nJoseph<br/>\n\n<e>[/quote]</e></QUOTE></r>','9e82175a8e84d42469781c21639d828d',0,'','2vgqnu',1,0,'',0,0,0,1,0,'',0),(246,18,15,58,0,'94.232.216.242',1651645208,0,1,1,1,1,'','Re: Tematy na Business Update MIL','<r>Dziki z opis do sprzgw i podlinkownaie katalgou w pdf.<br/>\n<br/>\nO workach napiszemy ju w nastpnym jak bdziemy mie pozostae opcje.<br/>\n\n<QUOTE><s>[quote]</s>-Do kompilacji jest lista wysykowa... Jak moesz, dodaj wszystkich partnerw MIL. Ja sprbuj przebi si przez mojego maila i doda wszystkie osoby ktre warto tam doda. Tag wysykowy : \'Military newsletter\'.<br/>\nUwaam e warto i mona go puci rwnie wszystkim kontrahentom REC (czyli 2 listy Reseller i Distributor). Zeby pniej jak koki z Tajwanu nie pytali czy w ogle mamy ofert militarn.<e>[/quote]</e></QUOTE>\n\nZaktualizuj maile obecnych partnerw MIL;<br/>\nMoe warto ten Newsletter MIL zawsze puszcza te dla partnerw REC ?<br/>\n\n<QUOTE><s>[quote]</s>Czy przypadkiem logotyp nie ma niewielkiego paska na dole?<e>[/quote]</e></QUOTE>\n\nLogoty jest ok, ale atrybut ALT zosta pusty i wywietlao ramk podwietlenia tekstu, ju poprawione.</r>','f71200468f2d00ffd5499ee33f279998',0,'','czv42lz1',1,0,'',0,0,0,1,0,'',0),(247,24,28,58,0,'94.232.216.242',1651649813,0,1,1,1,1,'','Re: Zdjcia i materiay','<r><QUOTE><s>[quote]</s>Andrea -  <URL url=\"https://www.digitalmovie.it/\">https://www.digitalmovie.it/</URL> - jest w stanie zrobi dla nas zarwno zdjcia jak i video wysokiej jakoci GO!, zarwno studyjnie, jak i w akcji.<br/>\nW zamian za to - znika na zakup nowego skutera (jeden ma <E>;)</E>) , moliwe e 2 dla pozostaych czonkw zespou (np. Andrea Bada).<br/>\nBd wdziczny za skoordynowanie tematu na pocztku przyszego tygodnia. Mail kontaktowy: Andrea &lt;<EMAIL email=\"andrea@digitalmovie.it\">andrea@digitalmovie.it</EMAIL>&gt;\n<e>[/quote]</e></QUOTE>\n\nJeden z tematw do skoordynowania od Witka, <br/>\n<br/>\nNie mamy jeszcze fizycznie gotowych skuterw, wic moe dobrze byoby ustali kto je dostanie jako pierwszy, aby nie byo pniej niedomwie, e kto nie dosta.<br/>\n<br/>\nAndrea - 1 skuter (wyl mail z informacj, e dostanie go zgodnie z ustaleniami w tym miesiacu, poinformujemy dokadnie jak bdziemy mie gotowy skuter do wysyki) - akceptujemy jego warunki? <br/>\n<br/>\nCave Base - 1 skuter - poinformujemy ich, e wylemy zgodnei z ustaleniami na wskazany przez nich addres jak skuter bdzie gotowy.<br/>\n<br/>\nTrzeci skuter dla Ireny?</r>','e51ec4d45710b40c54b460692e010739',0,'','bpp',1,0,'',0,0,0,1,0,'',0),(248,71,34,58,0,'94.232.216.242',1651728588,0,1,1,1,1,'','Level 0+1 lista kontrahentw','<r>Lista naszych Resellerw i ProResellerw do szekolenia level 0+1<br/>\n<br/>\nEU - ProReseller - Black Duck Diving (Finlandia)<br/>\nEU - ProReseller - Multi Safety Support System - M3S (Francja)<br/>\nEU - ProReseller - Silent Explorers (Grecja)<br/>\nEU - ProReseller - Extreme Diving School (Holandia)<br/>\nEU - ProReseller - South West Technical Diving (Irlandia)<br/>\nEU - ProReseller - Duo Training Sp. z o.o (Polska)<br/>\nEU - Reseller - Oloturia sub DC (Wochy)<br/>\nOVERSEAS - ProReseller - Indigo-blue Technology Co.,LTD (Tajwan)<br/>\nOVERSEAS - ProReseller - Xtreme Deep Asia Limited (Hong Kong, Chiny)<br/>\nEU - ProReseller - Ren Melichrek s.r.o. (Czechy)<br/>\nEU - Reseller - ESSENTIAL DIVING (Francja)<br/>\nEU - Reseller - Groborz-Tauch-Technik (Niemcy)<br/>\nEU - ProReseller - TecServe UG (Niemcy)<br/>\nEU - ProReseller - Tauchshop regler-service.at Helmut Hubalek (Austria)<br/>\nEU - ProReseller - Die Tauchschule Oliver Perschke (Niemcy)<br/>\nEU - ProReseller - TecXpedition GmbH (Niemcy)<br/>\nEU - ProReseller - Sidemount explorer UG (Niemcy)<br/>\nEXPORT - ProReseller - TekForce(Ukraina)<br/>\nEU - ProReseller - Tauchshop Kwella Thomas Kwella (Niemcy)<br/>\nEU - ProReseller - SmartDive LTA (Portugalia)<br/>\nEU - ProReseller - Dykeriet AB  (Szwecja)<br/>\nEU - ProReseller - BLUE DEEP Scuba Shop (Wochy)<br/>\nEU - ProReseller - MALAGA DIVE S.L.U. (Portugalia)<br/>\n<B><s>[b]</s>EU - ProReseller - Dragor Lux (Chorawacja) umowa przygotowana do wyslania<br/>\nEXPORT - ProReseller - Nammu Tech (Wielka Brytania) - wkrtce powinni speni warunk<br/>\nEU - ProReseller - CENTRUL DE SCUFUNDRI TRANSILVANIA (Rumunia) wkrtce powinni speni warunki <e>[/b]</e></B></r>','9afe0c7f8df16aa13a1d3c4254b00b47',0,'','44yaco',1,0,'',0,0,0,1,0,'',0),(249,72,34,58,0,'94.232.216.242',1651728825,0,1,1,1,1,'','Level 2 lista kontrahentow','<t>Lista naszych dystrybutorw<br/>\n<br/>\nEU - Dystrybutor - Upstream UG (Niemcy)<br/>\nEXPORT - Dystrybutor - Safenor AS (Norwegia)<br/>\nEXPORT - Dystrybutor - Decostop GmbH (Szwajcaria)<br/>\nEXPORT - Dystrybutor - KNS Trading PTY LTD (Snorkel and Dive Safari Altona Beach) (Australia)<br/>\nEXPORT - DYSTRYBUTOR - B.M.Z Or ltd Palamida Dive Center (Izrael)<br/>\nEXPORT - DYSTRYBUTOR - Mares SSI Korea co., ltd. (Korea)<br/>\n<br/>\nMIL<br/>\nEU - Electron Progress (Bugaria)<br/>\nOVERSEAS - Aqualung Group (Tajlandia)<br/>\nOVERSEAS - Apollo Military (Vietnam)<br/>\nEXPORT - Oztekin Technical Service Equipment and Defense Industry Commerce Ltd. Comp. (Turcja)<br/>\nOVERSEAS - XR Hub (Emiraty)</t>','07b398454fb5eaeabb7f83935e85b528',0,'','e76',1,0,'',0,0,0,1,0,'',0),(250,73,55,61,0,'94.232.216.242',1651743959,0,1,1,1,1,'','Bateria lotnicza','<t>Nowy produkt:<br/>\n<br/>\nBateria Lotnicza:<br/>\nwersja 600Wh, 700Wh, 800Wh<br/>\n<br/>\nPrawdopodobnie bdzie wyceniona osobno obudowa i jeden pakiet - kady kupi sobie ile chce<br/>\n<br/>\nPlanowana seria produkcyjna - pocztek czerwca, do zdjcia bdzie za jakie dwa tygodnie<br/>\n<br/>\nTemat transportu lotniczego:<br/>\nmusi by zalepka z wtrysku - Pawe dosta zlecenie narysowania (zalepka jest planowana z wtrysku)<br/>\nwalizeczka transportowa - Iza szuka<br/>\n<br/>\nBardzo wana informacja, ktra musi znale si w instrukcji - uywane pakiety musz mie ten sam poziom naadowania. Inaczej caa bateria bdzie miaa moc tak jak ma najsabsze ogniwo.</t>','65f533f5f52fa0b8f604e6f31b4cd8cb',0,'','l2osykp',1,0,'',0,0,0,1,0,'',0),(251,74,34,63,0,'85.221.240.2',1651840163,0,1,1,1,1,'','E-learning - zasady oglne + prototyp level 0','<r>Hej<br/>\n<br/>\nSiadem nad tematami szkole kontrahentw.<br/>\nW naszej brany bdziemy si nieustannie mierzy z potrzeb edukowania, oraz egzekowania/ weryfikacji wiedzy uytkownikw. Chc zaprosi kadego osobicie na szkolenie- niestety, padniemy, a oni zapomn poow po tygodniu.<br/>\n<br/>\n Zdecydowana wikszo tematw, z uwagi na relatywn rzadko stosowania bdzie rwnie wymaga dostpnoci materiaw online/ drukowanych - by dana osoba moga np. pracowa serwisowo opierajac si 1:1 na manualu.<br/>\n<br/>\nManuale - jak wszystko - ulegaj zmianom, korektom, oraz wymylamy lepsze metody.<br/>\n<br/>\nW zwiku z tym przygotowaem oraz proponuj natpujc struktur szkole naszych kontrahentw. Na chwil obecn - opieram si tylko na szkoleniach REC, ale do MIL widz podobn struktur. <br/>\n<br/>\n1. Ukoczenie szkole i zdanie testw obowizkowe jest dla wszystkich kontrahentw:<br/>\na) szkolenie techniczne poziom 0 <br/>\nb) szkolenie marketingowe - odpowiedzialny Frank. (jest zalek/ stare szkolenie na edu)<br/>\nc) (od 2023) - coroczny update informacji technicznych i marketingowych (jeli byy zmiany) <br/>\n<br/>\n<br/>\n2. Wymagane od PRO Resellerow<br/>\na) szkolenie techniczne poziom 1  (dostpne po zdaniu poziomu 0)<br/>\nb) (od 2023) - coroczny update informacji technicznych i marketingowych (jeli byy zmiany) <br/>\n<br/>\n3. Wymagane od Dystrybutorw<br/>\na) szkolenie techniczne poziom 2 - tylko osobicie w fabryce (po zdaniu poziomu 1 online)<br/>\n<br/>\n<br/>\nDocelowo- do dodania bd moduy o ENC...<br/>\n<br/>\nTroche mylaem nad struktur moduw w Moodle i finalnie zdecydowaem si na umieszczanie treci jako \'book\' (ksika), z wanymi danymi/ linkowaniem do moduw zewntrznych (support), tak by nie zachodzia potrzeba aktualizacji np. procedury serwisowej w 2 miejsach. (a tylko na supporcie).<br/>\n<br/>\nNa: <URL url=\"https://edu.seacraft.eu\">https://edu.seacraft.eu</URL> jest ju dostpny kurs techniczny level 0. Dopinam jeszcze kilka ustawie i bd zaprasza:<br/>\n<br/>\n-Franka<br/>\n-Damiana<br/>\n-Office<br/>\n<br/>\n<br/>\nJeli nie bdzie problemw technicznych, dodamy kolejne osoby z \'wszego grona\', a nastpnie --&gt; wszyscy sprzedawcy w okrelonym terminie powinni to zaliczy. Optymalnie by zaliczali zarwno szkolenie marketingowe i techniczne w jednej komunikacji.<br/>\n<br/>\nProsz o przejrzenie caoci i uwagi, a nastpnie podejcie do egzaminw i zada.<br/>\nZdjcia moecie wgra dowolne- chc sprawdzi jak zadziaa modu oceniania i koczenia aktywnoci.</r>','3c91edc659814811313d5b2e780f1555',0,'','1816b',1,0,'',0,0,0,1,0,'',0),(252,12,31,63,0,'85.221.240.2',1651848878,0,1,1,1,1,'','Re: Godne uwagi tematy','<t>Film wyglda dobrze. Nadaje si na wikszy post tematyczny, a nawet na newsletter.<br/>\nRwnie - do sekcji \'rodowisko\' na stronie WWW.</t>','e6c880a93ba7fbe6f60a3bcf128081fd',0,'','cafj',1,0,'',0,0,0,1,0,'',0),(253,75,42,63,0,'85.221.240.2',1651849208,0,1,1,1,1,'','Dodanie kodw do naklejek na produkty','<t>Hej<br/>\nJest sugestia (uwaam e suszna) by np. na adowarkach umieszcza rwnie ich kody produktowe zgodne z naszym cennikiem. Podobnie z innymi produktami - pozwoli to na atw identyfikacj np. na cle, czy przy dostawach.<br/>\nNiepilne, ale wane.</t>','7c684e8422a6443fdd69bf7027876016',0,'','1hxgj',1,0,'',0,0,0,1,0,'',0),(254,12,31,58,0,'176.111.23.110',1651948513,0,1,1,1,1,'','Re: Godne uwagi tematy','<t>Zdecyddowanie tak, materia na 3 platformy, fb, newstletter i artykul na strone.</t>','0adb9e3f7cdd504fd5fee848713b336e',0,'','9k0ax',1,0,'',0,0,0,1,0,'',0),(255,76,37,61,0,'91.196.8.186',1652079958,0,1,1,1,1,'','Umowy','<t>Przeniosam folder MT_UMOWY do folderu MARKETING<br/>\nDokumenty do przejrzenia i umieszczenia we waciwym miejscu.</t>','566d4487999cf94e7458a1775138d1e4',0,'','3buqe',1,0,'',0,0,0,1,0,'',0),(256,75,42,61,0,'91.196.8.186',1652080110,0,1,1,1,1,'','Re: Dodanie kodw do naklejek na produkty','<t>Od kogo taka sugestia wysza?<br/>\nCzy oznaczane powinny by wszystkie produkty?<br/>\nTo bdzie kopotliwe i doda sporo pracy.</t>','221accc9474a4b194fafb1704d812fad',0,'','dusmvgz9',1,0,'',0,0,0,1,0,'',0),(257,74,34,61,0,'91.196.8.186',1652080725,0,1,1,1,1,'','Re: E-learning - zasady oglne + prototyp level 0','<t>Czy Frank wie, e ma przygotowa szkolenie marketingowe?<br/>\nJestecie w kontakcie?</t>','6e5691361c982ae197458a3fabe37ccf',0,'','srzcpa2x',1,0,'',0,0,0,1,0,'',0),(258,76,37,58,0,'94.232.216.242',1652082575,0,1,1,1,1,'','Re: Umowy','<t>Uporzdkuj je w naszej strukturze folderw.</t>','93b88c6467530275a9874fbe32807516',0,'','5c00g',1,0,'',0,0,0,1,0,'',0),(259,75,42,63,0,'85.221.240.2',1652096123,0,1,1,1,1,'','Re: Dodanie kodw do naklejek na produkty','<t>Chorwacki dealer. Mia problem z identyfikacj adowarki tylko po nazwie, cho mona je okreli po mocy to ju np. z dwoma standardami zcz adowania robi si ju 6 kombinacji.<br/>\nNa pewno nie trzeba tego robi na zamanie karku, natomiast z czasem trzeba przymyle etykietowanie produktw....</t>','0cdbadcc9000f556a12d1386ab9ff332',0,'','2fd4hz',1,0,'',0,0,0,1,0,'',0),(260,48,25,63,0,'85.221.240.2',1652096147,0,1,1,1,1,'','Re: 25-26.06.2022 [REC] Handover event Cavebase','<t>Czy kontaktowalicie si ju z nimi w tej kwestii?<br/>\nWypadaoby...</t>','5e94331d9083a93b1eaffee2ec1f1389',0,'','aplw',1,0,'',0,0,0,1,0,'',0),(261,74,34,63,0,'85.221.240.2',1652096188,0,1,1,1,1,'','Re: E-learning - zasady oglne + prototyp level 0','<t>Mwi e zrobi. Dzisiaj spytaem na kiedy i wklej co odpisze.</t>','47667bc43194f4d67add7f46e9da61fd',0,'','1gsadiq',1,0,'',0,0,0,1,0,'',0),(262,48,25,60,0,'91.196.8.186',1652097052,0,1,1,1,1,'','Re: 25-26.06.2022 [REC] Handover event Cavebase','<t>Sytuacja wyglda tak: <br/>\nPrzedyskutowalimy ostatnio form tego wydarzenia i wsplnie z Zarzdem ustalilimy, e nie bdziemy organizowa eventu. Nie potrzebujemy takiej formy promocji. Zaley nam tylko na fotkach od nich. Take nasza propozycja jest taka, eby wyznaczy im dat, np. do koca czerwca i niech oni si spotkaj, zrobi sobie zdjcia i ogosz przejcie na Seacrafta w mediach. <br/>\nPytaam te Franka czy ewentualnie on jako nasz niemiecki dealer chciaby uczestniczy w wydarzeniu, ale nie chcia. <br/>\nJeli chodzi o szkolenie serwisowe, to najlepiej bdzie si z nimi dogada, albo przyjad do Krosna, albo po prostu w innym terminie. <br/>\nNa ten moment uznalimy, e nie czujemy potrzeby odbycia z nimi takiego eventu i nasza obecno jest zbdna. W najbliszych dniach przygotuj im jak mi odpowied i sprbuj ustali szczegy, np. jakich zdj potrzebujemy itp.</t>','03b91e2a80c8a389a66bb0c8ca82d107',0,'','c1iqun5t',1,0,'',0,0,0,1,0,'',0),(264,6,20,60,0,'91.196.8.186',1652097828,0,1,1,1,1,'','Re: GO! - scenariusz filmu','<r><B><s>[b]</s>Ostateczne ustalenia dot. filmu: <e>[/b]</e></B><br/>\n<br/>\nTemat przewodni: <B><s>[b]</s>wyprawa po skarb<e>[/b]</e></B><br/>\nl. Zajawienie historii<br/>\nEkipa (mczyzna i kobieta lub wicej osb )  przygotowuje wypraw.<br/>\nLogistyka i przygotowanie.<br/>\n<br/>\nll. Rozwinicie<br/>\nTransport odzi  gdzie dowiadujemy si, e jest to wyprawa nurkowa.<br/>\nRozpoczcie nurkowania<br/>\nPoszukiwania  detektorem po piaszczystym dnie, w jaskini i we wraku<br/>\n<br/>\nOdnalezienie starej skrzyni we wraku, a w niej skarb - nowy skuter.<br/>\n<br/>\nllL. Zakoczenie <br/>\nCzas na przedstawienie skutera od strony technicznej<br/>\nWydobycie skutera na d<br/>\nPrezentacja znaleziska. ( tu moemy zademonstrowa poszczeglne elementy i skuter z tekstem lektora + infografik)<br/>\nWieczr, zachodzce soce, ognisko na play odkrywcy miej si i wznosz toast, Obok nich stoi nowy Seacraft.</r>','b705f91b63b70287b04e9568dc76bb7e',0,'','d6g5at5',1,0,'',0,0,0,1,0,'',0),(265,6,20,60,0,'91.196.8.186',1652097936,0,1,1,1,1,'','Re: GO! - scenariusz filmu','<r>W nawizaniu do powyszego pomysu na scenariusz, wielka proba od Adama: <br/>\n<br/>\nPoprosz o informacje co ma si znale w <U><s>[u]</s>czci informacyjnej o produkcie<e>[/u]</e></U>. Jakie <U><s>[u]</s>informacje techniczne<e>[/u]</e></U>?<br/>\nBo musz wiedzie ile czasu bdzie trwa tekst lektorski  i to jest pilne.<br/>\nProsz to <U><s>[u]</s>wypunktowa<e>[/u]</e></U>.<br/>\n<br/>\nNa ten moment na pewno pokaemy podr samolotem ze skuterem.</r>','9e4c7f770c01e7e300c9580f401b818b',0,'','9d93x8rm',1,0,'',0,0,0,1,0,'',0),(266,6,20,63,0,'85.221.240.2',1652100687,0,1,1,1,1,'','Re: GO! - scenariusz filmu','<r>Pomys z poszukiwaniami - fajny! Nada si!<br/>\nCzy bdziemy ujmowa transport lotniczy? Moga by to by np. droga powrotna... <E>;)</E><br/>\n<br/>\n-Informacje techniczne --&gt; powinny si pojawi rwnie jako plansza.<br/>\n<br/>\n-Max. cig statyczny (do weryfikacji jaki jest finalny)<br/>\n-Masa cakowita<br/>\n-Czas pracy z prdkoci 45m/min (do weryfikacji jaki jest finalny)<br/>\n-bateria dozwolona do transportu lotniczego (z pokazaniem moduw)<br/>\n-adowanie zewntrzne bez adnego korka adowania - bezporednio do pinw<br/>\n-ilo biegw + wsteczny<br/>\n-wywietlacz paskowy<br/>\n-Tryb sterowania Seacraft (piezo + 2 manetki i uchwyt dwurczny)<br/>\n-3 tryby pracy  (do weryfikacji, moliwe e bed 2-standard i Freediving)<br/>\n-atwe trymowanie (prezentacja/ rendery/ wizualizacja?)<br/>\n-plansza z akcesoriami --&gt; uchwyt transportowy, monta ENC, monta latarek bateryjnych (opcja)<br/>\n<br/>\nTyle bym da na pewno. Moliwe e co maego dojdzie, mona te ew. obci akcesoria i trymowanie.</r>','cba4f98a6ce3b6c60933a7ddbe20ad32',0,'','16ptgkb',1,0,'',0,0,0,1,0,'',0),(267,48,25,63,0,'85.221.240.2',1652100797,0,1,1,1,1,'','Re: 25-26.06.2022 [REC] Handover event Cavebase','<t>Porozmawia z Olivierem czy nie chciaby si pojawi jako nasz przedstawiciel?<br/>\n<br/>\nUwaam e wypada, by kto si pojawi. Moe szybki lot na miejsce eby nie jedzi?</t>','d5ab755ff139b58206342192bc1fbdaa',0,'','jlqf',1,0,'',0,0,0,1,0,'',0),(268,75,42,61,0,'185.153.39.80',1652118994,0,1,1,1,1,'','Re: Dodanie kodw do naklejek na produkty','<t>Pewnie kody kreskowe trzeba bdzie wprowadzi docelowo.</t>','049ee749629a3bc80de86433acbbae81',0,'','chlv',1,0,'',0,0,0,1,0,'',0),(269,48,25,61,0,'185.153.39.80',1652120076,0,1,1,1,1,'','Re: 25-26.06.2022 [REC] Handover event Cavebase','<t>Olivier to nie jest nasz przedstawiciel, nie wiem za bardzo co to zmieni w tej sytuacji.</t>','a2109e45506cf2edb5ed1f6b67444608',0,'','1kfsp1q',1,0,'',0,0,0,1,0,'',0),(270,77,18,58,0,'94.232.216.242',1652162949,0,1,1,1,1,'','[MIL] Brakujce zdjcia produktowe','<t>Lista brakujcych zdj produktowych Military:<br/>\n<br/>\nGM1765 - Stand TAC2000 - zarwno dla TAC1000 i TAC2000 / Future i Ghost uywamy tego samego zdjcia<br/>\nTFM1_1742 Dual scooter Tac1000 wide platform<br/>\nTGM1_1744 Dual scooter Tac2000 wide platform<br/>\nTFM2_1742 Dual scooter Tac1000 narrow platform<br/>\nTGM2_1744 Dual scooter Tac2000 narrow platform<br/>\nTFM1800 Coupling set II gen. wide platform wide platform for Tac1000<br/>\nTGM1800 Coupling set II gen. wide platform wide platform for Tac2000<br/>\nTUM1000 platform wide - jest jedno zdjecie, ale sabej jakoci<br/>\nTFM1723 Transport bracket twin front fi 160<br/>\nTFM1724 Transport bracket twin rear fi 160<br/>\nEM1824 ENC3M neutral bouyancy float<br/>\nEM1815 Foldable rigid mast with gps<br/>\nEM1734 Transport case for navigation platform (mamy, ale z pokazan zawartocia, majc fotografa na miejscu mona zrobi jeszcze pust na wzr enc3m case maej)<br/>\n<br/>\nNa bazie kart produktowych MIL takich fotek si nie doszukaem, cz brakujcych bdzie pokrywa si z REC.<br/>\nBy moe macie jeszcze gdzie zachomikowane u siebie (Witek?), to bd wdziczny za podesane lub ewentualnie sugesti ktre trzeba zrobi nowe fotki, ktre ju s nieaktualne. Na mega i synoglogy chyba wszystko przewertowaem.<br/>\n<br/>\nWszystkie coupling sets i platformy do weryfikacji.</t>','33a419ade2a53b4c03121a9fe8deebd5',0,'','9bkbt',1,0,'',0,0,0,1,0,'',0),(271,58,21,58,0,'94.232.216.242',1652163289,0,1,1,1,1,'','Re: Projekty video o Jaskiniach Sowacja, Chorwacja, Hiszpania - propozycja wsparcia','<r><QUOTE><s>[quote]</s>I appreciate your persisting interests and therefor I feel that I can be completely honest with you.<br/>\n<br/>\nI truly believe your dpvs are the best on the market. I like working with the top notch equipment and so you are the first producer I got in touch with. In fact, we could place any dpv in the videos and possibly get a sponsorship, but I, myself, wanted Seacraft for the most important reason - non of other dpvs I have tried, provides me with such capabilities in terms of shooting videos. Non of them maneuvers so smoothly and precisely to get the footage I want. This is critically important. <br/>\n  <br/>\nLike I said before, I also believe my tec/cave diving production is of the highest quality and generates a strong impact to attracts quality brands.<br/>\n<br/>\nI also understand your side in terms of costs and know that giving out 2 expensive pieces of gear may be too much too ask for.<br/>\n<br/>\nMy idea would be having your dpvs on a long/short term use free of charge, initially for 1-2 projects. After completing these projects you can decide if such an exposure brings enough benefits to continue or we give the products back. <br/>\nAs I mentioned before, the footage would be available for you to use and even if we quit our cooperation, the visual material will remain properly licenced to Seacraft for future.\n<e>[/quote]</e></QUOTE>\n\nSzuka sponsora, nie jest skonny zapaci. Interesuje i opaca nam si wypoyczenie mu 2 skuterw do 2 projektw?</r>','c5e4576d4f95484a07d041cf2562cddd',0,'','7oyhk',1,0,'',0,0,0,1,0,'',0),(272,78,28,58,0,'94.232.216.242',1652164849,0,1,1,1,1,'','Reklamy GO! na FB','<r>Warto mie na uwadze przygotowanie reklam graficznych do \"rolki\" na FB, oprcz samego filmu, ktry bdziemy promowa, reklama statyczna te bdzie potrzebna, dotychczasowa za niewielki koszt daje cakiem fajne efekty.<br/>\n<br/>\nPoniej wycite screenshoty z obecnej rolki z Future.<br/>\n\n<ATTACHMENT filename=\"fb rolka.jpg\" index=\"0\"><s>[attachment=0]</s>fb rolka.jpg<e>[/attachment]</e></ATTACHMENT>\n\nSzablony mamy, gdy pojawi si fotki z Go! w akcji, moemy kombinowa <E>:)</E></r>','71045046229a285cd745bd515643176d',1,'','16zviag',1,0,'',0,0,0,1,0,'',0),(273,6,20,60,0,'91.196.8.186',1652165335,0,1,1,1,1,'','Re: GO! - scenariusz filmu','<r>Podpytaam te Franka co on by pokaza i poniej jego propozycje: <br/>\n<br/>\n-	Magnetic drive / Silence / Very little maintenance requirements<br/>\n-	Compact, simple, and clear design  easy handling<br/>\n-	Battery suitable for flying  the ideal travel scooter (not many other brands currently offer this)<br/>\n-	Low weight of the unit  perfect for recreational divers (not sure if we should target women especially?)<br/>\n-	Variable operation modes (please clarify with Tomasz): If there will be a free diving mode, we MUST market this <EMOJI seq=\"1f609\" tseq=\"1f609\">&#128521;</EMOJI><br/>\n-	Possible use of the GO! As backup scooter for Tec divers</r>','693a1e9521284d6925bf30bfff095d60',0,'','fcdwvm7',1,0,'',0,0,0,1,0,'',0),(274,6,20,58,0,'94.232.216.242',1652165614,0,1,1,1,1,'','Re: GO! - scenariusz filmu','<r>W midzyczasie dotara do nas nasza skrzynia od Adama.<br/>\n\n<ATTACHMENT filename=\"280092293_3130145203914328_1972688013633357119_n (1).jpg\" index=\"0\"><s>[attachment=0]</s>280092293_3130145203914328_1972688013633357119_n (1).jpg<e>[/attachment]</e></ATTACHMENT>\n\nWyglda wietnie. <br/>\n<br/>\nMusimy pomylc czym j w rodku wyoy, aby osignc ten odbijajacy si efekt wiata niczym zota. <br/>\n<br/>\nPomysy? <E>:)</E></r>','4a67dc0823227d54e9a9bffb54294f58',1,'','5z7sar86',1,0,'',0,0,0,1,0,'',0),(275,6,20,61,0,'94.232.216.242',1652165829,0,1,1,1,1,'','Re: GO! - scenariusz filmu','<r>Skrzynia przyjechaa do Krosna i jest rodem Piratw z Karaibw  <E>:D</E> <br/>\nPaulino, zapytaj Adama czy ta tkanina bdzie ok.<br/>\nMoim zdaniem nadaje si idealnie.<br/>\n<br/>\n<URL url=\"https://www.tkaniny.net/63-06508-011_aksamit-elastyczny-zloto.html?gclid=CjwKCAjw9-KTBhBcEiwAr19ig_0uUpQjeTbFjYCvuASTa0BsfvUj5ge888gStJdRUbO7WiIvCMIY2hoC8mQQAvD_BwE\"><LINK_TEXT text=\"https://www.tkaniny.net/63-06508-011_ak ... mQQAvD_BwE\">https://www.tkaniny.net/63-06508-011_aksamit-elastyczny-zloto.html?gclid=CjwKCAjw9-KTBhBcEiwAr19ig_0uUpQjeTbFjYCvuASTa0BsfvUj5ge888gStJdRUbO7WiIvCMIY2hoC8mQQAvD_BwE</LINK_TEXT></URL></r>','cc43e1e7a16060529aeb49715a89245f',0,'','1ak3',1,0,'',0,0,0,1,0,'',0),(276,6,20,61,0,'94.232.216.242',1652165938,0,1,1,1,1,'','Re: GO! - scenariusz filmu','<r><URL url=\"https://kucmar.pl/product-pol-13600-Organza-brokatowa-zlota-36cm-rolka-9m-ORG-019.html?utm_source=iai_ads&amp;utm_medium=google_shopping\"><LINK_TEXT text=\"https://kucmar.pl/product-pol-13600-Org ... e_shopping\">https://kucmar.pl/product-pol-13600-Organza-brokatowa-zlota-36cm-rolka-9m-ORG-019.html?utm_source=iai_ads&amp;utm_medium=google_shopping</LINK_TEXT></URL><br/>\n<br/>\ni troch tego moe</r>','da7972a59f6b3a610f69bc087d838e4c',0,'','17h92b',1,0,'',0,0,0,1,0,'',0),(277,48,25,63,0,'85.221.240.2',1652171275,0,1,1,1,1,'','Re: 25-26.06.2022 [REC] Handover event Cavebase','<t>Jako Reseller - rwnie jest lokalnym przedstawicielem Seacrafta.<br/>\n<br/>\nPaulino - czy chcesz do nich napisa, czy ja mam to zrobi? Wypadaoby da zna dzisiaj/ jutro...</t>','bb73b6f78cc35fc02434b116e31285b0',0,'','3m0r1m',1,0,'',0,0,0,1,0,'',0),(278,6,20,63,0,'85.221.240.2',1652171718,0,1,1,1,1,'','Re: GO! - scenariusz filmu','<r><URL url=\"https://allegro.pl/oferta/zlote-monety-do-gier-i-zabaw-zetony-144-szt-poker-12114721168\"><LINK_TEXT text=\"https://allegro.pl/oferta/zlote-monety- ... 2114721168\">https://allegro.pl/oferta/zlote-monety-do-gier-i-zabaw-zetony-144-szt-poker-12114721168</LINK_TEXT></URL><br/>\nNie wiem jak z pywalnoci, mona troch dorzuci (dowaone np: <URL url=\"https://allegro.pl/oferta/pasta-wolframowa-downforce-prologic-3-x-10-g-11674758909?bi_s=ads&amp;bi_m=listing%3Adesktop%3Aquery&amp;bi_c=NjNjMTk2YzQtM2VlMy00OTU0LWIxYmUtMjcxNmZiNTVlN2M1AA&amp;bi_t=ape&amp;referrer=proxy&amp;emission_unit_id=03c19f21-9f78-4aff-9841-21856fee456e\"><LINK_TEXT text=\"https://allegro.pl/oferta/pasta-wolfram ... 856fee456e\">https://allegro.pl/oferta/pasta-wolframowa-downforce-prologic-3-x-10-g-11674758909?bi_s=ads&amp;bi_m=listing%3Adesktop%3Aquery&amp;bi_c=NjNjMTk2YzQtM2VlMy00OTU0LWIxYmUtMjcxNmZiNTVlN2M1AA&amp;bi_t=ape&amp;referrer=proxy&amp;emission_unit_id=03c19f21-9f78-4aff-9841-21856fee456e</LINK_TEXT></URL> )</r>','2705848d5e3e14af2ab19fceebb94671',0,'','7mjwv',1,0,'',0,0,0,1,0,'',0),(279,58,21,63,0,'85.221.240.2',1652171873,0,1,1,1,1,'','Re: Projekty video o Jaskiniach Sowacja, Chorwacja, Hiszpania - propozycja wsparcia','<t>Myl e wypoyczenie 2 skuterw do projektw jest rozsdne (w zamian za pene prawa licencyjne). <br/>\nMimo tego, po okresie wypoyczenia, na pewno nie bdzie mg ich zatrzyma. (chyba e zdziaa cuda), natomiast trzeba by lojalnie o tym powiedzie.<br/>\n<br/>\nMamy braki w maszynach testowych, natomiast zblia si czas \'oddania\' skuterw z Deepspotu ( w zamian za 3 GO!). Czy ma lini czasu kiedy by ich potrzebowa?</t>','68b1fe8dd46fe5e3b73636d758c2872b',0,'','iwg37v8y',1,0,'',0,0,0,1,0,'',0),(280,48,25,58,0,'94.232.216.242',1652173372,0,1,1,1,1,'','Re: 25-26.06.2022 [REC] Handover event Cavebase','<t>W mailu do nich warto byoby te okreli jakie zdjcia bdziemy chcieli aby dla nas zrobili i je publikowali odnonie samego ogoszenia tego. (oni ju tam co dodaj jak docieraj do nich paczki).<br/>\n<br/>\nJednym z pomysw by post informujcy przez nich e przechodz na nasz sprzt i takie zbiorcze zdjcie gdzie wszyscy s w wodzie z naszymi skuterami na 1 ujciu.<br/>\n<br/>\nPniej kady z nich (jest ich 10) mgby publikowa w odstpach czasu jak realcj/galeri zdj w akcji ze skuterami.<br/>\n<br/>\nCo sdzicie?</t>','ae410cc814e683a31344b3382c3741e0',0,'','24gl9k',1,0,'',0,0,0,1,0,'',0),(281,7,41,58,0,'94.232.216.242',1652175159,0,1,1,1,1,'','Re: Sugestie, pomysy, zgoszenia','<t>Dzi po 17 zaplanowalimu przeniesienie Forum i jego zawartoci na nasz server. Prosz o nie dodawanie wpisw po 17.00. <br/>\n<br/>\nPodel link do przeniesionego forum, jak wszystko pjdzie zgodnie z planem.</t>','1660041736cbbc471ab9e2367c97fbc5',0,'','648aj',1,0,'',0,0,0,1,0,'',0),(282,53,39,61,0,'94.232.216.242',1652345887,0,1,1,1,1,'','Re: Zmiany w kolejnej wersji cennika rec','<t>Dodaam do cennika bateri lotnicz.<br/>\n<br/>\nWitek, zerknij i przetumacz. Dodaj rwnie kartownik - Izabela wycenia.</t>','de019b4b5a96058a554d14335a77b020',0,'','903tf',1,0,'',0,0,0,1,0,'',0),(283,54,40,61,0,'91.196.8.186',1652686721,0,1,1,1,1,'','Re: Niezbdne zmiany w cenniku special','<r>Dooy do oferty tablet lub raczej laptop do ENC.<br/>\nPropozycja<br/>\nLatitude 7220<br/>\n<br/>\n<URL url=\"https://kuplaptopa.pl/product/785389/dell-rugged-7220-i7-11.6-fhd-dotyk-1000nits-16gb-512gb-ssd-gps-wifi-bt-win10pro-ip-65-mil-810-3y-nbd?gclid=CjwKCAjw7IeUBhBbEiwADhiEMb3sceCvrx9WLWyLJnzs0jZbFWI4_XDUK-_0qaRbgah92aVfiRl4YBoC5iUQAvD_BwE\"><LINK_TEXT text=\"https://kuplaptopa.pl/product/785389/de ... iUQAvD_BwE\">https://kuplaptopa.pl/product/785389/dell-rugged-7220-i7-11.6-fhd-dotyk-1000nits-16gb-512gb-ssd-gps-wifi-bt-win10pro-ip-65-mil-810-3y-nbd?gclid=CjwKCAjw7IeUBhBbEiwADhiEMb3sceCvrx9WLWyLJnzs0jZbFWI4_XDUK-_0qaRbgah92aVfiRl4YBoC5iUQAvD_BwE</LINK_TEXT></URL><br/>\n<br/>\n<br/>\nSugerowana cena kocowa:<br/>\n3780 E<br/>\n<br/>\n10% narzutu<br/>\nz czego 5% dla dystrybutora i 5% zostaje dla nas na koszty operacyjne.<br/>\n<br/>\nZauwayam, e we wzorze umowy zacznik nr 1 nie zawiera cen po ktrych sprzedajemy tylko sugerowane ceny kocowe. Chyba bdziemy musieli wszystkim wysa ten zacznik.</r>','c7a735e857d60ef076df00d788ce2a1d',0,'','76jnv',1,0,'',0,0,0,1,0,'',0);
/*!40000 ALTER TABLE `phpbb_posts` ENABLE KEYS */;
UNLOCK TABLES;

--
-- Table structure for table `phpbb_privmsgs`
--

DROP TABLE IF EXISTS `phpbb_privmsgs`;
/*!40101 SET @saved_cs_client     = @@character_set_client */;
/*!40101 SET character_set_client = utf8 */;
CREATE TABLE `phpbb_privmsgs` (
  `msg_id` int(10) unsigned NOT NULL AUTO_INCREMENT,
  `root_level` mediumint(8) unsigned NOT NULL DEFAULT 0,
  `author_id` int(10) unsigned NOT NULL DEFAULT 0,
  `icon_id` mediumint(8) unsigned NOT NULL DEFAULT 0,
  `author_ip` varchar(40) COLLATE utf8_bin NOT NULL DEFAULT '',
  `message_time` int(11) unsigned NOT NULL DEFAULT 0,
  `enable_bbcode` tinyint(1) unsigned NOT NULL DEFAULT 1,
  `enable_smilies` tinyint(1) unsigned NOT NULL DEFAULT 1,
  `enable_magic_url` tinyint(1) unsigned NOT NULL DEFAULT 1,
  `enable_sig` tinyint(1) unsigned NOT NULL DEFAULT 1,
  `message_subject` varchar(255) COLLATE utf8_bin NOT NULL DEFAULT '',
  `message_text` mediumtext COLLATE utf8_bin NOT NULL,
  `message_edit_reason` varchar(255) COLLATE utf8_bin NOT NULL DEFAULT '',
  `message_edit_user` int(10) unsigned NOT NULL DEFAULT 0,
  `message_attachment` tinyint(1) unsigned NOT NULL DEFAULT 0,
  `bbcode_bitfield` varchar(255) COLLATE utf8_bin NOT NULL DEFAULT '',
  `bbcode_uid` varchar(8) COLLATE utf8_bin NOT NULL DEFAULT '',
  `message_edit_time` int(11) unsigned NOT NULL DEFAULT 0,
  `message_edit_count` smallint(4) unsigned NOT NULL DEFAULT 0,
  `to_address` text COLLATE utf8_bin NOT NULL,
  `bcc_address` text COLLATE utf8_bin NOT NULL,
  `message_reported` tinyint(1) unsigned NOT NULL DEFAULT 0,
  PRIMARY KEY (`msg_id`),
  KEY `author_ip` (`author_ip`),
  KEY `message_time` (`message_time`),
  KEY `author_id` (`author_id`),
  KEY `root_level` (`root_level`)
) ENGINE=InnoDB DEFAULT CHARSET=utf8 COLLATE=utf8_bin;
/*!40101 SET character_set_client = @saved_cs_client */;

--
-- Dumping data for table `phpbb_privmsgs`
--

LOCK TABLES `phpbb_privmsgs` WRITE;
/*!40000 ALTER TABLE `phpbb_privmsgs` DISABLE KEYS */;
/*!40000 ALTER TABLE `phpbb_privmsgs` ENABLE KEYS */;
UNLOCK TABLES;

--
-- Table structure for table `phpbb_privmsgs_folder`
--

DROP TABLE IF EXISTS `phpbb_privmsgs_folder`;
/*!40101 SET @saved_cs_client     = @@character_set_client */;
/*!40101 SET character_set_client = utf8 */;
CREATE TABLE `phpbb_privmsgs_folder` (
  `folder_id` mediumint(8) unsigned NOT NULL AUTO_INCREMENT,
  `user_id` int(10) unsigned NOT NULL DEFAULT 0,
  `folder_name` varchar(255) COLLATE utf8_bin NOT NULL DEFAULT '',
  `pm_count` mediumint(8) unsigned NOT NULL DEFAULT 0,
  PRIMARY KEY (`folder_id`),
  KEY `user_id` (`user_id`)
) ENGINE=InnoDB DEFAULT CHARSET=utf8 COLLATE=utf8_bin;
/*!40101 SET character_set_client = @saved_cs_client */;

--
-- Dumping data for table `phpbb_privmsgs_folder`
--

LOCK TABLES `phpbb_privmsgs_folder` WRITE;
/*!40000 ALTER TABLE `phpbb_privmsgs_folder` DISABLE KEYS */;
/*!40000 ALTER TABLE `phpbb_privmsgs_folder` ENABLE KEYS */;
UNLOCK TABLES;

--
-- Table structure for table `phpbb_privmsgs_rules`
--

DROP TABLE IF EXISTS `phpbb_privmsgs_rules`;
/*!40101 SET @saved_cs_client     = @@character_set_client */;
/*!40101 SET character_set_client = utf8 */;
CREATE TABLE `phpbb_privmsgs_rules` (
  `rule_id` mediumint(8) unsigned NOT NULL AUTO_INCREMENT,
  `user_id` int(10) unsigned NOT NULL DEFAULT 0,
  `rule_check` mediumint(8) unsigned NOT NULL DEFAULT 0,
  `rule_connection` mediumint(8) unsigned NOT NULL DEFAULT 0,
  `rule_string` varchar(255) COLLATE utf8_bin NOT NULL DEFAULT '',
  `rule_user_id` int(10) unsigned NOT NULL DEFAULT 0,
  `rule_group_id` mediumint(8) unsigned NOT NULL DEFAULT 0,
  `rule_action` mediumint(8) unsigned NOT NULL DEFAULT 0,
  `rule_folder_id` int(11) NOT NULL DEFAULT 0,
  PRIMARY KEY (`rule_id`),
  KEY `user_id` (`user_id`)
) ENGINE=InnoDB DEFAULT CHARSET=utf8 COLLATE=utf8_bin;
/*!40101 SET character_set_client = @saved_cs_client */;

--
-- Dumping data for table `phpbb_privmsgs_rules`
--

LOCK TABLES `phpbb_privmsgs_rules` WRITE;
/*!40000 ALTER TABLE `phpbb_privmsgs_rules` DISABLE KEYS */;
/*!40000 ALTER TABLE `phpbb_privmsgs_rules` ENABLE KEYS */;
UNLOCK TABLES;

--
-- Table structure for table `phpbb_privmsgs_to`
--

DROP TABLE IF EXISTS `phpbb_privmsgs_to`;
/*!40101 SET @saved_cs_client     = @@character_set_client */;
/*!40101 SET character_set_client = utf8 */;
CREATE TABLE `phpbb_privmsgs_to` (
  `msg_id` int(10) unsigned NOT NULL DEFAULT 0,
  `user_id` int(10) unsigned NOT NULL DEFAULT 0,
  `author_id` int(10) unsigned NOT NULL DEFAULT 0,
  `pm_deleted` tinyint(1) unsigned NOT NULL DEFAULT 0,
  `pm_new` tinyint(1) unsigned NOT NULL DEFAULT 1,
  `pm_unread` tinyint(1) unsigned NOT NULL DEFAULT 1,
  `pm_replied` tinyint(1) unsigned NOT NULL DEFAULT 0,
  `pm_marked` tinyint(1) unsigned NOT NULL DEFAULT 0,
  `pm_forwarded` tinyint(1) unsigned NOT NULL DEFAULT 0,
  `folder_id` int(11) NOT NULL DEFAULT 0,
  KEY `msg_id` (`msg_id`),
  KEY `author_id` (`author_id`),
  KEY `usr_flder_id` (`user_id`,`folder_id`)
) ENGINE=InnoDB DEFAULT CHARSET=utf8 COLLATE=utf8_bin;
/*!40101 SET character_set_client = @saved_cs_client */;

--
-- Dumping data for table `phpbb_privmsgs_to`
--

LOCK TABLES `phpbb_privmsgs_to` WRITE;
/*!40000 ALTER TABLE `phpbb_privmsgs_to` DISABLE KEYS */;
/*!40000 ALTER TABLE `phpbb_privmsgs_to` ENABLE KEYS */;
UNLOCK TABLES;

--
-- Table structure for table `phpbb_profile_fields`
--

DROP TABLE IF EXISTS `phpbb_profile_fields`;
/*!40101 SET @saved_cs_client     = @@character_set_client */;
/*!40101 SET character_set_client = utf8 */;
CREATE TABLE `phpbb_profile_fields` (
  `field_id` mediumint(8) unsigned NOT NULL AUTO_INCREMENT,
  `field_name` varchar(255) COLLATE utf8_bin NOT NULL DEFAULT '',
  `field_type` varchar(100) COLLATE utf8_bin NOT NULL DEFAULT '',
  `field_ident` varchar(20) COLLATE utf8_bin NOT NULL DEFAULT '',
  `field_length` varchar(20) COLLATE utf8_bin NOT NULL DEFAULT '',
  `field_minlen` varchar(255) COLLATE utf8_bin NOT NULL DEFAULT '',
  `field_maxlen` varchar(255) COLLATE utf8_bin NOT NULL DEFAULT '',
  `field_novalue` varchar(255) COLLATE utf8_bin NOT NULL DEFAULT '',
  `field_default_value` varchar(255) COLLATE utf8_bin NOT NULL DEFAULT '',
  `field_validation` varchar(64) COLLATE utf8_bin NOT NULL DEFAULT '',
  `field_required` tinyint(1) unsigned NOT NULL DEFAULT 0,
  `field_show_on_reg` tinyint(1) unsigned NOT NULL DEFAULT 0,
  `field_hide` tinyint(1) unsigned NOT NULL DEFAULT 0,
  `field_no_view` tinyint(1) unsigned NOT NULL DEFAULT 0,
  `field_active` tinyint(1) unsigned NOT NULL DEFAULT 0,
  `field_order` mediumint(8) unsigned NOT NULL DEFAULT 0,
  `field_show_profile` tinyint(1) unsigned NOT NULL DEFAULT 0,
  `field_show_on_vt` tinyint(1) unsigned NOT NULL DEFAULT 0,
  `field_show_novalue` tinyint(1) unsigned NOT NULL DEFAULT 0,
  `field_show_on_pm` tinyint(1) unsigned NOT NULL DEFAULT 0,
  `field_show_on_ml` tinyint(1) unsigned NOT NULL DEFAULT 0,
  `field_is_contact` tinyint(1) unsigned NOT NULL DEFAULT 0,
  `field_contact_desc` varchar(255) COLLATE utf8_bin NOT NULL DEFAULT '',
  `field_contact_url` varchar(255) COLLATE utf8_bin NOT NULL DEFAULT '',
  PRIMARY KEY (`field_id`),
  KEY `fld_type` (`field_type`),
  KEY `fld_ordr` (`field_order`)
) ENGINE=InnoDB AUTO_INCREMENT=11 DEFAULT CHARSET=utf8 COLLATE=utf8_bin;
/*!40101 SET character_set_client = @saved_cs_client */;

--
-- Dumping data for table `phpbb_profile_fields`
--

LOCK TABLES `phpbb_profile_fields` WRITE;
/*!40000 ALTER TABLE `phpbb_profile_fields` DISABLE KEYS */;
INSERT INTO `phpbb_profile_fields` VALUES (1,'phpbb_location','profilefields.type.string','phpbb_location','20','2','100','','','.*',0,0,0,0,1,1,1,1,0,1,1,0,'',''),(2,'phpbb_website','profilefields.type.url','phpbb_website','40','12','255','','','',0,0,0,0,1,2,1,1,0,1,1,1,'VISIT_WEBSITE','%s'),(3,'phpbb_interests','profilefields.type.text','phpbb_interests','3|30','2','500','','','.*',0,0,0,0,0,3,1,0,0,0,0,0,'',''),(4,'phpbb_occupation','profilefields.type.text','phpbb_occupation','3|30','2','500','','','.*',0,0,0,0,0,4,1,0,0,0,0,0,'',''),(5,'phpbb_icq','profilefields.type.string','phpbb_icq','20','3','15','','','[0-9]+',0,0,0,0,0,6,1,1,0,1,1,1,'SEND_ICQ_MESSAGE','https://www.icq.com/people/%s/'),(6,'phpbb_yahoo','profilefields.type.string','phpbb_yahoo','40','5','255','','','.*',0,0,0,0,0,8,1,1,0,1,1,1,'SEND_YIM_MESSAGE','ymsgr:sendim?%s'),(7,'phpbb_facebook','profilefields.type.string','phpbb_facebook','20','5','50','','','[\\w.]+',0,0,0,0,1,9,1,1,0,1,1,1,'VIEW_FACEBOOK_PROFILE','http://facebook.com/%s/'),(8,'phpbb_twitter','profilefields.type.string','phpbb_twitter','20','1','15','','','[\\w_]+',0,0,0,0,1,10,1,1,0,1,1,1,'VIEW_TWITTER_PROFILE','http://twitter.com/%s'),(9,'phpbb_skype','profilefields.type.string','phpbb_skype','20','6','32','','','[a-zA-Z][\\w\\.,\\-_]+',0,0,0,0,1,11,1,1,0,1,1,1,'VIEW_SKYPE_PROFILE','skype:%s?userinfo'),(10,'phpbb_youtube','profilefields.type.string','phpbb_youtube','20','3','60','','','[a-zA-Z][\\w\\.,\\-_]+',0,0,0,0,1,12,1,1,0,1,1,1,'VIEW_YOUTUBE_CHANNEL','http://youtube.com/user/%s');
/*!40000 ALTER TABLE `phpbb_profile_fields` ENABLE KEYS */;
UNLOCK TABLES;

--
-- Table structure for table `phpbb_profile_fields_data`
--

DROP TABLE IF EXISTS `phpbb_profile_fields_data`;
/*!40101 SET @saved_cs_client     = @@character_set_client */;
/*!40101 SET character_set_client = utf8 */;
CREATE TABLE `phpbb_profile_fields_data` (
  `user_id` int(10) unsigned NOT NULL DEFAULT 0,
  `pf_phpbb_interests` mediumtext COLLATE utf8_bin NOT NULL,
  `pf_phpbb_occupation` mediumtext COLLATE utf8_bin NOT NULL,
  `pf_phpbb_location` varchar(255) COLLATE utf8_bin NOT NULL DEFAULT '',
  `pf_phpbb_skype` varchar(255) COLLATE utf8_bin NOT NULL DEFAULT '',
  `pf_phpbb_facebook` varchar(255) COLLATE utf8_bin NOT NULL DEFAULT '',
  `pf_phpbb_icq` varchar(255) COLLATE utf8_bin NOT NULL DEFAULT '',
  `pf_phpbb_twitter` varchar(255) COLLATE utf8_bin NOT NULL DEFAULT '',
  `pf_phpbb_website` varchar(255) COLLATE utf8_bin NOT NULL DEFAULT '',
  `pf_phpbb_youtube` varchar(255) COLLATE utf8_bin NOT NULL DEFAULT '',
  `pf_phpbb_yahoo` varchar(255) COLLATE utf8_bin NOT NULL DEFAULT '',
  PRIMARY KEY (`user_id`)
) ENGINE=InnoDB DEFAULT CHARSET=utf8 COLLATE=utf8_bin;
/*!40101 SET character_set_client = @saved_cs_client */;

--
-- Dumping data for table `phpbb_profile_fields_data`
--

LOCK TABLES `phpbb_profile_fields_data` WRITE;
/*!40000 ALTER TABLE `phpbb_profile_fields_data` DISABLE KEYS */;
/*!40000 ALTER TABLE `phpbb_profile_fields_data` ENABLE KEYS */;
UNLOCK TABLES;

--
-- Table structure for table `phpbb_profile_fields_lang`
--

DROP TABLE IF EXISTS `phpbb_profile_fields_lang`;
/*!40101 SET @saved_cs_client     = @@character_set_client */;
/*!40101 SET character_set_client = utf8 */;
CREATE TABLE `phpbb_profile_fields_lang` (
  `field_id` mediumint(8) unsigned NOT NULL DEFAULT 0,
  `lang_id` mediumint(8) unsigned NOT NULL DEFAULT 0,
  `option_id` mediumint(8) unsigned NOT NULL DEFAULT 0,
  `field_type` varchar(100) COLLATE utf8_bin NOT NULL DEFAULT '',
  `lang_value` varchar(255) COLLATE utf8_bin NOT NULL DEFAULT '',
  PRIMARY KEY (`field_id`,`lang_id`,`option_id`)
) ENGINE=InnoDB DEFAULT CHARSET=utf8 COLLATE=utf8_bin;
/*!40101 SET character_set_client = @saved_cs_client */;

--
-- Dumping data for table `phpbb_profile_fields_lang`
--

LOCK TABLES `phpbb_profile_fields_lang` WRITE;
/*!40000 ALTER TABLE `phpbb_profile_fields_lang` DISABLE KEYS */;
/*!40000 ALTER TABLE `phpbb_profile_fields_lang` ENABLE KEYS */;
UNLOCK TABLES;

--
-- Table structure for table `phpbb_profile_lang`
--

DROP TABLE IF EXISTS `phpbb_profile_lang`;
/*!40101 SET @saved_cs_client     = @@character_set_client */;
/*!40101 SET character_set_client = utf8 */;
CREATE TABLE `phpbb_profile_lang` (
  `field_id` mediumint(8) unsigned NOT NULL DEFAULT 0,
  `lang_id` mediumint(8) unsigned NOT NULL DEFAULT 0,
  `lang_name` varchar(255) COLLATE utf8_bin NOT NULL DEFAULT '',
  `lang_explain` text COLLATE utf8_bin NOT NULL,
  `lang_default_value` varchar(255) COLLATE utf8_bin NOT NULL DEFAULT '',
  PRIMARY KEY (`field_id`,`lang_id`)
) ENGINE=InnoDB DEFAULT CHARSET=utf8 COLLATE=utf8_bin;
/*!40101 SET character_set_client = @saved_cs_client */;

--
-- Dumping data for table `phpbb_profile_lang`
--

LOCK TABLES `phpbb_profile_lang` WRITE;
/*!40000 ALTER TABLE `phpbb_profile_lang` DISABLE KEYS */;
INSERT INTO `phpbb_profile_lang` VALUES (1,1,'LOCATION','',''),(2,1,'WEBSITE','',''),(3,1,'INTERESTS','',''),(4,1,'OCCUPATION','',''),(5,1,'ICQ','',''),(6,1,'YAHOO','',''),(7,1,'FACEBOOK','',''),(8,1,'TWITTER','',''),(9,1,'SKYPE','',''),(10,1,'YOUTUBE','','');
/*!40000 ALTER TABLE `phpbb_profile_lang` ENABLE KEYS */;
UNLOCK TABLES;

--
-- Table structure for table `phpbb_ranks`
--

DROP TABLE IF EXISTS `phpbb_ranks`;
/*!40101 SET @saved_cs_client     = @@character_set_client */;
/*!40101 SET character_set_client = utf8 */;
CREATE TABLE `phpbb_ranks` (
  `rank_id` mediumint(8) unsigned NOT NULL AUTO_INCREMENT,
  `rank_title` varchar(255) COLLATE utf8_bin NOT NULL DEFAULT '',
  `rank_min` mediumint(8) unsigned NOT NULL DEFAULT 0,
  `rank_special` tinyint(1) unsigned NOT NULL DEFAULT 0,
  `rank_image` varchar(255) COLLATE utf8_bin NOT NULL DEFAULT '',
  PRIMARY KEY (`rank_id`)
) ENGINE=InnoDB AUTO_INCREMENT=2 DEFAULT CHARSET=utf8 COLLATE=utf8_bin;
/*!40101 SET character_set_client = @saved_cs_client */;

--
-- Dumping data for table `phpbb_ranks`
--

LOCK TABLES `phpbb_ranks` WRITE;
/*!40000 ALTER TABLE `phpbb_ranks` DISABLE KEYS */;
INSERT INTO `phpbb_ranks` VALUES (1,'Site Admin',0,1,'');
/*!40000 ALTER TABLE `phpbb_ranks` ENABLE KEYS */;
UNLOCK TABLES;

--
-- Table structure for table `phpbb_reports`
--

DROP TABLE IF EXISTS `phpbb_reports`;
/*!40101 SET @saved_cs_client     = @@character_set_client */;
/*!40101 SET character_set_client = utf8 */;
CREATE TABLE `phpbb_reports` (
  `report_id` int(10) unsigned NOT NULL AUTO_INCREMENT,
  `reason_id` smallint(4) unsigned NOT NULL DEFAULT 0,
  `post_id` int(10) unsigned NOT NULL DEFAULT 0,
  `user_id` int(10) unsigned NOT NULL DEFAULT 0,
  `user_notify` tinyint(1) unsigned NOT NULL DEFAULT 0,
  `report_closed` tinyint(1) unsigned NOT NULL DEFAULT 0,
  `report_time` int(11) unsigned NOT NULL DEFAULT 0,
  `report_text` mediumtext COLLATE utf8_bin NOT NULL,
  `pm_id` int(10) unsigned NOT NULL DEFAULT 0,
  `reported_post_enable_bbcode` tinyint(1) unsigned NOT NULL DEFAULT 1,
  `reported_post_enable_smilies` tinyint(1) unsigned NOT NULL DEFAULT 1,
  `reported_post_enable_magic_url` tinyint(1) unsigned NOT NULL DEFAULT 1,
  `reported_post_text` mediumtext COLLATE utf8_bin NOT NULL,
  `reported_post_uid` varchar(8) COLLATE utf8_bin NOT NULL DEFAULT '',
  `reported_post_bitfield` varchar(255) COLLATE utf8_bin NOT NULL DEFAULT '',
  PRIMARY KEY (`report_id`),
  KEY `post_id` (`post_id`),
  KEY `pm_id` (`pm_id`)
) ENGINE=InnoDB DEFAULT CHARSET=utf8 COLLATE=utf8_bin;
/*!40101 SET character_set_client = @saved_cs_client */;

--
-- Dumping data for table `phpbb_reports`
--

LOCK TABLES `phpbb_reports` WRITE;
/*!40000 ALTER TABLE `phpbb_reports` DISABLE KEYS */;
/*!40000 ALTER TABLE `phpbb_reports` ENABLE KEYS */;
UNLOCK TABLES;

--
-- Table structure for table `phpbb_reports_reasons`
--

DROP TABLE IF EXISTS `phpbb_reports_reasons`;
/*!40101 SET @saved_cs_client     = @@character_set_client */;
/*!40101 SET character_set_client = utf8 */;
CREATE TABLE `phpbb_reports_reasons` (
  `reason_id` smallint(4) unsigned NOT NULL AUTO_INCREMENT,
  `reason_title` varchar(255) COLLATE utf8_bin NOT NULL DEFAULT '',
  `reason_description` mediumtext COLLATE utf8_bin NOT NULL,
  `reason_order` smallint(4) unsigned NOT NULL DEFAULT 0,
  PRIMARY KEY (`reason_id`)
) ENGINE=InnoDB AUTO_INCREMENT=5 DEFAULT CHARSET=utf8 COLLATE=utf8_bin;
/*!40101 SET character_set_client = @saved_cs_client */;

--
-- Dumping data for table `phpbb_reports_reasons`
--

LOCK TABLES `phpbb_reports_reasons` WRITE;
/*!40000 ALTER TABLE `phpbb_reports_reasons` DISABLE KEYS */;
INSERT INTO `phpbb_reports_reasons` VALUES (1,'warez','The post contains links to illegal or pirated software.',1),(2,'spam','The reported post has the only purpose to advertise for a website or another product.',2),(3,'off_topic','The reported post is off topic.',3),(4,'other','The reported post does not fit into any other category, please use the further information field.',4);
/*!40000 ALTER TABLE `phpbb_reports_reasons` ENABLE KEYS */;
UNLOCK TABLES;

--
-- Table structure for table `phpbb_search_results`
--

DROP TABLE IF EXISTS `phpbb_search_results`;
/*!40101 SET @saved_cs_client     = @@character_set_client */;
/*!40101 SET character_set_client = utf8 */;
CREATE TABLE `phpbb_search_results` (
  `search_key` varchar(32) COLLATE utf8_bin NOT NULL DEFAULT '',
  `search_time` int(11) unsigned NOT NULL DEFAULT 0,
  `search_keywords` mediumtext COLLATE utf8_bin NOT NULL,
  `search_authors` mediumtext COLLATE utf8_bin NOT NULL,
  PRIMARY KEY (`search_key`)
) ENGINE=InnoDB DEFAULT CHARSET=utf8 COLLATE=utf8_bin;
/*!40101 SET character_set_client = @saved_cs_client */;

--
-- Dumping data for table `phpbb_search_results`
--

LOCK TABLES `phpbb_search_results` WRITE;
/*!40000 ALTER TABLE `phpbb_search_results` DISABLE KEYS */;
/*!40000 ALTER TABLE `phpbb_search_results` ENABLE KEYS */;
UNLOCK TABLES;

--
-- Table structure for table `phpbb_search_wordlist`
--

DROP TABLE IF EXISTS `phpbb_search_wordlist`;
/*!40101 SET @saved_cs_client     = @@character_set_client */;
/*!40101 SET character_set_client = utf8 */;
CREATE TABLE `phpbb_search_wordlist` (
  `word_id` int(10) unsigned NOT NULL AUTO_INCREMENT,
  `word_text` varchar(255) COLLATE utf8_bin NOT NULL DEFAULT '',
  `word_common` tinyint(1) unsigned NOT NULL DEFAULT 0,
  `word_count` mediumint(8) unsigned NOT NULL DEFAULT 0,
  PRIMARY KEY (`word_id`),
  UNIQUE KEY `wrd_txt` (`word_text`),
  KEY `wrd_cnt` (`word_count`)
) ENGINE=InnoDB AUTO_INCREMENT=6148 DEFAULT CHARSET=utf8 COLLATE=utf8_bin;
/*!40101 SET character_set_client = @saved_cs_client */;

--
-- Dumping data for table `phpbb_search_wordlist`
--

LOCK TABLES `phpbb_search_wordlist` WRITE;
/*!40000 ALTER TABLE `phpbb_search_wordlist` DISABLE KEYS */;
INSERT INTO `phpbb_search_wordlist` VALUES (1,'this',0,10),(2,'is',0,0),(3,'an',0,0),(4,'example',0,0),(5,'post',1,21),(6,'in',0,0),(7,'your',0,8),(8,'phpbb3',0,0),(9,'installation',0,0),(10,'everything',0,0),(11,'seems',0,1),(12,'to',0,0),(13,'be',0,0),(14,'working',0,5),(15,'you',0,10),(16,'may',0,4),(17,'delete',0,0),(18,'if',0,0),(19,'like',0,5),(20,'and',1,26),(21,'continue',0,1),(22,'set',0,5),(23,'up',0,0),(24,'board',0,0),(25,'during',0,0),(26,'the',1,15),(27,'process',0,0),(28,'first',0,5),(29,'category',0,0),(30,'forum',0,6),(31,'are',0,6),(32,'assigned',0,0),(33,'appropriate',0,0),(34,'of',0,0),(35,'permissions',0,0),(36,'for',1,20),(37,'predefined',0,0),(38,'usergroups',0,0),(39,'administrators',0,0),(40,'bots',0,0),(41,'global',0,1),(42,'moderators',0,0),(43,'guests',0,0),(44,'registered',0,0),(45,'users',0,1),(46,'coppa',0,0),(47,'also',0,9),(48,'choose',0,0),(49,'do',0,0),(50,'not',0,5),(51,'forget',0,0),(52,'assign',0,0),(53,'all',0,3),(54,'these',0,3),(55,'new',0,3),(56,'categories',0,0),(57,'forums',0,0),(58,'create',0,2),(59,'it',0,0),(60,'recommended',0,0),(61,'rename',0,0),(62,'copy',0,0),(63,'from',0,8),(64,'while',0,0),(65,'creating',0,2),(66,'have',0,9),(67,'fun',0,0),(68,'welcome',0,0),(69,'temat',1,56),(70,'dotyczcy',0,1),(71,'kwietniowego',0,0),(72,'newslettera',0,3),(73,'planowana',0,3),(74,'data',0,6),(75,'wysyki',0,3),(76,'2022',1,72),(77,'zawarto',0,2),(78,'dry',0,7),(79,'bag',0,6),(80,'equipment',0,9),(81,'soon',0,2),(82,'our',0,7),(83,'range',0,0),(84,'offer',0,6),(85,'accessories',0,3),(86,'will',0,11),(87,'enriched',0,0),(88,'has',0,4),(89,'been',0,3),(90,'designed',0,2),(91,'use',0,7),(92,'with',1,16),(93,'dpv',1,13),(94,'scooters',0,7),(95,'underwater',0,3),(96,'transportation',0,1),(97,'include',0,0),(98,'external',0,1),(99,'backpack',0,1),(100,'internal',0,1),(101,'chamber',0,1),(102,'available',0,5),(103,'capacity',0,3),(104,'40l',0,2),(105,'60l',0,2),(106,'80l',0,1),(107,'volume',0,0),(108,'size',0,3),(109,'enc',1,14),(110,'mounting',0,3),(111,'guidelines',0,1),(112,'based',0,2),(113,'practical',0,0),(114,'experiences',0,0),(115,'usage',0,1),(116,'releasing',0,0),(117,'assembly',0,0),(118,'units',0,2),(119,'order',0,1),(120,'exclude',0,0),(121,'any',0,4),(122,'possibility',0,0),(123,'magnetic',0,2),(124,'interference',0,0),(125,'scooter',0,5),(126,'battery',0,5),(127,'console',0,1),(128,'should',0,2),(129,'assembled',0,0),(130,'transport',0,7),(131,'multipurpose',0,0),(132,'bracket',0,1),(133,'especially',0,1),(134,'important',0,2),(135,'ghost',0,8),(136,'significantly',0,0),(137,'bigger',0,0),(138,'batteries',0,1),(139,'very',0,3),(140,'advanced',0,0),(141,'there',0,5),(142,'interesting',0,0),(143,'observation',0,0),(144,'that',0,6),(145,'moving',0,0),(146,'integrated',0,0),(147,'imu',0,0),(148,'sensor',0,0),(149,'central',0,0),(150,'axis',0,0),(151,'allows',0,2),(152,'even',0,1),(153,'more',0,5),(154,'precise',0,0),(155,'navigation',0,2),(156,'malta',0,2),(157,'virtual',0,0),(158,'musem',0,0),(159,'photogrammetric',0,0),(160,'models',0,0),(161,'museum',0,1),(162,'team',0,3),(163,'had',0,1),(164,'increasing',0,0),(165,'challenge',0,0),(166,'due',0,1),(167,'great',0,3),(168,'depths',0,0),(169,'cultural',0,0),(170,'heritage',0,0),(171,'sites',0,1),(172,'secraft',0,1),(173,'created',0,0),(174,'custom',0,0),(175,'camera',0,1),(176,'system',0,9),(177,'which',0,6),(178,'scanning',0,0),(179,'areas',0,0),(180,'directly',0,2),(181,'below',0,3),(182,'track',0,0),(183,'easily',0,0),(184,'mounted',0,0),(185,'used',0,2),(186,'future',0,10),(187,'1000',0,1),(188,'providing',0,0),(189,'experience',0,0),(190,'public',0,0),(191,'online',0,5),(192,'where',0,1),(193,'they',0,2),(194,'present',0,2),(195,'wrecks',0,0),(196,'700',0,0),(197,'year',0,4),(198,'old',0,0),(199,'phoenician',0,0),(200,'shipwreck',0,0),(201,'world',0,2),(202,'war',0,0),(203,'surface',0,0),(204,'craft',0,0),(205,'submarines',0,0),(206,'aircraft',0,0),(207,'second',0,1),(208,'newsletter',1,19),(209,'april',0,1),(210,'cykl',1,8),(211,'publikacji',0,5),(212,'dotyczcych',0,3),(213,'cech',0,2),(214,'technologicznych',0,2),(215,'wyrniajcych',0,1),(216,'nasze',0,6),(217,'scootery',0,1),(218,'propulsion',0,2),(219,'publikacja',0,1),(220,'features',0,7),(221,'make',0,2),(222,'difference',0,1),(223,'most',0,3),(224,'unique',0,3),(225,'element',0,1),(226,'seacraft',1,41),(227,'construction',0,2),(228,'its',0,2),(229,'motor',0,2),(230,'operates',0,1),(231,'water',0,5),(232,'specially',0,1),(233,'patented',0,1),(234,'solutions',0,1),(235,'allow',0,1),(236,'complete',0,2),(237,'elimination',0,1),(238,'drive',0,4),(239,'shaft',0,1),(240,'need',0,4),(241,'unreliable',0,1),(242,'seals',0,1),(243,'gear',0,2),(244,'transmissions',0,1),(245,'other',0,6),(246,'dpvs',0,4),(247,'much',0,2),(248,'durable',0,2),(249,'resistant',0,1),(250,'workload',0,1),(251,'completely',0,2),(252,'eliminates',0,1),(253,'overheating',0,1),(254,'inside',0,3),(255,'innovative',0,1),(256,'enable',0,1),(257,'user',1,11),(258,'work',0,4),(259,'deeper',0,2),(260,'longer',0,1),(261,'greater',0,1),(262,'power',0,3),(263,'moreover',0,1),(264,'runs',0,1),(265,'almost',0,1),(266,'silently',0,1),(267,'currently',0,4),(268,'quietest',0,1),(269,'market',0,3),(270,'technology',0,5),(271,'sprzedawcy',0,3),(272,'naszych',1,21),(273,'sprzedawcw',0,1),(274,'chwil',0,8),(275,'obecn',0,6),(276,'czekamy',0,3),(277,'odpowiedzi',0,2),(278,'ankiet',0,1),(279,'jak',1,77),(280,'razie',1,10),(281,'bez',1,16),(282,'wyglda',1,14),(283,'aby',1,13),(284,'doszed',0,1),(285,'skutku',0,1),(286,'sami',0,5),(287,'bdziemy',1,24),(288,'musieli',0,3),(289,'ich',1,23),(290,'opisa',0,2),(291,'zwrci',0,3),(292,'si',1,110),(293,'nich',1,21),(294,'weryfikacj',0,1),(295,'treci',0,7),(296,'posiadamy',0,3),(297,'szablony',0,3),(298,'grafik',0,2),(299,'mapkami',0,1),(300,'kogo',0,2),(301,'powinny',0,1),(302,'przedstawi',0,1),(303,'pierwszego',0,1),(304,'moje',0,3),(305,'propozycje',0,9),(306,'poniej',0,9),(307,'upstream',0,3),(308,'niemcy',0,3),(309,'tech',0,4),(310,'usa',0,5),(311,'snorkel',0,2),(312,'dive',0,4),(313,'safari',0,7),(314,'australia',0,2),(315,'powicony',1,19),(316,'targom',0,2),(317,'militarnym',0,2),(318,'udt',1,20),(319,'gdzie',1,21),(320,'rotterdam',1,18),(321,'holania',0,1),(322,'kiedy',1,18),(323,'img',0,1),(324,'https',1,43),(325,'cdn',0,1),(326,'asp',0,1),(327,'events',0,3),(328,'client',0,1),(329,'clarion',0,1),(330,'96f66098',0,1),(331,'5056',0,1),(332,'b733',0,1),(333,'492b7f3a0e159dc7',0,1),(334,'2020',0,1),(335,'media',1,10),(336,'logos',0,2),(337,'202022',0,1),(338,'logo',1,8),(339,'20back',0,1),(340,'margin',0,1),(341,'png',0,1),(342,'mil',1,55),(343,'holandia',0,10),(344,'pomysy',1,21),(345,'dotyczce',0,2),(346,'filmu',1,30),(347,'promujcego',0,1),(348,'scenariusz',1,22),(349,'wszelkiego',0,2),(350,'rodzaju',0,2),(351,'sugestie',1,17),(352,'przemylenia',0,1),(353,'usprawenienia',0,1),(354,'ogranizacji',0,1),(355,'zgoszenia',1,13),(356,'ambasadorw',0,1),(357,'przyszociowy',0,1),(358,'ale',1,51),(359,'mona',1,32),(360,'rozway',0,2),(361,'prowadzenie',0,2),(362,'kilku',0,3),(363,'cykli',0,1),(364,'jedoczenie',0,1),(365,'przemian',0,1),(366,'sprzedawcami',0,1),(367,'eby',1,29),(368,'urozmaici',0,1),(369,'troche',0,2),(370,'publikowanych',0,1),(371,'materiaw',0,7),(372,'sdzicie',0,7),(373,'ambasadorzy',0,1),(374,'rozwaania',0,1),(375,'potencjalnej',0,1),(376,'obecnoci',0,2),(377,'nowych',0,9),(378,'kanaach',0,2),(379,'social',1,9),(380,'wychodzc',0,1),(381,'naprzeciw',0,1),(382,'dynamicznie',0,1),(383,'rozwijajcych',0,1),(384,'kanaw',0,3),(385,'warto',1,20),(386,'sizastanowi',0,0),(387,'czy',1,60),(388,'naszej',1,12),(389,'brany',0,2),(390,'uruchomi',0,1),(391,'ktry',0,1),(392,'wspomnianych',0,1),(393,'ankiecie',0,1),(394,'potrzebujemy',1,8),(395,'przeznaczony',0,4),(396,'dyskusji',0,0),(397,'zasad',0,0),(398,'prezentacji',0,2),(399,'produktu',1,12),(400,'targach',0,5),(401,'postaram',0,1),(402,'przygotowa',0,9),(403,'wytyczne',0,3),(404,'wszelkeigo',0,0),(405,'powinnimy',1,11),(406,'uwag',0,3),(407,'mile',0,0),(408,'widziane',0,0),(409,'prosze',0,1),(410,'piszcie',0,1),(411,'miao',0,0),(412,'zasady',0,3),(413,'wrzucania',0,1),(414,'ciekawych',0,3),(415,'tematw',0,11),(416,'lub',0,13),(417,'wydarze',1,9),(418,'ktrych',1,14),(419,'wspomnie',0,4),(420,'naszym',0,9),(421,'insta',0,3),(422,'jeeli',1,7),(423,'macie',0,4),(424,'jakie',1,13),(425,'ciekawe',0,3),(426,'tematy',1,25),(427,'info',0,9),(428,'dajcie',0,7),(429,'prosz',1,16),(430,'zna',1,13),(431,'godne',1,10),(432,'uwagi',1,17),(433,'dyskusje',0,1),(434,'informacj',0,6),(435,'jakie',1,16),(436,'produkty',0,13),(437,'stron',1,10),(438,'doda',0,9),(439,'usun',0,3),(440,'aktualizowa',0,2),(441,'aktualizacja',1,14),(442,'produktw',0,7),(443,'aktualizacji',0,5),(444,'stronie',0,7),(445,'uzupenienie',0,1),(446,'zakadki',0,6),(447,'musimy',0,10),(448,'informacje',0,10),(449,'koncesji',0,1),(450,'obecny',0,4),(451,'modu',0,5),(452,'prezentacja',0,5),(453,'newsw',1,8),(454,'zdecydowanie',0,4),(455,'odbiega',0,2),(456,'oczekiwa',0,1),(457,'tym',1,45),(458,'temacie',0,5),(459,'przedyskutujemy',0,2),(460,'kwestie',0,3),(461,'jego',1,15),(462,'wymiany',0,4),(463,'propozycji',0,3),(464,'zmiana',0,1),(465,'moduu',0,3),(466,'newsy',0,1),(467,'pomysw',0,6),(468,'czym',0,4),(469,'poinformowa',0,3),(470,'partnerw',0,9),(471,'militarnych',0,5),(472,'najbliszym',0,3),(473,'business',1,15),(474,'update',1,18),(475,'wysyamy',0,3),(476,'nieregularnie',0,2),(477,'gdy',0,4),(478,'chcemy',1,13),(479,'czym',0,3),(480,'istotnym',0,2),(481,'wylemy',0,3),(482,'uzbiera',0,2),(483,'kilka',0,10),(484,'propozycja',1,17),(485,'tematu',0,4),(486,'informacja',0,9),(487,'utd',0,2),(488,'czerwiec',1,14),(489,'rec',1,28),(490,'kalendarza',0,1),(491,'nurkowych',0,4),(492,'aktualny',0,1),(493,'kalendarz',0,3),(494,'rozpiska',0,1),(495,'informacjami',0,2),(496,'ktry',1,21),(497,'pojawi',0,3),(498,'dostepny',0,1),(499,'aktualizowany',0,1),(500,'pod',1,17),(501,'linkiem',0,0),(502,'url',0,4),(503,'synologydrive',0,4),(504,'marketing',1,9),(505,'targi',1,18),(506,'eventy',0,4),(507,'nurkowe',1,23),(508,'xlsx',0,1),(509,'suy',0,1),(510,'wymianie',0,1),(511,'informacji',0,5),(512,'synology',0,1),(513,'ciek',0,1),(514,'www',1,30),(515,'com',1,20),(516,'zastanowi',0,3),(517,'rodowisku',0,1),(518,'nurkw',0,5),(519,'jest',1,80),(520,'topie',0,1),(521,'planie',0,1),(522,'pracy',0,7),(523,'uwzgldnilimy',0,1),(524,'odbywaj',0,1),(525,'lipcu',0,2),(526,'oficjalnej',0,2),(527,'strony',0,9),(528,'wynika',0,1),(529,'one',0,4),(530,'czerwcu',0,1),(531,'nie',1,108),(532,'wiem',1,16),(533,'nastpia',0,1),(534,'zmian',0,5),(535,'omykowo',0,1),(536,'wpisalimy',0,1),(537,'tam',1,26),(538,'lipiec',0,4),(539,'zmianie',0,2),(540,'musz',0,9),(541,'ulec',0,2),(542,'deadliny',0,1),(543,'karty',1,28),(544,'katalogowe',1,25),(545,'katalog',0,6),(546,'inne',0,7),(547,'materiay',1,13),(548,'ktre',0,12),(549,'mie',1,20),(550,'miesic',0,2),(551,'wczeniej',0,5),(552,'ni',0,4),(553,'zakadalimy',0,1),(554,'rozmawiaem',0,2),(555,'wczorja',0,1),(556,'przedstawicielk',0,1),(557,'oficjalnego',0,2),(558,'partnera',0,4),(559,'targw',0,3),(560,'event',1,40),(561,'guide',0,1),(562,'zajmujcego',0,1),(563,'promocj',0,1),(564,'reklam',0,1),(565,'uczestnikw',0,2),(566,'oficjalnym',0,3),(567,'przewodniku',0,1),(568,'log',0,2),(569,'rozmowy',0,1),(570,'oferta',0,4),(571,'reklamowa',0,2),(572,'ktr',0,2),(573,'nam',1,17),(574,'zaoferowali',0,1),(575,'ceny',0,4),(576,'kosmiczne',0,2),(577,'gbp',0,1),(578,'umieszczenie',0,1),(579,'dobrych',0,3),(580,'reklam',0,2),(581,'obecno',0,2),(582,'publikacjach',0,1),(583,'quote',1,41),(584,'damian',0,2),(585,'thank',0,3),(586,'time',1,12),(587,'today',0,2),(588,'please',0,4),(589,'find',0,4),(590,'attached',0,1),(591,'information',0,2),(592,'discussed',0,2),(593,'sponsorship',0,2),(594,'options',0,2),(595,'option',0,2),(596,'floorplan',0,1),(597,'official',0,2),(598,'full',0,1),(599,'colour',0,1),(600,'branding',0,1),(601,'exhibitor',0,1),(602,'words',0,2),(603,'sponsored',0,1),(604,'xxx',0,1),(605,'message',0,2),(606,'saying',0,1),(607,'visit',0,3),(608,'stand',0,3),(609,'printed',0,1),(610,'directional',0,1),(611,'trail',0,1),(612,'marked',0,1),(613,'entrance',0,2),(614,'location',0,2),(615,'highlighted',0,1),(616,'page',0,3),(617,'advertisement',0,1),(618,'front',0,5),(619,'cover',0,1),(620,'gatefold',0,1),(621,'horizontal',0,1),(622,'banner',1,9),(623,'bottom',0,2),(624,'same',0,1),(625,'profile',0,2),(626,'image',0,1),(627,'upgrade',0,1),(628,'listing',0,3),(629,'995',0,1),(630,'examples',0,1),(631,'follow',0,1),(632,'across',0,1),(633,'every',0,2),(634,'editorial',0,1),(635,'profiles',0,1),(636,'section',0,1),(637,'opposite',0,1),(638,'opening',0,1),(639,'company',0,3),(640,'name',0,1),(641,'number',0,2),(642,'lists',0,1),(643,'wczeenij',0,1),(644,'kupowalimy',0,1),(645,'tego',1,26),(646,'typu',0,3),(647,'reklamy',0,3),(648,'interesuj',0,1),(649,'nas',1,26),(650,'opcje',0,5),(651,'cze',0,2),(652,'dniach',0,2),(653,'wrzenia',0,1),(654,'odbdzie',0,2),(655,'szsta',0,1),(656,'edycja',0,2),(657,'cavecamp',0,5),(658,'mexico',0,4),(659,'skontaktowaam',0,1),(660,'lannym',0,3),(661,'zwizku',0,1),(662,'maym',0,4),(663,'zainteresowaniem',0,1),(664,'czerwcow',0,1),(665,'akademi',0,1),(666,'skupiaj',0,1),(667,'100',0,3),(668,'wrzeniowym',0,1),(669,'wydarzeniu',0,2),(670,'szczegy',0,4),(671,'przekazane',0,1),(672,'przez',1,24),(673,'lanny',0,2),(674,'ego',0,1),(675,'korzyci',0,2),(676,'dla',1,48),(677,'sponsorw',0,1),(678,'promocja',0,1),(679,'sponsora',0,2),(680,'mediach',0,4),(681,'spoecznociowych',0,2),(682,'podczas',0,2),(683,'eventu',0,8),(684,'pakiet',0,2),(685,'profesjonalnych',0,1),(686,'zdj',1,17),(687,'reklama',0,2),(688,'magazynie',0,3),(689,'nurkowym',0,1),(690,'strona',0,2),(691,'zamieszczenie',0,1),(692,'koszulce',0,1),(693,'eventowej',0,1),(694,'banerze',0,2),(695,'impreza',0,5),(696,'tematyczna',0,2),(697,'wycznie',0,4),(698,'naszymi',0,4),(699,'logotypami',0,1),(700,'prezentacj',0,1),(701,'itp',0,7),(702,'wkad',0,1),(703,'1199',0,1),(704,'pokrycie',0,1),(705,'shirtw',0,2),(706,'banerw',0,1),(707,'imprezy',0,3),(708,'tematycznej',0,1),(709,'broszur',0,1),(710,'szt',0,4),(711,'przedmiotu',0,1),(712,'tematycznego',0,1),(713,'toreb',0,1),(714,'prezentowych',0,1),(715,'nagroda',0,3),(716,'gwna',0,3),(717,'losowania',0,1),(718,'nastpujce',0,1),(719,'pewno',1,16),(720,'zgadzamy',0,1),(721,'pieniny',0,1),(722,'oferujemy',0,1),(723,'torby',0,3),(724,'prezentowej',0,1),(725,'iloci',0,3),(726,'jaki',0,4),(727,'produkt',1,17),(728,'gwny',0,1),(729,'przekaemy',0,1),(730,'rozmawiaam',0,3),(731,'adamem',0,4),(732,'wasiakiem',0,1),(733,'frogtv',0,1),(734,'obiecaam',0,1),(735,'odezwa',0,1),(736,'pocztkiem',0,1),(737,'przyszego',0,5),(738,'tygodnia',0,6),(739,'pomysami',0,1),(740,'pilny',0,1),(741,'adam',0,4),(742,'moe',1,50),(743,'dziaa',0,2),(744,'koca',0,4),(745,'czerwca',0,5),(746,'ten',1,24),(747,'moment',0,6),(748,'lista',0,13),(749,'zawiera',0,3),(750,'przygotowanie',0,6),(751,'skutera',1,19),(752,'podry',0,2),(753,'zapakowanie',0,2),(754,'podrnej',0,2),(755,'odprawa',0,3),(756,'bagaowa',0,2),(757,'kontrola',0,3),(758,'wejcie',0,2),(759,'samolotu',0,3),(760,'skuterem',0,4),(761,'ewentualnie',0,8),(762,'ujcie',0,2),(763,'innej',0,2),(764,'osoby',0,10),(765,'ktra',0,9),(766,'egna',0,2),(767,'macha',0,2),(768,'uycie',0,2),(769,'fajnym',0,2),(770,'miejscu',1,17),(771,'egzotycznym',0,2),(772,'kobiet',0,2),(773,'dzieci',0,0),(774,'wpisujcie',0,1),(775,'swoje',0,3),(776,'bd',0,8),(777,'uzupenia',0,1),(778,'list',0,2),(779,'prawdopodobnie',0,6),(780,'byby',0,2),(781,'rwnie',1,27),(782,'chtny',0,1),(783,'barter',0,1),(784,'skuterowy',0,1),(785,'idealny',0,1),(786,'oraz',1,18),(787,'daty',0,4),(788,'wczy',0,1),(789,'wydarzenie',0,3),(790,'kampani',0,1),(791,'udostpni',0,1),(792,'skutery',1,17),(793,'ostatnio',0,5),(794,'uczestnicy',0,1),(795,'dostali',0,2),(796,'klucze',0,2),(797,'ksztacie',0,3),(798,'enc3',0,7),(799,'zawsze',0,7),(800,'nimi',0,8),(801,'mega',0,5),(802,'dobry',0,8),(803,'kontakt',0,6),(804,'dziaaj',0,4),(805,'maj',1,15),(806,'te',1,31),(807,'du',0,3),(808,'etyk',0,1),(809,'jakoci',0,4),(810,'robi',0,2),(811,'poszedbym',0,1),(812,'kierunku',0,1),(813,'prby',0,1),(814,'barteru',0,2),(815,'taniej',0,1),(816,'wplecenia',0,1),(817,'premiery',0,2),(818,'przygotowaniu',0,2),(819,'kart',1,10),(820,'katalogowych',0,4),(821,'bazie',0,8),(822,'katalogu',0,5),(823,'witek',1,13),(824,'przygotowa',0,3),(825,'wychodzi',0,1),(826,'tak',1,43),(827,'list',0,1),(828,'chc',0,5),(829,'tac1000',1,11),(830,'tac2000',0,6),(831,'dual',0,5),(832,'platforms',0,1),(833,'converter',0,2),(834,'light',0,2),(835,'chargers',0,0),(836,'cases',0,0),(837,'coupling',0,4),(838,'connectors',0,0),(839,'brackets',0,0),(840,'others',0,0),(841,'enc3m',0,8),(842,'dpc',0,11),(843,'co',1,27),(844,'pominaem',0,1),(845,'oczywiscie',0,1),(846,'nowoci',0,1),(847,'mogli',0,4),(848,'bezproblemowo',0,1),(849,'tworzy',0,1),(850,'dodawa',0,3),(851,'szablonu',0,2),(852,'tworz',0,1),(853,'wersja',0,9),(854,'uproszona',0,1),(855,'stylu',0,2),(856,'wdroeniu',0,1),(857,'jzyka',0,2),(858,'koreaskiego',0,1),(859,'strnie',0,1),(860,'jzyk',0,1),(861,'koreaski',0,1),(862,'hej',1,20),(863,'by',1,38),(864,'gotowe',0,3),(865,'rozesania',0,1),(866,'cavebase',1,31),(867,'kadry',0,3),(868,'techniczne',0,6),(869,'urywki',0,1),(870,'filmw',0,3),(871,'nurkami',0,1),(872,'technicznymi',0,2),(873,'samodzielnie',0,1),(874,'irena',1,12),(875,'stangierska',0,2),(876,'zdjcia',1,35),(877,'ciepych',0,1),(878,'wd',0,1),(879,'trzeba',1,28),(880,'zorganizowa',0,3),(881,'wyjazd',0,2),(882,'zapewni',0,1),(883,'modela',0,3),(884,'digitalmovie',0,3),(885,'nasza',0,3),(886,'opcja',1,13),(887,'suche',0,1),(888,'lifestyle',0,1),(889,'owe',0,1),(890,'dziewczyny',0,2),(891,'bikini',0,1),(892,'play',0,2),(893,'wanie',0,7),(894,'prosi',0,3),(895,'skuter',1,15),(896,'znik',0,1),(897,'czonka',0,1),(898,'zespou',0,2),(899,'poczy',0,3),(900,'doskonaa',0,1),(901,'jako',0,1),(902,'video',0,13),(903,'sama',0,2),(904,'sesja',1,11),(905,'equipnor',0,1),(906,'3003',0,1),(907,'2019',0,1),(908,'military',1,18),(909,'buyersguide',0,1),(910,'pdf',0,7),(911,'tych',0,9),(912,'naley',0,4),(913,'wikszoci',0,2),(914,'ustala',0,2),(915,'frankiem',0,4),(916,'bardzo',1,19),(917,'drogie',0,1),(918,'std',0,4),(919,'takie',0,8),(920,'wykupywa',0,1),(921,'popro',0,2),(922,'franka',0,9),(923,'sporzdzenie',0,1),(924,'listy',0,4),(925,'sprztu',1,23),(926,'wiedzie',0,2),(927,'formie',0,5),(928,'zamwienia',0,2),(929,'sprzt',0,10),(930,'targowy',0,2),(931,'jaka',0,2),(932,'korespondencja',0,1),(933,'plany',0,1),(934,'stoiska',0,4),(935,'redmine',0,1),(936,'podpite',0,1),(937,'plikw',0,5),(938,'edytowany',0,1),(939,'spotkaniu',0,3),(940,'zaoenia',0,2),(941,'promocyjnego',0,2),(942,'wstpie',0,2),(943,'krtko',0,2),(944,'pokaza',0,3),(945,'produkcja',0,2),(946,'odbywa',0,3),(947,'kronie',0,5),(948,'wikszych',0,3),(949,'szczegw',0,3),(950,'nastpnie',0,6),(951,'trafia',0,2),(952,'klienta',0,2),(953,'baterie',0,3),(954,'osobno',0,4),(955,'podrcznego',0,2),(956,'ray',0,2),(957,'baterii',0,2),(958,'lekki',0,2),(959,'witku',0,5),(960,'zweryfikuj',0,1),(961,'moliwo',0,6),(962,'nagrania',0,1),(963,'wstawek',0,1),(964,'poznaniu',0,2),(965,'dobrze',0,10),(966,'byoby',0,6),(967,'ustali',0,7),(968,'kto',0,5),(969,'nagra',0,1),(970,'wstawki',0,1),(971,'nurkowania',0,4),(972,'adnych',0,2),(973,'miejscach',0,4),(974,'ustalenia',0,6),(975,'skontaktuje',0,1),(976,'wypyta',0,1),(977,'moliwoci',0,4),(978,'zamian',0,4),(979,'rezygnacj',0,1),(980,'skadki',0,1),(981,'sponsorskiej',0,1),(982,'ewentualna',0,1),(983,'jeli',1,18),(984,'kartownik',0,5),(985,'zgaszanie',0,1),(986,'bdw',0,1),(987,'nieprawidowoci',0,1),(988,'przejciu',0,1),(989,'opieki',0,1),(990,'nad',0,6),(991,'stron',0,1),(992,'marcina',0,7),(993,'dowiadczylimy',0,1),(994,'problemw',0,3),(995,'linkami',0,2),(996,'sekcji',0,3),(997,'gbszej',0,1),(998,'analizie',0,1),(999,'zauwaylimy',0,1),(1000,'witkiem',0,2),(1001,'innych',0,6),(1002,'dziaajcych',0,1),(1003,'komponentw',0,1),(1004,'bd',0,2),(1005,'wejciu',0,1),(1006,'kady',0,8),(1007,'dole',0,8),(1008,'support',0,8),(1009,'portal',0,2),(1010,'kieruje',0,1),(1011,'powinna',0,2),(1012,'sam',0,5),(1013,'problem',0,7),(1014,'dotyczy',0,2),(1015,'linkw',0,2),(1016,'cennika',0,10),(1017,'prypisanych',0,1),(1018,'dolnego',0,3),(1019,'menu',0,2),(1020,'rozwizanie',0,1),(1021,'toku',0,5),(1022,'marcin',0,6),(1023,'zosta',0,6),(1024,'ju',1,39),(1025,'poinformowany',0,1),(1026,'pracuj',0,1),(1027,'zauwaycie',0,1),(1028,'jeszcze',1,24),(1029,'dziaajce',1,9),(1030,'linki',1,12),(1031,'bdy',1,9),(1032,'napiszcie',0,2),(1033,'zgasza',0,1),(1034,'marciowi',0,1),(1035,'zostay',0,5),(1036,'szybko',1,11),(1037,'zdiagnozowane',0,1),(1038,'usunite',0,2),(1039,'dodania',0,5),(1040,'nowy',1,17),(1041,'detale',0,2),(1042,'zostan',0,2),(1043,'wyprodukowane',0,2),(1044,'zoeniu',0,2),(1045,'zabra',0,5),(1046,'zrobienia',0,4),(1047,'produktowego',0,4),(1048,'wtek',0,5),(1049,'kartownikowi',0,1),(1050,'dodane',0,2),(1051,'folder',0,3),(1052,'wgraam',0,1),(1053,'czego',0,3),(1054,'zaczynalimy',0,1),(1055,'tamtym',0,1),(1056,'roku',0,6),(1057,'obowizujcy',0,1),(1058,'cennik',1,11),(1059,'militarny',0,2),(1060,'wieutki',0,1),(1061,'ukad',0,2),(1062,'musi',0,11),(1063,'oczywicie',0,7),(1064,'pionowy',0,1),(1065,'format',0,2),(1066,'daje',0,2),(1067,'sumie',0,1),(1068,'duo',0,5),(1069,'miejsca',0,3),(1070,'tre',0,6),(1071,'teraz',0,5),(1072,'czas',1,17),(1073,'szablon',0,1),(1074,'potem',0,6),(1075,'pjdziemy',0,1),(1076,'dalej',0,5),(1077,'wietnie',0,3),(1078,'bior',0,1),(1079,'zgaszaam',0,1),(1080,'damianowi',0,2),(1081,'kad',0,2),(1082,'zakadk',0,1),(1083,'learn',0,1),(1084,'okazuj',0,1),(1085,'bardziej',0,7),(1086,'rozlegy',0,1),(1087,'ambassador',0,1),(1088,'environment',0,1),(1089,'records',0,1),(1090,'exploration',0,2),(1091,'przy',1,12),(1092,'prbie',0,1),(1093,'wejsci',0,1),(1094,'podstron',0,3),(1095,'gwnego',0,1),(1096,'dziau',0,6),(1097,'wyrzuca',0,1),(1098,'404',0,1),(1099,'schematu',0,2),(1100,'gowne',0,1),(1101,'dzia',0,5),(1102,'nadrzdy',0,1),(1103,'kategoria',0,2),(1104,'podddzia',0,1),(1105,'uszkodzone',0,1),(1106,'zgoszone',0,1),(1107,'marcinowi',0,3),(1108,'kopa',0,2),(1109,'lecego',0,1),(1110,'ley',0,1),(1111,'caoci',0,3),(1112,'pisa',0,2),(1113,'postawi',0,1),(1114,'wic',0,8),(1115,'teoretycznie',0,3),(1116,'wiadomo',0,1),(1117,'dziaa',0,6),(1118,'boj',0,2),(1119,'modyfikuj',0,1),(1120,'manualnie',0,1),(1121,'zamiast',0,1),(1122,'poprawi',0,1),(1123,'ca',0,1),(1124,'funkcjonalno',0,1),(1125,'wtyczki',0,1),(1126,'zarzdza',0,1),(1127,'wersjach',0,2),(1128,'wielojzycznych',0,1),(1129,'dajemy',0,1),(1130,'poniedziaku',0,1),(1131,'trybie',0,2),(1132,'natychmiastowym',0,1),(1133,'da',0,11),(1134,'komu',0,1),(1135,'innemu',0,1),(1136,'reanimacji',0,1),(1137,'damianie',0,3),(1138,'twoje',0,2),(1139,'zdanie',0,2),(1140,'wikszo',0,4),(1141,'zostaa',0,2),(1142,'naprawiona',0,1),(1143,'niemiecka',0,1),(1144,'potestuje',0,1),(1145,'wolnej',0,3),(1146,'chwili',0,8),(1147,'rozwizany',0,1),(1148,'dostosowa',0,1),(1149,'naszego',1,18),(1150,'systemu',0,1),(1151,'komunikacji',0,4),(1152,'wydaj',0,2),(1153,'poar',0,1),(1154,'ugaszony',0,1),(1155,'warunkw',0,4),(1156,'may',0,0),(1157,'rozmowie',0,0),(1158,'damianem',0,1),(1159,'kwietnia',0,1),(1160,'witeczna',0,0),(1161,'sobota',0,0),(1162,'zwykle',0,1),(1163,'zasigi',0,0),(1164,'weekendy',0,1),(1165,'witeczne',0,0),(1166,'mniejsze',0,2),(1167,'dodatkowo',0,5),(1168,'ogromnej',0,0),(1169,'mailingu',0,0),(1170,'wysyanego',0,0),(1171,'czasie',0,5),(1172,'zagubi',0,0),(1173,'myl',0,7),(1174,'poczeka',0,0),(1175,'bdzie',1,59),(1176,'witach',0,4),(1177,'sprawdza',0,0),(1178,'bieco',0,0),(1179,'skrzynki',0,0),(1180,'niej',0,3),(1181,'cytaty',0,1),(1182,'wiadomoci',0,2),(1183,'zdzwoniem',0,1),(1184,'rubenem',0,1),(1185,'przetarg',0,2),(1186,'si',0,4),(1187,'specjalnych',0,6),(1188,'rozpisany',0,2),(1189,'bd',1,20),(1190,'osobne',0,3),(1191,'wchodzce',0,1),(1192,'skad',0,2),(1193,'oceny',0,1),(1194,'testy',0,2),(1195,'wodzie',0,6),(1196,'natomiast',0,5),(1197,'siak',0,1),(1198,'decyzyjne',0,1),(1199,'evencie',0,2),(1200,'zainteresowane',0,1),(1201,'skuterami',0,2),(1202,'jednostki',0,1),(1203,'policyjne',0,1),(1204,'moliwe',0,8),(1205,'belgia',0,1),(1206,'flamur',0,2),(1207,'go',0,3),(1208,'pywania',0,3),(1209,'sieniawie',0,1),(1210,'zamknity',0,1),(1211,'tylko',1,34),(1212,'zaproszenia',0,1),(1213,'promowany',0,1),(1214,'facebook',0,5),(1215,'gearpoint',1,15),(1216,'koordynowaem',0,1),(1217,'testw',0,4),(1218,'poczonych',0,1),(1219,'jednym',1,10),(1220,'przejazdem',0,1),(1221,'tej',1,13),(1222,'przed',0,5),(1223,'wyjciem',0,1),(1224,'przetargu',0,2),(1225,'zapraszanie',0,1),(1226,'spotkanie',0,1),(1227,'bezporednio',0,4),(1228,'producentem',0,2),(1229,'podstaw',0,2),(1230,'prawn',0,1),(1231,'wykluczenia',0,1),(1232,'odpada',0,1),(1233,'tygodnie',0,3),(1234,'prbowali',0,1),(1235,'geograficznie',0,1),(1236,'poznania',0,2),(1237,'amersfoort',0,1),(1238,'850km',0,1),(1239,'chyba',1,21),(1240,'najlepsz',0,3),(1241,'opcj',0,2),(1242,'sprztow',0,1),(1243,'wysyka',0,2),(1244,'iga',0,1),(1245,'potrzebowabym',0,1),(1246,'zamontowane',0,1),(1247,'przetwornice',0,1),(1248,'jakim',0,3),(1249,'stanie',0,4),(1250,'wizualnym',0,1),(1251,'wypalone',0,1),(1252,'wywietlacze',0,1),(1253,'zainstalowany',0,1),(1254,'soft',0,1),(1255,'itd',0,4),(1256,'magazynu',0,1),(1257,'dziaanie',0,1),(1258,'sprzg',0,1),(1259,'sprzgi',0,1),(1260,'nowymi',0,2),(1261,'uchwytami',0,1),(1262,'platformami',0,1),(1263,'wdziczny',0,3),(1264,'opcjach',0,1),(1265,'maszt',0,1),(1266,'sum',0,2),(1267,'pokazania',0,4),(1268,'flamourowi',0,1),(1269,'skoordynuj',0,2),(1270,'albinem',0,1),(1271,'dostpne',0,3),(1272,'stoy',0,2),(1273,'wystawowe',0,1),(1274,'jeden',0,6),(1275,'standard',0,2),(1276,'wszystkich',0,12),(1277,'optymalne',0,1),(1278,'stojaki',0,1),(1279,'dodatkowe',0,3),(1280,'ciekawostki',0,2),(1281,'druga',0,2),(1282,'poowa',0,1),(1283,'przynajmniej',0,3),(1284,'chodzi',0,4),(1285,'najwaniejsze',0,1),(1286,'elementy',0,5),(1287,'pakowania',0,1),(1288,'wysyane',0,1),(1289,'krosna',0,6),(1290,'pozostae',0,2),(1291,'ulotka',0,3),(1292,'ns211',0,1),(1293,'przetwonic',0,1),(1294,'ns165',0,1),(1295,'zbudowany',0,1),(1296,'szerok',0,1),(1297,'platform',0,1),(1298,'szeroka',0,1),(1299,'platforma',0,4),(1300,'sprzgajca',0,1),(1301,'nowym',0,1),(1302,'systemem',0,2),(1303,'cznie',0,3),(1304,'uchwyty',0,1),(1305,'208',0,1),(1306,'sprzgania',0,1),(1307,'komplet',0,4),(1308,'stojak',1,12),(1309,'208mm',0,1),(1310,'kabel',0,1),(1311,'wkrcany',0,1),(1312,'gniazdo',0,2),(1313,'adowania',0,4),(1314,'latarki',0,1),(1315,'sls2',0,1),(1316,'279',0,1),(1317,'przetwornic',0,1),(1318,'160mm',0,1),(1319,'gps',0,6),(1320,'mocowany',0,1),(1321,'uchwytw',0,1),(1322,'bojk',0,1),(1323,'typ',0,3),(1324,'walizce',0,1),(1325,'flaga',0,1),(1326,'koordynuje',0,1),(1327,'paulina',0,7),(1328,'special',0,7),(1329,'black',0,2),(1330,'cotton',0,1),(1331,'shirt',0,1),(1332,'print',0,2),(1333,'rozmiary',0,1),(1334,'xxl',0,1),(1335,'rozmiaru',0,3),(1336,'miliary',0,1),(1337,'hat',0,1),(1338,'unisex',0,1),(1339,'cap',0,1),(1340,'universal',0,1),(1341,'key',0,1),(1342,'klucz',0,2),(1343,'adowarka',0,1),(1344,'400w',0,1),(1345,'hermetycznego',0,1),(1346,'zcza',0,1),(1347,'usb',0,1),(1348,'charging',0,1),(1349,'outlet',0,1),(1350,'hermetic',0,1),(1351,'port',0,1),(1352,'trigger',0,1),(1353,'lock',0,1),(1354,'ponisze',0,1),(1355,'opcjonalne',0,1),(1356,'pyta',0,1),(1357,'piotra',0,4),(1358,'zwalniacz',0,2),(1359,'dostpny',0,6),(1360,'odesany',0,1),(1361,'koniec',0,5),(1362,'niewielkie',0,1),(1363,'drobiazgi',0,1),(1364,'nowe',0,4),(1365,'mocowanie',0,1),(1366,'stan',0,1),(1367,'ekran',0,2),(1368,'telewizor',0,1),(1369,'pokazywanie',0,1),(1370,'akcji',0,9),(1371,'szczeglnie',0,4),(1372,'dyspozycji',0,1),(1373,'zwyke',0,1),(1374,'180x80cm',0,1),(1375,'niskie',0,1),(1376,'lepiej',1,11),(1377,'obrusy',0,1),(1378,'tkanin',0,1),(1379,'gr',0,2),(1380,'jako',0,2),(1381,'wygldao',0,2),(1382,'zamwi',0,2),(1383,'allegro',0,3),(1384,'obrus',0,2),(1385,'diamond',0,1),(1386,'plamoodporny',0,1),(1387,'140x200',0,1),(1388,'gruby',0,1),(1389,'kolory',0,1),(1390,'11748459474',0,1),(1391,'grafit',0,1),(1392,'albo',0,6),(1393,'granat',0,1),(1394,'czarnym',0,1),(1395,'zlewaj',0,1),(1396,'estetyczne',0,1),(1397,'pomin',0,1),(1398,'zaszkodzi',0,2),(1399,'wysa',0,9),(1400,'zdjcie',0,9),(1401,'stou',0,1),(1402,'kolor',0,1),(1403,'waszym',0,1),(1404,'zdaniem',0,6),(1405,'najlepszy',0,7),(1406,'troch',1,12),(1407,'rzeczy',0,3),(1408,'mam',1,16),(1409,'teczki',0,1),(1410,'worki',0,2),(1411,'czapek',0,2),(1412,'obrusw',0,1),(1413,'rednio',0,1),(1414,'widzi',0,2),(1415,'wiszcy',0,1),(1416,'obiadowo',0,1),(1417,'mimo',0,2),(1418,'adnego',0,1),(1419,'koloru',0,1),(1420,'zakupi',0,1),(1421,'pokrowce',0,3),(1422,'pene',0,2),(1423,'wynajem',0,1),(1424,'krzesel',0,1),(1425,'118',0,1),(1426,'pokrowiec',0,5),(1427,'elastyczny',0,2),(1428,'bialy',0,1),(1429,'180x80',0,1),(1430,'podsyam',0,1),(1431,'link',0,6),(1432,'pracowniahoreca',0,2),(1433,'stol',0,3),(1434,'cateringowy',0,3),(1435,'180x75',0,2),(1436,'najlepiej',0,6),(1437,'szare',0,1),(1438,'moesz',0,3),(1439,'poprosi',0,2),(1440,'ig',0,3),(1441,'zamwia',0,1),(1442,'potrzebn',0,1),(1443,'ilo',0,3),(1444,'widz',0,1),(1445,'przeszkd',0,1),(1446,'ile',0,7),(1447,'uywa',0,1),(1448,'tytule',0,0),(1449,'nazwy',0,3),(1450,'miesica',0,1),(1451,'wtedy',0,11),(1452,'newslettery',0,1),(1453,'mogy',0,0),(1454,'nieregularne',0,0),(1455,'wyrzucimy',0,0),(1456,'nazywa',0,1),(1457,'rendery',0,5),(1458,'przyszo',0,2),(1459,'dam',0,2),(1460,'bartkowi',0,1),(1461,'wykonania',0,2),(1462,'hurtem',0,1),(1463,'potrwa',0,1),(1464,'wieki',0,1),(1465,'przydayby',0,1),(1466,'mamy',1,28),(1467,'takich',0,5),(1468,'czystych',0,1),(1469,'made',0,1),(1470,'explore',0,1),(1471,'zamwiem',0,1),(1472,'kart',0,1),(1473,'wysyk',0,1),(1474,'poz',0,1),(1475,'wietny',0,1),(1476,'dziki',0,6),(1477,'namiar',0,2),(1478,'przyda',0,3),(1479,'wszelakie',0,1),(1480,'prezentacje',0,1),(1481,'taki',0,7),(1482,'st',0,3),(1483,'wygodnie',0,1),(1484,'wozi',0,1),(1485,'ogrodowy',0,1),(1486,'skladany',0,1),(1487,'180x75cm',0,1),(1488,'rattan',0,1),(1489,'11925489030',0,1),(1490,'ads',0,4),(1491,'3adesktop',0,2),(1492,'3aquery',0,2),(1493,'othkzdzhyzatmdiyzc00ody0ltk0ntgtnjfhzmvmywjhm2ewaa',0,1),(1494,'ape',0,2),(1495,'referrer',0,2),(1496,'proxy',0,2),(1497,'emission',0,2),(1498,'unit',0,4),(1499,'ac097212',0,1),(1500,'1e52',0,1),(1501,'4e36',0,1),(1502,'88c5',0,1),(1503,'fcee55c62415',0,1),(1504,'demo',1,31),(1505,'days',1,28),(1506,'miejsce',0,6),(1507,'jaworzno',1,19),(1508,'koparki',1,20),(1509,'deep',0,6),(1510,'adventure',0,4),(1511,'take',0,5),(1512,'reprezentowa',0,1),(1513,'bramsona',0,5),(1514,'paweczyk',0,2),(1515,'mogby',0,1),(1516,'pewnie',0,11),(1517,'zrobi',0,11),(1518,'fajne',0,2),(1519,'wykorzystania',0,2),(1520,'uchwytowi',0,1),(1521,'kamer',0,4),(1522,'uchwyt',0,6),(1523,'napisz',0,2),(1524,'niego',0,8),(1525,'maila',0,5),(1526,'sprawie',0,1),(1527,'nowemu',0,1),(1528,'produktowi',0,1),(1529,'obcienie',0,6),(1530,'elektroniczne',0,6),(1531,'comming',0,1),(1532,'mocna',0,1),(1533,'potrzeba',0,3),(1534,'uporzdkowania',0,2),(1535,'skatalogowania',0,1),(1536,'produktowych',0,2),(1537,'zarwno',0,7),(1538,'cywilnych',0,1),(1539,'aktualne',0,2),(1540,'paczki',0,2),(1541,'kodami',0,1),(1542,'produktowymi',0,1),(1543,'nazwami',0,1),(1544,'powinny',0,7),(1545,'wisie',0,1),(1546,'chmurze',0,1),(1547,'cloud',0,3),(1548,'atwego',0,1),(1549,'udostpniania',0,2),(1550,'klientom',0,1),(1551,'podobnie',0,2),(1552,'reklamowych',0,1),(1553,'staraw',0,1),(1554,'logtypami',0,1),(1555,'zdjciami',0,3),(1556,'podobnymi',0,1),(1557,'materiaami',0,1),(1558,'generalnie',0,4),(1559,'sdz',0,2),(1560,'twardo',0,1),(1561,'hostowane',0,1),(1562,'przewodnik',0,2),(1563,'spis',0,1),(1564,'poradnik',0,2),(1565,'odnonikami',0,1),(1566,'umieszczony',0,1),(1567,'strefie',0,2),(1568,'resellerw',0,2),(1569,'produktowe',0,7),(1570,'paczka',0,3),(1571,'marketingowe',0,5),(1572,'accessory',0,2),(1573,'spart',0,2),(1574,'parts',0,3),(1575,'wrcz',0,0),(1576,'tytuowa',0,0),(1577,'skrtowym',0,0),(1578,'opisem',0,1),(1579,'zawartoci',0,1),(1580,'tutaj',0,4),(1581,'products',0,6),(1582,'releases',0,0),(1583,'teorii',0,1),(1584,'zostao',0,1),(1585,'dodanie',0,7),(1586,'moemy',1,25),(1587,'linkowa',0,1),(1588,'umieci',0,3),(1589,'tak',0,7),(1590,'zapowied',0,2),(1591,'cho',0,4),(1592,'spali',0,1),(1593,'drobne',0,0),(1594,'korekty',0,1),(1595,'tekstowe',0,1),(1596,'domkn',0,0),(1597,'19ego',0,0),(1598,'trasie',0,0),(1599,'holandii',0,0),(1600,'testerw',0,1),(1601,'duymi',0,1),(1602,'kamerami',0,1),(1603,'choby',0,1),(1604,'ekipa',0,2),(1605,'malty',0,1),(1606,'chtnie',0,2),(1607,'przetestuje',0,1),(1608,'dostan',0,1),(1609,'alokacj',0,1),(1610,'2szt',0,1),(1611,'wysyek',0,2),(1612,'witold',0,11),(1613,'hoffmann',0,8),(1614,'1649755289',0,0),(1615,'docelowo',0,3),(1616,'miaoby',0,0),(1617,'plan',0,6),(1618,'planowanym',0,1),(1619,'produkcie',0,4),(1620,'prototypu',0,0),(1621,'zddjcia',0,0),(1622,'wycena',0,1),(1623,'instrukcja',0,0),(1624,'obsugi',0,1),(1625,'karta',0,4),(1626,'parnerw',0,0),(1627,'prob',0,1),(1628,'aktualizacj',0,0),(1629,'swojej',0,1),(1630,'wersji',0,6),(1631,'jzykowej',0,0),(1632,'najbardziej',0,6),(1633,'i',0,1),(1634,'newsletterze',0,4),(1635,'taka',0,4),(1636,'zasobnika',0,0),(1637,'brakuj',0,0),(1638,'zdjc',0,0),(1639,'fotografa',0,4),(1640,'reszta',0,0),(1641,'gotowa',0,1),(1642,'normy',0,1),(1643,'certyfikaty',0,1),(1644,'rzucie',0,2),(1645,'okiem',0,2),(1646,'wzr',0,4),(1647,'segregatora',0,1),(1648,'okadk',0,1),(1649,'popracuje',0,1),(1650,'karwowski',0,2),(1651,'staraem',0,1),(1652,'zachowa',0,2),(1653,'spjno',0,2),(1654,'naszymkatalogiem',0,1),(1655,'kolorystyka',0,1),(1656,'czcionki',0,3),(1657,'to',0,1),(1658,'styl',0,1),(1659,'etc',0,2),(1660,'cennikiem',0,4),(1661,'przykadzie',0,3),(1662,'scooterw',0,1),(1663,'myl',0,1),(1664,'pierwsza',0,3),(1665,'przekadka',0,1),(1666,'kategorii',0,2),(1667,'organizacj',0,1),(1668,'wstpnie',0,5),(1669,'przykadowe',0,2),(1670,'kategorie',0,3),(1671,'podziau',0,1),(1672,'diving',0,9),(1673,'propultion',0,1),(1674,'vehicle',0,1),(1675,'uj',0,1),(1676,'podpianamy',0,1),(1677,'akcesoria',0,2),(1678,'standards',0,1),(1679,'certificates',0,1),(1680,'waciwe',0,1),(1681,'kolejno',0,1),(1682,'gry',0,1),(1683,'nazwa',0,2),(1684,'nadrzdna',0,1),(1685,'katalogowy',0,3),(1686,'scootera',0,2),(1687,'prawej',0,1),(1688,'wersje',0,2),(1689,'robocze',0,1),(1690,'renderw',0,2),(1691,'podmieni',0,2),(1692,'tabelki',0,2),(1693,'specyfikacja',0,1),(1694,'dimensions',0,1),(1695,'zestaw',0,2),(1696,'includes',0,2),(1697,'katalogowymi',0,1),(1698,'poszczeglnych',0,3),(1699,'elementw',0,2),(1700,'powizane',0,1),(1701,'linked',0,2),(1702,'czyc',0,1),(1703,'platform',0,3),(1704,'nawigacj',0,2),(1705,'czesci',0,1),(1706,'zamiennych',0,3),(1707,'wszystko',0,8),(1708,'przypisanymi',0,1),(1709,'ujte',0,1),(1710,'kartach',0,2),(1711,'sporo',0,3),(1712,'uja',0,1),(1713,'danej',0,2),(1714,'karcie',0,2),(1715,'myslalem',0,1),(1716,'normach',0,1),(1717,'certyfikatach',0,1),(1718,'jako',1,22),(1719,'aksesorii',0,1),(1720,'wlasna',0,1),(1721,'bateriami',0,1),(1722,'ladowarkami',0,1),(1723,'innymi',0,4),(1724,'elementami',0,1),(1725,'bym',0,3),(1726,'widzia',0,3),(1727,'oprocz',0,1),(1728,'mozna',0,1),(1729,'tez',0,2),(1730,'utworzy',0,1),(1731,'ekonomiczn',0,1),(1732,'robocz',0,1),(1733,'ta',0,3),(1734,'biaym',0,1),(1735,'tle',0,6),(1736,'moze',0,1),(1737,'wydrukowa',0,2),(1738,'zwyklej',0,1),(1739,'drukarce',0,1),(1740,'czekam',0,4),(1741,'opinie',0,1),(1742,'spares',0,2),(1743,'dedicated',0,5),(1744,'tube',0,1),(1745,'engraving',0,1),(1746,'informowalimy',0,1),(1747,'kiedy',0,3),(1748,'opcji',0,2),(1749,'personalizacji',0,1),(1750,'fajny',0,4),(1751,'kojarz',0,1),(1752,'nawet',1,11),(1753,'byo',1,17),(1754,'powtrzy',0,2),(1755,'surwki',0,2),(1756,'zdjciowej',0,2),(1757,'adama',0,10),(1758,'wykorzysta',0,1),(1759,'wycinki',0,1),(1760,'procesw',0,1),(1761,'niektre',0,2),(1762,'byy',0,8),(1763,'naprawd',0,1),(1764,'wycite',0,2),(1765,'maxa',0,1),(1766,'przypieszone',0,1),(1767,'dzi',0,7),(1768,'ustalona',0,1),(1769,'beat',0,1),(1770,'wprowadzeniu',0,2),(1771,'wytycznych',0,2),(1772,'mnie',0,6),(1773,'czytelne',0,2),(1774,'wizualnie',0,1),(1775,'zwizane',0,2),(1776,'polityk',0,1),(1777,'wizerunkow',0,1),(1778,'marki',0,2),(1779,'fajnie',0,4),(1780,'wspominalimy',0,1),(1781,'dawno',0,1),(1782,'temu',0,4),(1783,'rzeczywicie',0,1),(1784,'wykorzystujc',0,1),(1785,'kolau',0,1),(1786,'zaprzyjanionych',0,1),(1787,'ktrzy',0,4),(1788,'grawer',0,2),(1789,'obecnie',1,11),(1790,'testuj',0,1),(1791,'pako',0,2),(1792,'konkretnie',0,2),(1793,'ani',0,3),(1794,'jednego',0,3),(1795,'typuj',0,1),(1796,'dostpno',0,1),(1797,'zanim',0,1),(1798,'wykluje',0,1),(1799,'seryjnego',0,1),(1800,'zwrc',0,1),(1801,'polacy',0,1),(1802,'gdzie',0,5),(1803,'dodaj',0,5),(1804,'kolejne',0,3),(1805,'wydarzenia',0,4),(1806,'mail',0,4),(1807,'polsce',0,3),(1808,'uczestnictwo',0,1),(1809,'potwierdzone',0,1),(1810,'piknik',0,1),(1811,'bananowy',0,1),(1812,'hacza',0,1),(1813,'banana',0,1),(1814,'divers',0,6),(1815,'zaawansowanych',0,1),(1816,'planach',0,1),(1817,'deepspot',0,1),(1818,'ustalam',0,1),(1819,'dat',0,4),(1820,'maj',0,2),(1821,'pocztek',0,3),(1822,'honoratka',0,2),(1823,'chciabym',0,1),(1824,'powiza',0,1),(1825,'otwarciem',0,1),(1826,'centrum',0,2),(1827,'testowego',0,1),(1828,'narazie',0,1),(1829,'warunki',0,9),(1830,'wsppracy',1,15),(1831,'batyku',0,1),(1832,'drug',0,1),(1833,'poow',0,3),(1834,'jesie',0,1),(1835,'chorwacja',0,8),(1836,'vis',0,2),(1837,'robi',0,2),(1838,'dwutygodniowy',0,1),(1839,'wrakowy',0,1),(1840,'poczony',0,1),(1841,'testowaniem',0,1),(1842,'navi',0,1),(1843,'wsparcie',0,4),(1844,'przydadz',0,1),(1845,'przede',0,2),(1846,'wszystkim',0,7),(1847,'potwierdzi',0,0),(1848,'udzia',0,0),(1849,'uczestniczce',0,1),(1850,'frank',0,6),(1851,'cae',0,1),(1852,'piotr',0,3),(1853,'oskar',0,2),(1854,'chc',0,4),(1855,'jecha',0,1),(1856,'dni',0,6),(1857,'noclegiem',0,1),(1858,'celach',0,1),(1859,'zwiadowczych',0,1),(1860,'sprawdzi',0,4),(1861,'poczenia',0,1),(1862,'zarezerwowa',0,1),(1863,'hotel',0,1),(1864,'ogarna',0,1),(1865,'miar',0,3),(1866,'nadano',0,1),(1867,'nazw',0,1),(1868,'angielsk',0,1),(1869,'electronic',0,2),(1870,'load',0,2),(1871,'testing',0,4),(1872,'wyceniono',0,1),(1873,'730',0,1),(1874,'euro',0,1),(1875,'przygotowuje',0,2),(1876,'instrukcj',0,1),(1877,'sklepu',0,1),(1878,'dodany',0,1),(1879,'serwisowego',0,2),(1880,'wymaga',0,3),(1881,'profesjonalnego',0,1),(1882,'cao',0,6),(1883,'wkrad',0,1),(1884,'indyjski',0,1),(1885,'chochlik',0,1),(1886,'czciach',0,2),(1887,'duali',0,1),(1888,'pominam',0,1),(1889,'rub',0,2),(1890,'napdow',0,1),(1891,'wyszo',0,1),(1892,'zaczam',0,1),(1893,'robi',0,2),(1894,'polsk',0,1),(1895,'wersj',0,2),(1896,'poprawiam',0,1),(1897,'obydwie',0,1),(1898,'zamie',0,1),(1899,'zacznik',0,2),(1900,'umowy',0,6),(1901,'dodaam',0,2),(1902,'folderu',0,2),(1903,'zatwierdzenia',0,2),(1904,'zmieniam',0,1),(1905,'newsa',0,3),(1906,'wrzucenia',0,3),(1907,'przetestujemy',0,1),(1908,'sprawdzimy',0,3),(1909,'finalnie',0,2),(1910,'dziaano',0,1),(1911,'konkretnego',0,1),(1912,'zawarte',0,1),(1913,'newsie',0,1),(1914,'krtka',0,1),(1915,'powstaniu',0,1),(1916,'takiego',0,7),(1917,'przedsibiorstwie',0,1),(1918,'przygotuj',0,4),(1919,'excelu',0,2),(1920,'zestawienia',0,2),(1921,'oparciu',0,3),(1922,'uatwi',0,1),(1923,'nieco',0,6),(1924,'prac',0,1),(1925,'wzoru',0,2),(1926,'pjdzie',0,2),(1927,'szybciej',0,1),(1928,'najpierw',0,3),(1929,'potrzeby',0,2),(1930,'struktur',0,3),(1931,'kadego',0,6),(1932,'uytku',0,1),(1933,'dystrybutorw',0,3),(1934,'atwo',0,2),(1935,'identyfikowalne',0,1),(1936,'spjne',0,1),(1937,'siebie',0,3),(1938,'proponuje',0,2),(1939,'katalogi',0,3),(1940,'kadym',0,3),(1941,'hipercze',0,1),(1942,'numerowanie',0,1),(1943,'liczba',0,1),(1944,'porzdkowa',0,1),(1945,'nada',0,1),(1946,'numery',0,1),(1947,'cenniku',0,8),(1948,'dodamy',0,2),(1949,'jak',0,5),(1950,'pozycj',0,2),(1951,'rodku',0,2),(1952,'liczby',0,2),(1953,'porzdkowe',0,1),(1954,'pomieszane',0,2),(1955,'kolejnego',0,2),(1956,'rewizji',0,1),(1957,'jaki',0,5),(1958,'waciwie',0,1),(1959,'prowadzio',0,1),(1960,'badania',0,1),(1961,'rozwj',0,2),(1962,'niekoniecznie',0,1),(1963,'wyglda',0,3),(1964,'dopiero',0,5),(1965,'utworzylimy',0,1),(1966,'wzmianka',0,1),(1967,'poszerzeniu',0,1),(1968,'zepou',0,1),(1969,'badawczo',0,2),(1970,'rozwojowego',0,2),(1971,'doszo',0,2),(1972,'specjalistw',0,1),(1973,'elektroniki',0,1),(1974,'kolega',0,3),(1975,'pracujemy',0,1),(1976,'gowy',0,2),(1977,'przyjdzie',0,4),(1978,'zakadam',0,1),(1979,'sprawa',0,1),(1980,'ucieka',0,1),(1981,'brandbook',0,3),(1982,'eng',0,3),(1983,'opisami',0,1),(1984,'kolorw',0,1),(1985,'bya',0,2),(1986,'zlecana',0,1),(1987,'jarka',0,2),(1988,'karwowskiego',0,2),(1989,'poprosz',0,2),(1990,'pliki',0,6),(1991,'rdowe',0,3),(1992,'brandbooka',0,1),(1993,'ogarn',0,3),(1994,'przel',0,2),(1995,'zleci',0,2),(1996,'umieciam',0,2),(1997,'folderze',0,2),(1998,'zestawienie',0,4),(1999,'uzgodnione',0,1),(2000,'tworzeniu',0,1),(2001,'zwrcilimy',0,1),(2002,'zatem',0,2),(2003,'uporzdkujemy',0,1),(2004,'zgodnie',0,7),(2005,'krtki',0,1),(2006,'opis',0,7),(2007,'czyli',0,9),(2008,'ogle',0,4),(2009,'zmniejszy',0,1),(2010,'render',0,1),(2011,'obok',0,6),(2012,'pole',0,1),(2013,'dzikuj',0,1),(2014,'przydatne',0,2),(2015,'pomocne',0,1),(2016,'dzis',0,1),(2017,'kart',0,1),(2018,'ustalone',0,4),(2019,'zmiany',0,10),(2020,'mares',0,2),(2021,'korea',0,3),(2022,'proponowanym',0,1),(2023,'timelinie',0,1),(2024,'jakich',0,4),(2025,'oni',0,9),(2026,'potrzebuj',0,3),(2027,'thanks',0,1),(2028,'yes',0,1),(2029,'take',0,3),(2030,'actual',0,1),(2031,'sample',0,2),(2032,'hear',0,2),(2033,'premiere',0,1),(2034,'could',0,3),(2035,'provide',0,1),(2036,'specific',0,2),(2037,'plans',0,2),(2038,'place',0,3),(2039,'how',0,4),(2040,'done',0,2),(2041,'details',0,2),(2042,'fyi',0,1),(2043,'overall',0,1),(2044,'end',0,1),(2045,'apr',0,2),(2046,'radio',0,1),(2047,'certification',0,1),(2048,'2000',0,1),(2049,'manuals',0,1),(2050,'student',0,1),(2051,'instructor',0,1),(2052,'june',0,2),(2053,'images',0,3),(2054,'manual',0,3),(2055,'required',0,1),(2056,'check',0,1),(2057,'jun',0,1),(2058,'aug',0,1),(2059,'specialty',0,1),(2060,'insructor',0,1),(2061,'course',0,2),(2062,'italy',0,1),(2063,'total',0,1),(2064,'participants',0,1),(2065,'month',0,2),(2066,'before',0,3),(2067,'launch',0,2),(2068,'cert',0,1),(2069,'preparation',0,1),(2070,'flyer',0,4),(2071,'leaflet',0,1),(2072,'mini',0,1),(2073,'brochure',0,1),(2074,'since',0,4),(2075,'catalog',0,1),(2076,'50pcs',0,1),(2077,'souvenir',0,1),(2078,'shirts',0,1),(2079,'small',0,2),(2080,'items',0,1),(2081,'after',0,4),(2082,'get',0,6),(2083,'product',0,6),(2084,'presentation',0,2),(2085,'level',0,9),(2086,'training',0,3),(2087,'expected',0,1),(2088,'appointment',0,1),(2089,'gold',0,1),(2090,'reseller',0,5),(2091,'pool',0,1),(2092,'few',0,3),(2093,'agents',0,1),(2094,'sung',0,1),(2095,'those',0,1),(2096,'who',0,1),(2097,'related',0,1),(2098,'delivery',0,1),(2099,'hope',0,2),(2100,'helps',0,1),(2101,'some',0,4),(2102,'require',0,1),(2103,'appreciate',0,2),(2104,'share',0,3),(2105,'idea',0,5),(2106,'best',0,7),(2107,'regards',0,2),(2108,'hong',0,2),(2109,'joe',0,1),(2110,'ssi',0,2),(2111,'premiera',0,3),(2112,'dogranie',0,3),(2113,'ukadu',0,2),(2114,'grafiki',0,4),(2115,'linkowania',0,2),(2116,'bezporedniego',0,2),(2117,'platformy',0,4),(2118,'sprzgajcej',0,2),(2119,'sensu',0,4),(2120,'pisa',0,2),(2121,'platformie',0,2),(2122,'powielajc',0,2),(2123,'produktowej',0,2),(2124,'podlinkowa',0,2),(2125,'razu',0,5),(2126,'odpowiedniej',0,2),(2127,'podstrony',0,2),(2128,'by',0,10),(2129,'tinssena',0,3),(2130,'przerwany',0,2),(2131,'pasuje',0,6),(2132,'jedn',0,2),(2133,'gwnych',0,3),(2134,'jedynie',0,2),(2135,'dojciu',0,1),(2136,'osb',0,5),(2137,'troszk',0,4),(2138,'opisane',0,1),(2139,'about',0,6),(2140,'poszerzy',0,1),(2141,'odkryem',0,1),(2142,'wamanie',0,1),(2143,'zmienili',0,1),(2144,'dawniej',0,1),(2145,'dwie',0,2),(2146,'poprawione',0,3),(2147,'obydwu',0,1),(2148,'usunam',0,1),(2149,'rotor',0,1),(2150,'1649850556',0,1),(2151,'newsami',0,1),(2152,'atrakcyjny',0,1),(2153,'funkcjonalny',0,1),(2154,'ogarnie',0,1),(2155,'szuka',0,2),(2156,'innego',0,3),(2157,'wzr',0,1),(2158,'graficznie',0,1),(2159,'super',0,5),(2160,'brawo',0,1),(2161,'specyfikacji',0,2),(2162,'cz',0,3),(2163,'nieistotnych',0,1),(2164,'parametrw',0,2),(2165,'takowe',0,1),(2166,'czemu',0,3),(2167,'wicej',0,9),(2168,'przestrzeni',0,2),(2169,'tekstu',0,4),(2170,'wypado',0,1),(2171,'zbyt',0,2),(2172,'blisko',0,1),(2173,'marginesu',0,2),(2174,'idealnie',0,4),(2175,'gdyby',0,3),(2176,'koczya',0,1),(2177,'koczy',0,1),(2178,'tabelka',0,1),(2179,'kresk',0,1),(2180,'kod',0,1),(2181,'mao',0,3),(2182,'czytelny',0,2),(2183,'odstp',0,1),(2184,'wiksza',0,1),(2185,'czcionka',0,2),(2186,'wypowie',0,1),(2187,'tekst',0,7),(2188,'odchudzi',0,2),(2189,'okrelona',0,1),(2190,'upchamy',0,1),(2191,'projekt',0,4),(2192,'przygotowany',0,1),(2193,'jedyne',0,3),(2194,'wydruku',0,1),(2195,'odwie',0,1),(2196,'jarkowi',0,1),(2197,'show',0,1),(2198,'ahoy',0,1),(2199,'ahoyweg',0,1),(2200,'3084',0,1),(2201,'loty',0,1),(2202,'skyscanner',0,1),(2203,'flights',0,1),(2204,'rze',0,1),(2205,'eind',0,1),(2206,'220607',0,1),(2207,'220609',0,1),(2208,'adultsv2',0,1),(2209,'cabinclass',0,1),(2210,'economy',0,1),(2211,'childrenv2',0,1),(2212,'inboundaltsenabled',0,1),(2213,'false',0,1),(2214,'outboundaltsenabled',0,1),(2215,'preferdirects',0,1),(2216,'rtn',0,1),(2217,'amst',0,1),(2218,'pricesourceid',0,1),(2219,'pricetrace',0,1),(2220,'prevcurrency',0,1),(2221,'pln',0,1),(2222,'prevprice',0,1),(2223,'returnnoprices',0,1),(2224,'prevprovider',0,1),(2225,'ins',0,1),(2226,'bezp',0,1),(2227,'rotterdamu',0,1),(2228,'cikawo',0,1),(2229,'samochd',0,1),(2230,'wynaj',0,1),(2231,'zgra',0,1),(2232,'czasowo',0,2),(2233,'przylot',0,1),(2234,'podjad',0,1),(2235,'dobre',0,4),(2236,'fotki',0,6),(2237,'skubany',0,1),(2238,'przyjemniejszy',0,1),(2239,'photo',0,4),(2240,'fbid',0,2),(2241,'5603066939738070',0,2),(2242,'pcb',0,1),(2243,'7733543126657657',0,1),(2244,'ustaliam',0,1),(2245,'budet',0,1),(2246,'wikszy',0,3),(2247,'film',0,8),(2248,'produkcji',0,4),(2249,'wymaga',0,2),(2250,'okazji',0,5),(2251,'krtkie',0,1),(2252,'filmiki',0,2),(2253,'intensywnie',0,1),(2254,'tematem',0,2),(2255,'zajmie',0,1),(2256,'ustalimy',0,3),(2257,'sceny',0,1),(2258,'nakrcenia',0,1),(2259,'zagranicznych',0,2),(2260,'przyjaci',0,1),(2261,'prbuje',0,4),(2262,'lotnisko',0,2),(2263,'potrzebowa',0,2),(2264,'trudno',0,1),(2265,'krci',0,3),(2266,'cokolwiek',0,2),(2267,'wie',0,4),(2268,'wystarczy',0,4),(2269,'cigaem',0,1),(2270,'udaje',0,1),(2271,'dodzwoni',0,1),(2272,'mailowy',0,1),(2273,'efektw',0,1),(2274,'najoptymalniej',0,1),(2275,'cign',0,1),(2276,'lokalnie',0,1),(2277,'skoro',0,1),(2278,'krci',0,1),(2279,'czyby',0,1),(2280,'kowalczuka',0,1),(2281,'ostatnich',0,1),(2282,'publikuje',0,1),(2283,'czaimy',0,1),(2284,'paulin',0,1),(2285,'kwestia',0,2),(2286,'nim',0,3),(2287,'wyjani',0,1),(2288,'wyrazi',0,1),(2289,'zgod',0,2),(2290,'repost',0,1),(2291,'sprbuj',0,1),(2292,'doczy',0,1),(2293,'grupy',0,1),(2294,'technical',0,3),(2295,'ustawienie',0,1),(2296,'prywatnoci',0,1),(2297,'odbiorcw',0,2),(2298,'inna',0,2),(2299,'fotka',0,1),(2300,'podobna',0,2),(2301,'partia',0,1),(2302,'materiau',0,2),(2303,'groups',0,1),(2304,'1206941425984559',0,1),(2305,'rezygnujemy',0,1),(2306,'usug',0,1),(2307,'zadzwoni',0,1),(2308,'witka',0,5),(2309,'celu',0,1),(2310,'strasznie',0,1),(2311,'namieszali',0,1),(2312,'przejciem',0,1),(2313,'konta',0,2),(2314,'poprawkach',0,1),(2315,'korektach',0,1),(2316,'udao',0,3),(2317,'przesuna',0,1),(2318,'tabelke',0,1),(2319,'dwch',0,4),(2320,'pozycji',0,3),(2321,'weight',0,2),(2322,'without',0,1),(2323,'box',0,1),(2324,'scaliem',0,1),(2325,'jednej',0,2),(2326,'dzieki',0,1),(2327,'zyskalimy',0,1),(2328,'przesunaem',0,1),(2329,'niecy',0,1),(2330,'wyej',0,1),(2331,'tabelk',0,1),(2332,'sugesti',0,1),(2333,'prawym',0,1),(2334,'dolnym',0,1),(2335,'rogu',0,1),(2336,'zwikszym',0,1),(2337,'wielkosc',0,1),(2338,'katalogwym',0,1),(2339,'ulotce',0,1),(2340,'ulotki',0,1),(2341,'jarek',0,2),(2342,'robi',0,5),(2343,'enc2',0,1),(2344,'ogarniamy',0,1),(2345,'rdowych',0,1),(2346,'robione',0,2),(2347,'lata',0,2),(2348,'zapyta',0,3),(2349,'wyrobi',0,1),(2350,'wydrukujemy',0,1),(2351,'kolorze',0,2),(2352,'czytelno',0,1),(2353,'wystarczajco',0,1),(2354,'do',0,4),(2355,'gruba',0,1),(2356,'zlewa',0,1),(2357,'wymiary',0,2),(2358,'skrzy',0,1),(2359,'podamy',0,1),(2360,'milimetrach',0,1),(2361,'jednostek',0,3),(2362,'miar',0,1),(2363,'merytoryczna',0,1),(2364,'sprawdzi',0,1),(2365,'jasne',0,2),(2366,'pozostaych',0,3),(2367,'jestem',0,2),(2368,'trakcie',0,3),(2369,'tworzenia',0,1),(2370,'wbrew',0,1),(2371,'pozorom',0,1),(2372,'schodzi',0,1),(2373,'chciaa',0,1),(2374,'poprawno',0,1),(2375,'danych',0,2),(2376,'pliku',0,1),(2377,'pewne',0,1),(2378,'uzgodni',0,1),(2379,'wsplnie',0,2),(2380,'plik',0,4),(2381,'umieszczam',0,1),(2382,'kartami',0,1),(2383,'wgrywam',0,1),(2384,'tyle',0,7),(2385,'pogldowo',0,1),(2386,'terminw',0,1),(2387,'preferowanych',0,1),(2388,'lokalnego',0,1),(2389,'nippon',0,1),(2390,'kaiyo',0,1),(2391,'exhibition',0,2),(2392,'organized',0,3),(2393,'army',0,1),(2394,'between',0,1),(2395,'september',0,1),(2396,'held',0,1),(2397,'annually',0,1),(2398,'base',0,3),(2399,'mountains',0,1),(2400,'foot',0,1),(2401,'fuji',0,1),(2402,'many',0,2),(2403,'suppliers',0,1),(2404,'display',0,1),(2405,'their',0,1),(2406,'latest',0,3),(2407,'expect',0,1),(2408,'sales',0,1),(2409,'destination',0,1),(2410,'however',0,1),(2411,'foreigners',0,1),(2412,'apply',0,1),(2413,'advance',0,2),(2414,'permission',0,1),(2415,'enter',0,1),(2416,'security',0,1),(2417,'issues',0,2),(2418,'although',0,1),(2419,'nato',0,1),(2420,'members',0,1),(2421,'seecat',0,1),(2422,'october',0,1),(2423,'tokyo',0,1),(2424,'biz',0,1),(2425,'2021',0,2),(2426,'english',0,2),(2427,'guideline',0,1),(2428,'defense',0,2),(2429,'japan',0,1),(2430,'several',0,1),(2431,'domestic',0,1),(2432,'distributors',0,1),(2433,'foreign',0,1),(2434,'manufacturers',0,1),(2435,'exhibit',0,2),(2436,'rotinor',0,1),(2437,'patriot3',0,1),(2438,'jetboots',0,1),(2439,'suex',0,4),(2440,'exhibited',0,1),(2441,'far',0,1),(2442,'dsei',0,1),(2443,'march',0,1),(2444,'2023',0,5),(2445,'chiba',0,1),(2446,'prefecture',0,1),(2447,'next',0,4),(2448,'japanese',0,1),(2449,'version',0,2),(2450,'know',0,4),(2451,'international',0,2),(2452,'asia',0,2),(2453,'usually',0,1),(2454,'once',0,2),(2455,'two',0,2),(2456,'years',0,3),(2457,'postponed',0,1),(2458,'corona',0,1),(2459,'japonia',0,2),(2460,'najwaniejsza',0,1),(2461,'nurkowa',0,2),(2462,'rejonu',0,1),(2463,'diveoztek',0,1),(2464,'nasz',1,17),(2465,'partner',0,3),(2466,'snorkeldivemelbourne',0,1),(2467,'znaj',0,1),(2468,'rejon',0,1),(2469,'majc',0,3),(2470,'preferowane',0,1),(2471,'dobrym',0,1),(2472,'duym',0,2),(2473,'wyprzedzeniem',0,2),(2474,'koordynowa',0,1),(2475,'spotkania',0,1),(2476,'kluczowe',0,4),(2477,'okrelenie',0,1),(2478,'plus',0,3),(2479,'wyjazdu',0,4),(2480,'nowa',0,4),(2481,'zelandia',0,2),(2482,'uzgodnilimy',0,1),(2483,'sposb',0,4),(2484,'skoordynowany',0,1),(2485,'porzdny',0,1),(2486,'wcznie',0,2),(2487,'przenosinami',0,1),(2488,'szybszy',0,1),(2489,'serwer',0,4),(2490,'wgrana',0,1),(2491,'nawigacji',0,2),(2492,'zerknij',0,2),(2493,'przypinam',0,1),(2494,'bada',0,3),(2495,'statystycznych',0,1),(2496,'poprzedniego',0,2),(2497,'stworzono',0,1),(2498,'globalnego',0,1),(2499,'zaangaowania',0,1),(2500,'uytkonikw',0,1),(2501,'okrelono',0,1),(2502,'publikowa',0,2),(2503,'miay',0,1),(2504,'najwikszy',0,1),(2505,'zasig',0,1),(2506,'code',0,0),(2507,'publikacj',0,2),(2508,'facebooku',0,1),(2509,'podaje',0,1),(2510,'godziny',0,1),(2511,'wieczory',0,1),(2512,'godzinie',0,1),(2513,'wpisy',0,1),(2514,'popularnoci',0,1),(2515,'zaley',0,3),(2516,'wstawia',0,1),(2517,'poniedziaki',0,1),(2518,'rody',0,1),(2519,'pitki',0,1),(2520,'pamitajmy',0,1),(2521,'przypadku',0,1),(2522,'facebooka',0,1),(2523,'algorytm',0,1),(2524,'odpowiedzialny',0,3),(2525,'ranking',0,1),(2526,'wywietlania',0,1),(2527,'postw',0,4),(2528,'tablicy',0,1),(2529,'uytkownika',0,3),(2530,'zadbajmy',0,1),(2531,'organiczny',0,1),(2532,'poprzez',0,1),(2533,'wstawianie',0,1),(2534,'atrakcyjnego',0,1),(2535,'contentu',0,1),(2536,'mniejszej',0,1),(2537,'aktywnoci',0,2),(2538,'internautw',0,1),(2539,'relacji',0,2),(2540,'ywo',0,2),(2541,'zwikszymy',0,1),(2542,'prawdopodobiestwo',0,2),(2543,'posty',0,2),(2544,'dotr',0,1),(2545,'uytkownikw',0,3),(2546,'najwikszej',0,1),(2547,'sieci',0,1),(2548,'globalne',0,1),(2549,'zaangaowanie',0,1),(2550,'rdo',0,2),(2551,'sproutsocial',0,1),(2552,'insights',0,1),(2553,'times',0,1),(2554,'instagram',0,3),(2555,'ednym',0,0),(2556,'najpopularniejszych',0,1),(2557,'sucy',0,1),(2558,'wstawiania',0,2),(2559,'krtkich',0,1),(2560,'dugi',0,2),(2561,'pojawiay',0,1),(2562,'kolejnoci',0,2),(2563,'chronologicznej',0,1),(2564,'wkrtce',0,3),(2565,'materia',0,4),(2566,'trafia',0,1),(2567,'sam',0,2),(2568,'uzyska',0,1),(2569,'reakcji',0,1),(2570,'pewnym',0,1),(2571,'momencie',0,2),(2572,'odszed',0,1),(2573,'sposobu',0,1),(2574,'wprowadzajc',0,1),(2575,'trzymanie',0,1),(2576,'okrelonych',0,2),(2577,'idealnych',0,1),(2578,'ram',0,1),(2579,'czasowych',0,1),(2580,'wci',0,1),(2581,'jednak',0,9),(2582,'znaczenie',0,1),(2583,'najnowsza',0,1),(2584,'algorytmu',0,1),(2585,'uwzgldnia',0,1),(2586,'wspiera',0,1),(2587,'wstawione',0,1),(2588,'niedalekiej',0,1),(2589,'przeszoci',0,1),(2590,'instagramie',0,3),(2591,'poudnie',0,1),(2592,'pomidzy',0,1),(2593,'wieczorem',0,1),(2594,'najlepsze',0,2),(2595,'czwartki',0,1),(2596,'najmniejsze',0,1),(2597,'szanse',0,1),(2598,'dotarcie',0,1),(2599,'kolei',0,1),(2600,'publikowane',0,1),(2601,'wstawiane',0,1),(2602,'tu',0,1),(2603,'standardowym',0,1),(2604,'polakw',0,1),(2605,'zajmuj',0,1),(2606,'raczej',0,9),(2607,'obowizkami',0,1),(2608,'domowymi',0,1),(2609,'wypenieniu',0,1),(2610,'zajrze',0,1),(2611,'telefon',0,1),(2612,'usi',0,1),(2613,'komputerze',0,1),(2614,'wyglada',0,0),(2615,'praktyce',0,1),(2616,'bywa',0,2),(2617,'rnie',0,1),(2618,'klientw',0,4),(2619,'caym',0,1),(2620,'wiecie',0,4),(2621,'wiec',0,1),(2622,'czasem',0,4),(2623,'publiakcj',0,3),(2624,'wykresy',0,1),(2625,'powstay',0,1),(2626,'biecych',0,1),(2627,'potrzeb',0,1),(2628,'pojawiaj',0,1),(2629,'kopie',0,2),(2630,'zrzynka',0,1),(2631,'pikna',0,2),(2632,'pucie',0,1),(2633,'wszyscy',0,3),(2634,'kopiuj',0,1),(2635,'znaczy',0,1),(2636,'wprowadzamy',0,1),(2637,'standardy',0,1),(2638,'goni',0,1),(2639,'kokami',0,1),(2640,'zaoony',0,1),(2641,'skuterze',0,2),(2642,'chroniony',0,1),(2643,'uytkowy',0,1),(2644,'przemysowy',0,1),(2645,'pamitam',0,1),(2646,'przeku',0,1),(2647,'korzy',0,1),(2648,'sygnalizowa',0,1),(2649,'putin',0,1),(2650,'sobie',0,4),(2651,'doskonale',0,1),(2652,'poradzi',0,1),(2653,'zrobi',0,4),(2654,'marketingu',0,1),(2655,'pomyy',0,0),(2656,'kreatywnie',0,0),(2657,'kanale',0,1),(2658,'mocne',0,1),(2659,'kim',0,1),(2660,'roznie',0,1),(2661,'grupach',0,1),(2662,'inaczej',0,2),(2663,'pokazaniu',0,0),(2664,'przemycajc',0,0),(2665,'uszczypliwy',0,0),(2666,'komentarz',0,1),(2667,'podrbki',0,1),(2668,'plagiaty',0,1),(2669,'sabo',0,1),(2670,'wizerunkowo',0,1),(2671,'adn',0,1),(2672,'konkurencj',0,1),(2673,'przemyci',0,1),(2674,'komentarzach',0,1),(2675,'byskotliwy',0,0),(2676,'komenatarz',0,0),(2677,'zgasza',0,1),(2678,'akcje',0,1),(2679,'konkurencji',0,1),(2680,'potrzebne',0,0),(2681,'wikszej',0,3),(2682,'zaplanowanej',0,1),(2683,'oge',0,0),(2684,'oficjalny',0,1),(2685,'profil',0,3),(2686,'edit',0,1),(2687,'pomys',1,13),(2688,'idealnym',0,1),(2689,'zauwaenia',0,1),(2690,'podniesienie',0,1),(2691,'niezaley',0,1),(2692,'niepowizany',0,1),(2693,'mark',0,1),(2694,'jolly',0,1),(2695,'divers24',0,1),(2696,'idealna',0,1),(2697,'krtkiego',0,1),(2698,'posta',0,5),(2699,'kopiowaniu',0,1),(2700,'rozwiza',0,2),(2701,'polski',0,5),(2702,'pocztku',0,3),(2703,'mocno',0,2),(2704,'sugerowaam',0,1),(2705,'tymi',0,1),(2706,'godzinami',0,1),(2707,'znalazam',0,1),(2708,'podobne',0,2),(2709,'opracowanie',0,1),(2710,'publikuj',0,1),(2711,'godzinach',0,1),(2712,'odzew',0,1),(2713,'potrafi',0,2),(2714,'marny',0,1),(2715,'dodam',0,1),(2716,'zupenie',0,2),(2717,'rano',0,1),(2718,'popoudniowych',0,1),(2719,'rekordy',0,1),(2720,'polubie',0,1),(2721,'wywietle',0,1),(2722,'ciko',0,3),(2723,'trafi',0,2),(2724,'odbiorcy',0,3),(2725,'uamku',0,2),(2726,'polska',0,3),(2727,'harmonogram',0,3),(2728,'projektowy',0,2),(2729,'zakada',0,2),(2730,'realizacj',0,2),(2731,'nowej',0,1),(2732,'zelandii',0,1),(2733,'terminach',0,2),(2734,'japonii',0,1),(2735,'bannera',0,1),(2736,'tarnobrzeg',1,8),(2737,'prosi',0,2),(2738,'poprzedni',0,1),(2739,'tarnobrzegu',0,1),(2740,'precyzyjnie',0,1),(2741,'okreli',0,2),(2742,'skuterw',0,11),(2743,'pawe',0,2),(2744,'wooszyn',0,2),(2745,'obrazw',0,1),(2746,'grubszy',0,1),(2747,'uchwytu',0,1),(2748,'dziobie',0,1),(2749,'przodzie',0,1),(2750,'skuterach',0,1),(2751,'wrysowane',0,1),(2752,'lampy',0,1),(2753,'owietleniowe',0,1),(2754,'przednim',0,1),(2755,'uchwycie',0,1),(2756,'transportowym',0,1),(2757,'ponadto',0,1),(2758,'brakuje',0,2),(2759,'logu',0,1),(2760,'dorysowa',0,1),(2761,'przewd',0,1),(2762,'czcy',0,1),(2763,'konsol',0,1),(2764,'logiem',0,1),(2765,'owietlenie',0,2),(2766,'lampki',0,1),(2767,'gniazdem',0,1),(2768,'zasilania',0,1),(2769,'innym',0,4),(2770,'gniazda',0,1),(2771,'nic',0,3),(2772,'stworzenie',0,1),(2773,'zapewne',0,3),(2774,'zajmi',0,1),(2775,'czasu',0,5),(2776,'otrzymaniu',0,1),(2777,'przesa',0,1),(2778,'oops',0,3),(2779,'pytanie',0,3),(2780,'technicznie',0,1),(2781,'przedstawione',0,1),(2782,'spjnego',0,1),(2783,'nasz',0,6),(2784,'identyfikacj',0,3),(2785,'wizualn',0,2),(2786,'chcia',0,3),(2787,'pena',0,1),(2788,'zgoda',0,1),(2789,'wrzuciem',0,1),(2790,'rk',0,1),(2791,'porwna',0,1),(2792,'przeanalizowa',0,1),(2793,'lzak',0,2),(2794,'105',0,1),(2795,'1650011819',0,1),(2796,'zestawieniach',0,1),(2797,'lokalny',0,1),(2798,'czasowej',0,1),(2799,'wrzucamy',0,1),(2800,'koreii',0,1),(2801,'adnie',0,3),(2802,'prezentuj',0,2),(2803,'drukowa',0,1),(2804,'wprowadzi',0,4),(2805,'bannerw',0,1),(2806,'flagi',0,3),(2807,'reklamowe',0,1),(2808,'wyposay',0,1),(2809,'porkowiec',0,1),(2810,'stolik',0,1),(2811,'przestali',0,1),(2812,'nareszcie',0,1),(2813,'pogitych',0,1),(2814,'stolikach',0,1),(2815,'moim',0,5),(2816,'wylij',0,1),(2817,'adnotacj',0,1),(2818,'zgodny',0,1),(2819,'jestemy',0,4),(2820,'otwarci',0,2),(2821,'proponuj',0,6),(2822,'skadany',0,2),(2823,'wymiarowo',0,1),(2824,'przetestuj',0,1),(2825,'dziaaniu',0,2),(2826,'dotar',0,2),(2827,'sensownie',0,1),(2828,'nakadaem',0,1),(2829,'pokrowcem',0,1),(2830,'ologowanym',0,1),(2831,'seacraftem',0,1),(2832,'stojakach',0,2),(2833,'wystawowych',0,1),(2834,'niestety',0,5),(2835,'bariera',0,1),(2836,'cenowa',0,1),(2837,'dua',0,2),(2838,'rozpowszechnione',0,1),(2839,'problematyczna',0,1),(2840,'wag',0,1),(2841,'ghostw',0,1),(2842,'koszt',0,7),(2843,'wysoki',0,2),(2844,'marzyoby',0,1),(2845,'zwikszenie',0,1),(2846,'dostpnoci',0,2),(2847,'stojakw',0,2),(2848,'rabatowania',0,1),(2849,'prostszego',0,1),(2850,'taszego',0,1),(2851,'modelu',0,3),(2852,'zamontowa',0,1),(2853,'stojaku',0,3),(2854,'ghosta',0,1),(2855,'nacisk',0,1),(2856,'uytkowanie',0,1),(2857,'wydarzeniach',0,1),(2858,'targowych',0,1),(2859,'rozwizaniem',0,1),(2860,'zadziaa',0,2),(2861,'przesanie',0,2),(2862,'dugoterminow',0,1),(2863,'umow',0,1),(2864,'testowania',0,2),(2865,'odpowiednich',0,1),(2866,'partnerom',0,2),(2867,'wystawiaj',0,1),(2868,'partnerzy',0,2),(2869,'pac',0,1),(2870,'rozwaenia',0,1),(2871,'komponuje',0,1),(2872,'sztuki',0,2),(2873,'akceptacja',0,1),(2874,'zmieni',0,2),(2875,'slogan',0,1),(2876,'innowacyjny',0,2),(2877,'podwodny',0,1),(2878,'druku',0,3),(2879,'ogarniesz',0,1),(2880,'wydruk',0,1),(2881,'zarabiamy',0,1),(2882,'ostatniego',0,1),(2883,'obawiam',0,1),(2884,'dopacamy',0,1),(2885,'dodalimy',0,1),(2886,'nowego',0,2),(2887,'wysalimy',0,1),(2888,'australii',0,2),(2889,'zamwiony',0,2),(2890,'kodem',0,1),(2891,'starego',0,1),(2892,'stojaka',0,3),(2893,'produkujemy',0,1),(2894,'ostatni',0,1),(2895,'model',0,4),(2896,'prb',0,1),(2897,'taniego',0,1),(2898,'horrendalnych',0,1),(2899,'cenach',0,1),(2900,'robilimy',0,1),(2901,'podwykami',0,1),(2902,'kup',0,1),(2903,'elaztwa',0,1),(2904,'dodatku',0,1),(2905,'skadanego',0,1),(2906,'podraa',0,1),(2907,'ostatecznie',0,1),(2908,'wyszy',0,1),(2909,'koszty',0,3),(2910,'masz',0,2),(2911,'tani',0,1),(2912,'posucha',0,1),(2913,'komponuj',0,1),(2914,'zaprojektowane',0,1),(2915,'modeli',0,3),(2916,'wszed',0,1),(2917,'rozstaw',0,1),(2918,'hakw',0,1),(2919,'niezalenie',0,2),(2920,'pooysz',0,1),(2921,'tomek',0,1),(2922,'zby',0,1),(2923,'zjada',0,1),(2924,'zreszt',0,1),(2925,'sprawy',0,1),(2926,'podelij',0,1),(2927,'gotowy',0,4),(2928,'informacj',0,2),(2929,'materiale',0,1),(2930,'mocowaniem',0,1),(2931,'powinien',0,5),(2932,'wykonany',0,1),(2933,'baner',0,1),(2934,'dziury',0,1),(2935,'nacignicia',0,1),(2936,'grubo',0,1),(2937,'poprzednich',0,1),(2938,'zdecydujecie',0,1),(2939,'wprowadzenie',0,1),(2940,'pokrowcw',0,1),(2941,'stow',0,1),(2942,'oferty',0,4),(2943,'stoami',0,1),(2944,'problemu',0,1),(2945,'kolorach',0,1),(2946,'poszuka',0,2),(2947,'wrd',0,1),(2948,'producentw',0,1),(2949,'zafarbuje',0,1),(2950,'wiza',0,1),(2951,'koniecznoci',0,1),(2952,'ostanio',0,1),(2953,'przypuszczam',0,1),(2954,'frontlight',0,1),(2955,'mat',0,1),(2956,'510g',0,1),(2957,'wykoczenie',0,1),(2958,'zgrzewanie',0,1),(2959,'oczkowanie',0,1),(2960,'50cm',0,1),(2961,'wymiar',0,1),(2962,'290x140',0,1),(2963,'gen',0,5),(2964,'prototyp',0,4),(2965,'index',0,1),(2966,'php',0,1),(2967,'knowledge',0,1),(2968,'generowanej',0,1),(2969,'gwarantuje',0,1),(2970,'aktualnoc',0,1),(2971,'qdtfndegffkwvdf',0,1),(2972,'zagino',0,1),(2973,'jasny',0,1),(2974,'intuicyjny',0,1),(2975,'podzia',0,2),(2976,'folderw',0,3),(2977,'mog',0,3),(2978,'powtarza',0,1),(2979,'unikalne',0,1),(2980,'nadziej',0,5),(2981,'albinowi',0,1),(2982,'uda',0,4),(2983,'zaproponowa',0,4),(2984,'nazewnictwa',0,3),(2985,'pj',0,1),(2986,'brand',0,2),(2987,'book',0,2),(2988,'recreational',0,3),(2989,'fonts',0,1),(2990,'pictures',0,2),(2991,'photos',0,3),(2992,'high',0,1),(2993,'res',0,1),(2994,'web',0,3),(2995,'renders',0,1),(2996,'routes',0,1),(2997,'encm',0,1),(2998,'brochures',0,1),(2999,'flyers',0,1),(3000,'open',0,2),(3001,'articles',0,3),(3002,'movies',0,1),(3003,'adapted',0,1),(3004,'suggested',0,1),(3005,'documents',0,2),(3006,'agreement',0,2),(3007,'rental',0,1),(3008,'cooperation',0,4),(3009,'conditions',0,2),(3010,'foldery',0,5),(3011,'udostpnienia',0,5),(3012,'struktura',0,6),(3013,'fazie',0,2),(3014,'projektowej',0,1),(3015,'jedna',0,2),(3016,'wydzielibym',0,1),(3017,'master',0,1),(3018,'gwne',0,2),(3019,'udostpniane',0,3),(3020,'odpowiednio',0,1),(3021,'wizabym',0,1),(3022,'akcesoriw',0,2),(3023,'poszczeglnymi',0,1),(3024,'modelami',0,1),(3025,'caociow',0,1),(3026,'grup',0,1),(3027,'spjnie',0,1),(3028,'adowarki',0,2),(3029,'przepierajc',0,1),(3030,'nadajcy',0,1),(3031,'rozwojem',0,1),(3032,'logotypy',0,1),(3033,'prawd',0,1),(3034,'dodaje',0,1),(3035,'wystawiania',0,2),(3036,'przygotujemy',0,1),(3037,'wrzucimy',0,1),(3038,'powinno',0,3),(3039,'podzielone',0,1),(3040,'pewien',0,1),(3041,'albin',0,1),(3042,'pomc',0,3),(3043,'dopra',0,1),(3044,'pon',0,1),(3045,'wskazywa',0,1),(3046,'byl',0,1),(3047,'wystawiany',0,1),(3048,'dopuszczalne',0,1),(3049,'przykady',0,2),(3050,'stoisk',0,1),(3051,'niedopuszczalne',0,1),(3052,'zalecane',0,1),(3053,'ulotek',0,1),(3054,'katalogw',0,1),(3055,'dzie',0,2),(3056,'wskazwki',0,1),(3057,'praktyczne',0,1),(3058,'ciereczka',0,1),(3059,'microfibry',0,1),(3060,'wycierania',0,1),(3061,'paluchw',0,1),(3062,'smar',0,1),(3063,'silnika',0,2),(3064,'silniki',0,1),(3065,'uywanych',0,1),(3066,'maszyn',0,3),(3067,'pynnie',0,1),(3068,'chodziy',0,1),(3069,'sucho',0,2),(3070,'usprawni',0,2),(3071,'komunikacj',0,2),(3072,'rad',0,5),(3073,'nakadk',0,2),(3074,'tumaczc',0,2),(3075,'chrome',0,2),(3076,'126',0,1),(3077,'1650357603',0,1),(3078,'dostp',0,3),(3079,'targie',0,1),(3080,'udzieli',0,1),(3081,'dostpu',0,1),(3082,'zostaje',0,3),(3083,'cignicia',0,1),(3084,'owszem',0,2),(3085,'dopasujemy',0,2),(3086,'oglnej',0,2),(3087,'struktury',0,3),(3088,'powtarzay',0,2),(3089,'znikaj',0,3),(3090,'wgrywaniu',0,2),(3091,'pasowaoby',0,1),(3092,'odbioru',0,1),(3093,'prbek',0,1),(3094,'opakowania',0,1),(3095,'najwczeniej',0,1),(3096,'miedzy',0,1),(3097,'opakowanie',0,1),(3098,'proponowany',0,1),(3099,'termin',0,5),(3100,'przekazania',0,4),(3101,'szkolenia',0,1),(3102,'czonkom',0,1),(3103,'zabookowaem',0,1),(3104,'swoim',0,5),(3105,'kalendarzu',0,1),(3106,'chci',0,1),(3107,'zaangaowa',0,1),(3108,'terminem',0,1),(3109,'handover',0,13),(3110,'sugeruj',0,2),(3111,'wysyanie',0,1),(3112,'opakowaniu',0,1),(3113,'fabrycznym',0,1),(3114,'kupujemy',0,1),(3115,'manuale',0,2),(3116,'serwisowe',0,2),(3117,'bd',0,6),(3118,'samodzielnego',0,1),(3119,'wydrukowania',0,1),(3120,'ekologiczni',0,1),(3121,'oszczdzamy',0,1),(3122,'papierze',0,1),(3123,'takim',0,2),(3124,'decyzje',0,2),(3125,'zatwierdzona',0,1),(3126,'uporzdkuj',0,2),(3127,'niej',0,3),(3128,'potrzebuj',0,1),(3129,'moliwej',0,1),(3130,'dacie',0,1),(3131,'received',0,1),(3132,'globkurier',0,1),(3133,'couple',0,1),(3134,'hours',0,1),(3135,'ago',0,1),(3136,'wondering',0,1),(3137,'what',0,3),(3138,'come',0,4),(3139,'lights',0,2),(3140,'speedsensor',0,1),(3141,'looks',0,1),(3142,'easter',0,1),(3143,'already',0,1),(3144,'can',0,5),(3145,'send',0,1),(3146,'steffen',0,3),(3147,'burger',0,3),(3148,'birkengraben',0,1),(3149,'96052',0,1),(3150,'bamberg',0,1),(3151,'but',0,4),(3152,'until',0,1),(3153,'week',0,1),(3154,'would',0,5),(3155,'guys',0,1),(3156,'north',0,1),(3157,'afterwards',0,1),(3158,'south',0,2),(3159,'looking',0,2),(3160,'forward',0,2),(3161,'nice',0,3),(3162,'hemmoor',0,1),(3163,'german',0,1),(3164,'caves',0,2),(3165,'tell',0,1),(3166,'long',0,2),(3167,'maybe',0,2),(3168,'till',0,1),(3169,'meeting',0,1),(3170,'fit',0,2),(3171,'date',0,2),(3172,'andrea',0,2),(3173,'bringing',0,1),(3174,'talking',0,1),(3175,'points',0,1),(3176,'familiar',0,1),(3177,'planning',0,1),(3178,'executing',0,1),(3179,'different',0,1),(3180,'kind',0,1),(3181,'shoots',0,1),(3182,'well',0,2),(3183,'exactly',0,1),(3184,'here',0,2),(3185,'regularly',0,1),(3186,'produce',0,2),(3187,'digital',0,1),(3188,'explain',0,1),(3189,'convey',0,1),(3190,'them',0,4),(3191,'into',0,2),(3192,'presentations',0,1),(3193,'through',0,3),(3194,'still',0,2),(3195,'photography',0,1),(3196,'operate',0,1),(3197,'comfortably',0,1),(3198,'terrestrial',0,1),(3199,'productions',0,1),(3200,'either',0,1),(3201,'outdoors',0,1),(3202,'studio',0,2),(3203,'facility',0,1),(3204,'being',0,2),(3205,'project',0,4),(3206,'form',0,1),(3207,'ideas',0,1),(3208,'ask',0,3),(3209,'questions',0,2),(3210,'figure',0,1),(3211,'out',0,4),(3212,'works',0,1),(3213,'think',0,2),(3214,'exchanging',0,1),(3215,'services',0,1),(3216,'movie',0,1),(3217,'mutual',0,1),(3218,'benefit',0,1),(3219,'reciprocal',0,1),(3220,'discount',0,1),(3221,'agreements',0,1),(3222,'updating',0,1),(3223,'tempting',0,1),(3224,'maximise',0,1),(3225,'happy',0,5),(3226,'easiest',0,1),(3227,'way',0,3),(3228,'move',0,1),(3229,'producing',0,1),(3230,'sending',0,2),(3231,'start',0,3),(3232,'life',0,1),(3233,'assuming',0,1),(3234,'flawless',0,1),(3235,'beta',0,1),(3236,'battle',0,1),(3237,'tested',0,2),(3238,'taking',0,1),(3239,'action',0,1),(3240,'contents',0,1),(3241,'right',0,2),(3242,'unless',0,1),(3243,'test',0,5),(3244,'signs',0,1),(3245,'line',0,2),(3246,'production',0,2),(3247,'style',0,1),(3248,'indications',0,1),(3249,'requirements',0,2),(3250,'showing',0,1),(3251,'including',0,1),(3252,'women',0,2),(3253,'situations',0,1),(3254,'now',0,2),(3255,'teenager',0,1),(3256,'legal',0,1),(3257,'safety',0,2),(3258,'age',0,1),(3259,'suitable',0,2),(3260,'cave',0,5),(3261,'better',0,1),(3262,'keep',0,1),(3263,'waters',0,1),(3264,'only',0,3),(3265,'reb',0,2),(3266,'might',0,1),(3267,'friend',0,1),(3268,'ccrs',0,1),(3269,'doesn',0,1),(3270,'matter',0,1),(3271,'call',0,2),(3272,'package',0,1),(3273,'main',0,1),(3274,'goal',0,3),(3275,'variety',0,1),(3276,'mixed',0,1),(3277,'catalogs',0,1),(3278,'borchures',0,1),(3279,'essentially',0,1),(3280,'collection',0,1),(3281,'both',0,2),(3282,'stills',0,1),(3283,'videos',0,4),(3284,'delivered',0,1),(3285,'formats',0,1),(3286,'off',0,1),(3287,'promotion',0,2),(3288,'timeline',0,1),(3289,'too',0,2),(3290,'compressed',0,1),(3291,'approach',0,1),(3292,'particularly',0,1),(3293,'cost',0,1),(3294,'effective',0,1),(3295,'free',0,4),(3296,'seek',0,1),(3297,'good',0,2),(3298,'opportunities',0,1),(3299,'shoot',0,2),(3300,'maximising',0,1),(3301,'efficiency',0,1),(3302,'when',0,2),(3303,'ideally',0,1),(3304,'ready',0,1),(3305,'sure',0,2),(3306,'meant',0,1),(3307,'email',0,1),(3308,'design',0,3),(3309,'execute',0,1),(3310,'finish',0,1),(3311,'going',0,3),(3312,'ideal',0,2),(3313,'want',0,2),(3314,'part',0,3),(3315,'person',0,3),(3316,'attending',0,1),(3317,'supervising',0,1),(3318,'operations',0,1),(3319,'whole',0,1),(3320,'feel',0,2),(3321,'defined',0,1),(3322,'something',0,1),(3323,'willing',0,1),(3324,'see',0,2),(3325,'match',0,1),(3326,'let',0,2),(3327,'things',0,2),(3328,'defining',0,1),(3329,'initial',0,1),(3330,'calculations',0,1),(3331,'collaboration',0,1),(3332,'exclusive',0,1),(3333,'makes',0,1),(3334,'advantage',0,1),(3335,'together',0,2),(3336,'really',0,1),(3337,'perspectives',0,1),(3338,'hearing',0,2),(3339,'again',0,1),(3340,'catch',0,1),(3341,'zoy',0,1),(3342,'egzemplarze',0,1),(3343,'przetestowania',0,1),(3344,'niedziel',0,1),(3345,'przetestowaniu',0,2),(3346,'wysya',0,2),(3347,'dwa',0,3),(3348,'poniewa',0,3),(3349,'grawerw',0,3),(3350,'zrobili',0,3),(3351,'dzisiaj',0,5),(3352,'wysali',0,2),(3353,'trzecia',0,2),(3354,'sztuka',0,2),(3355,'montowana',0,2),(3356,'wygrawerowany',0,2),(3357,'trzeci',0,3),(3358,'nierealna',0,1),(3359,'pisaam',0,2),(3360,'poda',0,1),(3361,'inny',0,3),(3362,'wysany',0,1),(3363,'wizytwk',0,1),(3364,'google',0,7),(3365,'zaktualizowa',0,1),(3366,'pilnych',0,1),(3367,'zmieni',0,2),(3368,'ustawione',0,2),(3369,'domyle',0,1),(3370,'skrypt',0,1),(3371,'wybiera',0,1),(3372,'wypadku',0,1),(3373,'opinii',0,1),(3374,'komentarza',0,1),(3375,'administracji',0,1),(3376,'nadany',0,1),(3377,'wizytwka',0,5),(3378,'firmowa',0,4),(3379,'andrzej',0,1),(3380,'zajmowa',0,1),(3381,'beata',0,1),(3382,'sotys',0,1),(3383,'137',0,1),(3384,'1650389280',0,1),(3385,'wczoraj',0,2),(3386,'grawerowa',0,1),(3387,'zastrzee',0,1),(3388,'nadamy',0,1),(3389,'jutro',0,2),(3390,'max',0,4),(3391,'czwartku',0,1),(3392,'panstwa',0,1),(3393,'wyznakowane',0,1),(3394,'chcielimy',0,1),(3395,'marnowa',0,1),(3396,'sztuk',0,2),(3397,'graweru',0,1),(3398,'mielibysmy',0,1),(3399,'material',0,3),(3400,'poznakowania',0,1),(3401,'parametrami',0,1),(3402,'zamwienie',0,1),(3403,'puszczone',0,1),(3404,'narzutu',0,2),(3405,'374',0,1),(3406,'cena',1,11),(3407,'uwzgldnieniu',0,1),(3408,'zniki',0,2),(3409,'sprzedwcw',0,1),(3410,'wynosi',0,1),(3411,'495',0,1),(3412,'2277',0,1),(3413,'nisza',0,1),(3414,'dokadamy',0,1),(3415,'dlatego',0,2),(3416,'wycofalimy',0,1),(3417,'ciank',0,1),(3418,'pleksy',0,1),(3419,'projektu',0,3),(3420,'now',0,2),(3421,'modele',0,3),(3422,'wprowadzimy',0,2),(3423,'planowane',0,4),(3424,'grubsze',0,1),(3425,'stary',0,1),(3426,'wycofany',0,1),(3427,'ciki',0,1),(3428,'transporcie',0,1),(3429,'u1086',0,1),(3430,'660',0,1),(3431,'poszed',0,1),(3432,'wystawowy',0,2),(3433,'propozycjom',0,1),(3434,'poza',0,4),(3435,'wrzuc',0,2),(3436,'plakat',0,1),(3437,'zwizany',0,1),(3438,'koparkach',0,2),(3439,'mysl',0,1),(3440,'bliej',0,2),(3441,'terminu',0,1),(3442,'grafik',0,3),(3443,'kolorami',0,1),(3444,'wspgrao',0,1),(3445,'dotyczy',0,1),(3446,'linii',0,1),(3447,'internetow',0,1),(3448,'nastpnych',0,2),(3449,'usucie',0,2),(3450,'kody',0,4),(3451,'km157m',0,2),(3452,'km167m',0,2),(3453,'koszulki',0,4),(3454,'fullprint',0,2),(3455,'militarne',0,3),(3456,'przyporzdkowane',0,2),(3457,'kodzie',0,2),(3458,'jakby',0,2),(3459,'xxxxl',0,2),(3460,'ktrego',0,3),(3461,'okrgy',0,1),(3462,'izy',0,2),(3463,'kosztw',0,1),(3464,'okrg',0,1),(3465,'1882',0,1),(3466,'netto',0,1),(3467,'malowanie',0,1),(3468,'proszkowe',0,1),(3469,'czarno',0,1),(3470,'kosztowa',0,1),(3471,'nigdy',0,1),(3472,'zlecaam',0,1),(3473,'gotowych',0,2),(3474,'zawie',0,1),(3475,'prosi',0,1),(3476,'wycen',0,1),(3477,'pauliny',0,3),(3478,'przeniosam',0,2),(3479,'skategoryzowa',0,1),(3480,'ujednolicenie',0,1),(3481,'pozwoli',0,3),(3482,'zewntrz',0,1),(3483,'kolejnej',0,2),(3484,'naniosam',0,1),(3485,'kategoriach',0,1),(3486,'niezbdne',0,4),(3487,'oglnie',0,2),(3488,'arkuszu',0,1),(3489,'przejrze',0,2),(3490,'zatwierdzi',0,1),(3491,'150',0,2),(3492,'najwieszych',0,1),(3493,'prosto',0,1),(3494,'siedziby',0,1),(3495,'dotycz',0,1),(3496,'serwisu',0,1),(3497,'gwarancji',0,1),(3498,'serwis',0,4),(3499,'poziomy',0,1),(3500,'poziom',0,4),(3501,'praktycznie',0,1),(3502,'przegldu',0,1),(3503,'smarowania',0,1),(3504,'ring',0,1),(3505,'zaawansowany',0,1),(3506,'rozbieranie',0,1),(3507,'caego',0,1),(3508,'czci',0,2),(3509,'silnikiem',0,1),(3510,'serwisie',0,1),(3511,'gwarancja',0,1),(3512,'przeduona',0,1),(3513,'kolejny',0,3),(3514,'rok',0,1),(3515,'zeszym',0,1),(3516,'tygodniu',0,4),(3517,'szkoleniu',0,1),(3518,'poziomu',0,2),(3519,'sieniawy',0,1),(3520,'ucieszy',0,1),(3521,'wyjcia',0,2),(3522,'ogrzewanie',0,2),(3523,'wizyt',0,1),(3524,'pojedyncze',0,1),(3525,'prawdopodobmi',0,1),(3526,'testami',0,1),(3527,'parametry',0,1),(3528,'specyfikacje',0,1),(3529,'mierzy',0,2),(3530,'porwnawczo',0,1),(3531,'akustyk',0,1),(3532,'metodologi',0,1),(3533,'nowinek',0,1),(3534,'wzbudzi',0,1),(3535,'zainteresowanie',0,1),(3536,'wida',0,1),(3537,'wybrany',0,1),(3538,'zakupiony',0,1),(3539,'planuje',0,2),(3540,'zmienia',0,1),(3541,'zaciekawi',0,1),(3542,'podesa',0,1),(3543,'przetumaczymy',0,1),(3544,'dosta',0,3),(3545,'wina',0,1),(3546,'pozdrowi',0,1),(3547,'mio',0,1),(3548,'wspomina',0,1),(3549,'wizyt',0,1),(3550,'buczynach',0,1),(3551,'nurkowie',0,1),(3552,'policyjni',0,1),(3553,'chcieli',0,2),(3554,'podczy',0,1),(3555,'pogadalimy',0,1),(3556,'rnych',0,2),(3557,'maszynach',0,3),(3558,'miaem',0,1),(3559,'woreczki',0,1),(3560,'seacrafta',0,8),(3561,'coby',0,1),(3562,'zapomnieli',0,1),(3563,'ali',0,1),(3564,'holenderske',0,1),(3565,'organizacje',0,1),(3566,'ekologiczne',0,1),(3567,'pozwala',0,1),(3568,'wyszkolenie',0,1),(3569,'fok',0,1),(3570,'poszukiwania',0,2),(3571,'zwok',0,1),(3572,'wod',0,3),(3573,'uywaj',0,2),(3574,'psw',0,1),(3575,'wyczuwaj',0,1),(3576,'aromat',0,1),(3577,'foki',0,1),(3578,'skuteczniejsze',0,1),(3579,'waniejszych',0,1),(3580,'pani',0,2),(3581,'przetargw',0,1),(3582,'pan',0,1),(3583,'logistyki',0,1),(3584,'klauzula',0,1),(3585,'udowodnienie',0,1),(3586,'duej',0,1),(3587,'dostawy',0,1),(3588,'ruben',0,1),(3589,'mwi',0,2),(3590,'dostawie',0,1),(3591,'500',0,1),(3592,'eur',0,1),(3593,'kontaktu',0,4),(3594,'klientem',0,1),(3595,'referencje',0,1),(3596,'dokadnie',0,5),(3597,'jak',0,2),(3598,'kwot',0,1),(3599,'chodzi',0,2),(3600,'siel',0,1),(3601,'lat',0,1),(3602,'robili',0,1),(3603,'reby',0,1),(3604,'marynarki',0,1),(3605,'znacznie',0,1),(3606,'szersze',0,1),(3607,'spektrum',0,1),(3608,'dziaalnoci',0,1),(3609,'dystansem',0,1),(3610,'podszedem',0,1),(3611,'kocu',0,3),(3612,'suexem',0,1),(3613,'okazuje',0,1),(3614,'sie',0,1),(3615,'cay',0,5),(3616,'bateri',0,1),(3617,'elektonik',0,1),(3618,'suexa',0,1),(3619,'rura',0,1),(3620,'silnik',0,3),(3621,'jask',0,1),(3622,'peter',0,1),(3623,'boules',0,1),(3624,'wyrazi',0,1),(3625,'niezy',0,1),(3626,'swoj',0,1),(3627,'drog',0,1),(3628,'podobno',0,1),(3629,'aktualna',0,1),(3630,'bojka',0,1),(3631,'komunikuje',0,1),(3632,'bezprzewodowo',0,1),(3633,'puszczana',0,1),(3634,'sznurku',0,1),(3635,'rozwizaoby',0,1),(3636,'linka',0,1),(3637,'1mm',0,1),(3638,'dyneema',0,1),(3639,'koowrotek',0,1),(3640,'trosz',0,1),(3641,'przesyt',0,1),(3642,'wspprac',0,1),(3643,'clemenzie',0,1),(3644,'wyraa',0,1),(3645,'debil',0,1),(3646,'poogldaem',0,1),(3647,'filmy',0,1),(3648,'promocyjne',0,1),(3649,'kupe',0,1),(3650,'kasy',0,1),(3651,'poszo',0,1),(3652,'sterowanie',0,1),(3653,'autonomiczne',0,1),(3654,'odziami',0,1),(3655,'motorowymi',0,1),(3656,'partolowymi',0,1),(3657,'izraela',0,1),(3658,'unikania',0,1),(3659,'tolerancj',0,1),(3660,'rozkoys',0,1),(3661,'fale',0,1),(3662,'wiatr',0,1),(3663,'poyjemy',0,1),(3664,'zobaczymy',0,2),(3665,'chwalili',0,1),(3666,'pory',0,1),(3667,'byli',0,1),(3668,'dwjk',0,1),(3669,'dyrektor',0,1),(3670,'rynk',0,1),(3671,'eksportowych',0,1),(3672,'drugi',0,1),(3673,'woch',0,1),(3674,'emerytowany',0,1),(3675,'nurek',0,4),(3676,'comsubinu',0,1),(3677,'wkurzali',0,1),(3678,'malezj',0,1),(3679,'wygralimy',0,1),(3680,'szykowali',0,1),(3681,'dostawa',0,1),(3682,'chiczykw',0,1),(3683,'faktycznie',0,3),(3684,'odbya',0,1),(3685,'rebw',0,1),(3686,'dostarczyli',0,1),(3687,'nazw',0,1),(3688,'ba',0,1),(3689,'czechw',0,1),(3690,'rebami',0,1),(3691,'wkurza',0,1),(3692,'wypowiada',0,1),(3693,'sowa',0,1),(3694,'zdecydowani',0,1),(3695,'seacrafty',0,1),(3696,'specjalizuj',0,1),(3697,'cznoci',0,1),(3698,'podwodnej',0,1),(3699,'patenty',0,3),(3700,'wykorzystywane',0,1),(3701,'rozwzaniach',0,1),(3702,'nawigacja',0,1),(3703,'robty',0,1),(3704,'branduj',0,1),(3705,'widziaem',0,1),(3706,'nowiutki',0,1),(3707,'foto',0,1),(3708,'rczny',0,1),(3709,'wpinania',0,1),(3710,'konsolki',0,1),(3711,'nawigowania',0,1),(3712,'pywajcego',0,1),(3713,'petwy',0,1),(3714,'nurka',0,3),(3715,'rynku',0,3),(3716,'cywilnym',0,1),(3717,'egipcie',0,3),(3718,'ludzi',0,2),(3719,'znajomoci',0,1),(3720,'wyczenie',0,1),(3721,'bana',0,1),(3722,'permit',0,1),(3723,'importy',0,1),(3724,'kraju',0,2),(3725,'wtpi',0,3),(3726,'wysondowa',0,1),(3727,'skuterowego',0,1),(3728,'utopio',0,1),(3729,'drastycznie',0,1),(3730,'dostaw',0,1),(3731,'zaatwi',0,2),(3732,'suexowi',0,1),(3733,'krajw',0,2),(3734,'gwnie',0,1),(3735,'pnocna',0,1),(3736,'europa',0,1),(3737,'bliski',0,1),(3738,'wschd',0,1),(3739,'azja',0,1),(3740,'nagrywa',0,1),(3741,'vice',0,1),(3742,'waterproofa',0,2),(3743,'rozwijajce',0,1),(3744,'dywizj',0,1),(3745,'militarn',0,3),(3746,'skafanry',0,1),(3747,'siy',0,1),(3748,'filmowo',0,1),(3749,'zdjciowo',0,1),(3750,'adne',0,1),(3751,'skafandry',0,1),(3752,'namiary',0,1),(3753,'warte',0,1),(3754,'odwiedzenia',0,1),(3755,'wojskowe',0,5),(3756,'mwi',0,3),(3757,'rotinorze',0,1),(3758,'nastpiy',0,1),(3759,'roszady',0,1),(3760,'pracownikw',0,1),(3761,'goci',0,2),(3762,'kiepski',0,1),(3763,'eksportowy',0,1),(3764,'pare',0,1),(3765,'jedzili',0,1),(3766,'wszdzie',0,2),(3767,'dobrzy',0,1),(3768,'wciekli',0,1),(3769,'dao',0,1),(3770,'zbiera',0,1),(3771,'tematycznie',0,2),(3772,'nikt',0,1),(3773,'znajdzie',0,1),(3774,'piotrek',0,1),(3775,'poskada',0,1),(3776,'otchani',0,1),(3777,'utona',0,1),(3778,'cenie',0,1),(3779,'zakupu',0,2),(3780,'kto',0,4),(3781,'firmy',0,1),(3782,'domylne',0,1),(3783,'przegldn',0,1),(3784,'wzbogaci',0,1),(3785,'pusta',0,1),(3786,'zasobnik',0,1),(3787,'producenta',0,1),(3788,'suits',0,3),(3789,'tactical',0,3),(3790,'bags',0,4),(3791,'day',0,4),(3792,'zas3',0,2),(3793,'mog',0,1),(3794,'napisa',0,3),(3795,'specjalne',0,1),(3796,'profilu',0,5),(3797,'organizatory',0,1),(3798,'publikuj',0,1),(3799,'markach',0,1),(3800,'wystawcach',0,1),(3801,'darmowy',0,1),(3802,'wasny',0,1),(3803,'odpowied',0,2),(3804,'ramach',0,2),(3805,'patne',0,1),(3806,'chcecie',0,2),(3807,'przygotujcie',0,1),(3808,'materiaach',0,2),(3809,'tekstylnych',0,1),(3810,'promocj',0,1),(3811,'chce',0,5),(3812,'sob',0,2),(3813,'czapki',0,1),(3814,'zimowe',0,1),(3815,'polarem',0,1),(3816,'polaru',0,1),(3817,'daszkiem',0,1),(3818,'baweniane',0,1),(3819,'fullprintw',0,1),(3820,'rozmiarwka',0,1),(3821,'uzupeniona',0,1),(3822,'podwyce',0,1),(3823,'cen',0,3),(3824,'rozdawanie',0,1),(3825,'zy',0,2),(3826,'poprosiam',0,1),(3827,'odoenie',0,1),(3828,'zimowych',0,1),(3829,'rozmiarze',0,1),(3830,'bawenianych',0,1),(3831,'wiksze',0,1),(3832,'przeka',0,1),(3833,'idze',0,1),(3834,'zapytam',0,1),(3835,'ustala',0,1),(3836,'due',0,1),(3837,'wpado',0,1),(3838,'otcha',0,1),(3839,'zaatwia',0,1),(3840,'pakistanu',0,1),(3841,'wycenialimy',0,1),(3842,'podwyszona',0,1),(3843,'upust',0,1),(3844,'dystrybutora',0,2),(3845,'sniper',0,1),(3846,'rifle',0,1),(3847,'unrug',0,1),(3848,'reference',0,1),(3849,'450',0,1),(3850,'790',0,1),(3851,'890',0,1),(3852,'kontaktowaam',0,1),(3853,'dobra',0,1),(3854,'wiadomo',0,2),(3855,'nagra',0,1),(3856,'pyrzowicach',0,1),(3857,'pytania',0,2),(3858,'jaka',0,1),(3859,'grupa',0,1),(3860,'docelowa',0,1),(3861,'pyta',0,1),(3862,'mczyni',0,1),(3863,'kobiety',0,1),(3864,'wieku',0,1),(3865,'single',0,1),(3866,'rodziny',0,1),(3867,'dziemi',0,1),(3868,'zwariowane',0,1),(3869,'pary',0,1),(3870,'potrzebuje',0,1),(3871,'cechy',0,1),(3872,'wedug',0,1),(3873,'was',0,3),(3874,'najchtniej',0,1),(3875,'kupi',0,2),(3876,'punktach',0,2),(3877,'podstawowe',0,1),(3878,'waga',0,1),(3879,'dugo',0,2),(3880,'szeroko',0,1),(3881,'osigi',0,1),(3882,'dane',0,2),(3883,'konstrukcyjne',0,1),(3884,'podkreli',0,1),(3885,'wyjtkowe',0,1),(3886,'czyni',0,1),(3887,'nadzwyczajnym',0,1),(3888,'opisowo',0,1),(3889,'proba',0,2),(3890,'punktu',0,2),(3891,'widzenia',0,2),(3892,'wane',0,2),(3893,'pokazywany',0,1),(3894,'przeznaczenie',0,1),(3895,'uyteczno',0,1),(3896,'przygotowywa',0,2),(3897,'wnioski',0,1),(3898,'postu',0,1),(3899,'zrazia',0,1),(3900,'bezporedni',0,1),(3901,'bohater',0,1),(3902,'sucha',0,1),(3903,'narracja',0,2),(3904,'wsparta',0,1),(3905,'lektorem',0,1),(3906,'infografikami',0,1),(3907,'rola',0,1),(3908,'czysto',0,2),(3909,'informacyjna',0,1),(3910,'podjli',0,1),(3911,'zakupie',0,1),(3912,'segmencie',0,1),(3913,'wybra',0,1),(3914,'ofert',0,4),(3915,'emocjach',0,1),(3916,'kluczem',0,1),(3917,'szukajcych',0,1),(3918,'szukaj',0,1),(3919,'szczcia',0,1),(3920,'radoci',0,1),(3921,'znalezieniu',0,2),(3922,'pomoe',0,1),(3923,'kobieta',0,3),(3924,'auto',0,1),(3925,'stricte',0,1),(3926,'niezastpionej',0,1),(3927,'roli',0,1),(3928,'drodze',0,1),(3929,'prezentacyjny',0,1),(3930,'ktrym',0,2),(3931,'wciela',0,1),(3932,'role',0,1),(3933,'testera',0,2),(3934,'swojego',0,1),(3935,'przedstawia',0,1),(3936,'cwaniakw',0,2),(3937,'wiedz',0,1),(3938,'uczy',0,1),(3939,'bdach',0,1),(3940,'gdy',0,1),(3941,'wielu',0,2),(3942,'podj',0,1),(3943,'decyzji',0,1),(3944,'dokona',0,1),(3945,'wyboru',0,1),(3946,'wie',0,1),(3947,'ogromnym',0,1),(3948,'niesprecyzowanym',0,1),(3949,'ryzykiem',0,1),(3950,'kupuj',0,1),(3951,'przypadkowo',0,1),(3952,'najtaniej',0,1),(3953,'zminimalizowa',0,1),(3954,'straty',0,1),(3955,'wcale',0,1),(3956,'naraa',0,1),(3957,'wyrzutw',0,1),(3958,'sumienia',0,1),(3959,'znowu',0,1),(3960,'dali',0,1),(3961,'oszuka',0,1),(3962,'dowiadczenie',0,1),(3963,'drugiego',0,1),(3964,'czowieka',0,1),(3965,'kupi',0,1),(3966,'opowiada',0,1),(3967,'pokazuje',0,1),(3968,'wybr',0,2),(3969,'sprawia',0,1),(3970,'wahania',0,1),(3971,'wtpliwoci',0,1),(3972,'okae',0,1),(3973,'zakup',0,5),(3974,'z',0,1),(3975,'decyzj',0,1),(3976,'kupujcy',0,1),(3977,'ni',0,3),(3978,'czyste',0,1),(3979,'sumienie',0,1),(3980,'tacy',0,1),(3981,'ludzie',0,1),(3982,'sprawdzenia',0,1),(3983,'posza',0,1),(3984,'wrci',0,1),(3985,'penej',0,1),(3986,'kotroli',0,1),(3987,'roll',0,1),(3988,'katalogowa',0,1),(3989,'poinformowanie',0,1),(3990,'dodajemy',0,1),(3991,'robimy',0,1),(3992,'bro',0,3),(3993,'pniejszym',0,1),(3994,'kolejna',0,1),(3995,'nowo',0,1),(3996,'ofercie',0,1),(3997,'wietna',0,2),(3998,'odnonie',0,3),(3999,'lotniska',0,2),(4000,'scenariusza',0,1),(4001,'odwany',0,1),(4002,'wstpnego',0,1),(4003,'pomysu',0,2),(4004,'dostpnego',0,1),(4005,'ciekawy',0,2),(4006,'ukazaniem',0,1),(4007,'spokojnie',0,1),(4008,'przemyle',0,1),(4009,'uzupeni',0,1),(4010,'kopiuj',0,1),(4011,'lad',0,1),(4012,'utoneo',0,1),(4013,'mejlach',0,1),(4014,'momey',0,1),(4015,'stworzy',0,1),(4016,'mylaem',0,2),(4017,'osobny',0,1),(4018,'ukarze',0,1),(4019,'informacyjny',0,2),(4020,'opisany',0,1),(4021,'okazja',0,1),(4022,'perspektywy',0,1),(4023,'opisujcy',0,1),(4024,'mark',0,2),(4025,'tydzie',0,1),(4026,'opisze',0,1),(4027,'wzbogacimy',0,1),(4028,'grafik',0,1),(4029,'wydarzeniem',0,1),(4030,'zgrane',0,1),(4031,'newsletterem',0,1),(4032,'dodatkowym',0,1),(4033,'sharowaniem',0,1),(4034,'obu',0,1),(4035,'stron',0,1),(4036,'podbiciem',0,1),(4037,'zasigw',0,2),(4038,'sharujemy',0,1),(4039,'shareuja',0,1),(4040,'zblia',0,2),(4041,'powoli',0,2),(4042,'zaczyna',0,2),(4043,'udostpnia',0,1),(4044,'zbitki',0,1),(4045,'zapowiedzi',0,1),(4046,'tajemniczych',0,1),(4047,'sprztw',0,1),(4048,'niemniej',0,2),(4049,'rozpoczcia',0,1),(4050,'rozmw',0,1),(4051,'miesicy',0,1),(4052,'rusz',0,1),(4053,'czsto',0,2),(4054,'razy',0,1),(4055,'oznaczaj',0,2),(4056,'swoich',0,1),(4057,'zdjciach',0,3),(4058,'efekcie',0,1),(4059,'twarzy',0,1),(4060,'czonkw',0,2),(4061,'ekipy',0,2),(4062,'zdjciu',0,3),(4063,'oznaczonych',0,1),(4064,'kilkadziesit',0,1),(4065,'siatce',0,2),(4066,'oznacze',0,3),(4067,'mnstwo',0,1),(4068,'wraz',0,2),(4069,'rozpoczciem',0,1),(4070,'mae',0,2),(4071,'zalej',0,1),(4072,'oznaczeniem',0,1),(4073,'wsppraca',0,8),(4074,'siatka',0,2),(4075,'seacraftdpv',0,1),(4076,'tagged',0,1),(4077,'cczkd8oqymg',0,1),(4078,'cbzqjznadk4',0,1),(4079,'czzmt8zqn5j',0,1),(4080,'czwyqtoqltd',0,1),(4081,'czcgt',0,1),(4082,'okmhr',0,1),(4083,'cygcosskfgh',0,1),(4084,'uznaj',0,1),(4085,'form',0,3),(4086,'promocji',0,3),(4087,'naleymy',0,1),(4088,'portretowe',0,1),(4089,'kolesi',0,1),(4090,'przedzierajcych',0,1),(4091,'lasy',0,1),(4092,'uzupeniania',0,1),(4093,'wrzucam',0,2),(4094,'screenshot',0,1),(4095,'wytycznymi',0,1),(4096,'oznaczania',0,3),(4097,'oznaczenia',0,2),(4098,'takiej',0,2),(4099,'zjciu',0,1),(4100,'caa',0,2),(4101,'siatki',0,1),(4102,'myl',0,1),(4103,'wej',0,1),(4104,'otagowali',0,1),(4105,'usu',0,1),(4106,'decydowa',0,1),(4107,'oznaczeni',0,1),(4108,'pniej',0,8),(4109,'widniej',0,1),(4110,'usuwam',0,1),(4111,'wydaje',0,3),(4112,'oznaczali',0,1),(4113,'rne',0,3),(4114,'kupimy',0,1),(4115,'wszystkie',0,8),(4116,'sztuce',0,2),(4117,'porobimy',0,1),(4118,'martin',0,1),(4119,'strimka',0,1),(4120,'videographer',0,1),(4121,'photographer',0,1),(4122,'editor',0,1),(4123,'publikujcy',0,1),(4124,'artykuy',0,1),(4125,'magayznie',0,1),(4126,'tauchen',0,1),(4127,'pracuje',0,2),(4128,'kilkoma',0,2),(4129,'ciekawymi',0,1),(4130,'projektami',0,1),(4131,'dokument',0,1),(4132,'jaskiniach',0,7),(4133,'sowacji',0,2),(4134,'niedugo',0,2),(4135,'duy',0,1),(4136,'chorwacji',0,3),(4137,'cetina',0,1),(4138,'fuentona',0,1),(4139,'muriel',0,1),(4140,'youtube',0,1),(4141,'watch',0,1),(4142,'mcv29smc',0,1),(4143,'hklfxrxy8co',0,1),(4144,'skrcie',0,1),(4145,'zadowolony',0,1),(4146,'potrzebowali',0,1),(4147,'min',0,2),(4148,'montowania',0,1),(4149,'kamer',0,1),(4150,'muzeum',0,1),(4151,'byyby',0,1),(4152,'oczekiwania',0,1),(4153,'wsparcia',0,7),(4154,'projekcie',0,2),(4155,'oferuj',0,1),(4156,'ekspozycje',0,1),(4157,'argument',0,1),(4158,'maritna',0,1),(4159,'zachci',0,1),(4160,'status',0,1),(4161,'redaktora',0,1),(4162,'interesuj',0,1),(4163,'projektw',0,3),(4164,'zaoferowa',0,2),(4165,'podobn',0,2),(4166,'malcie',0,1),(4167,'znam',0,1),(4168,'kupno',0,1),(4169,'rabatem',0,1),(4170,'ekspozycja',0,1),(4171,'oryginalna',0,1),(4172,'martina',0,1),(4173,'skip',0,1),(4174,'introducing',0,1),(4175,'myself',0,2),(4176,'believe',0,2),(4177,'visual',0,2),(4178,'always',0,2),(4179,'tells',0,1),(4180,'than',0,1),(4181,'big',0,2),(4182,'fan',0,1),(4183,'highly',0,1),(4184,'benefitial',0,1),(4185,'tec',0,4),(4186,'judging',0,1),(4187,'perspective',0,1),(4188,'add',0,2),(4189,'absolutely',0,1),(4190,'feature',0,1),(4191,'sequences',0,1),(4192,'honestly',0,1),(4193,'confident',0,1),(4194,'say',0,2),(4195,'using',0,2),(4196,'footage',0,2),(4197,'nobody',0,1),(4198,'seen',0,1),(4199,'documentary',0,2),(4200,'slovakia',0,1),(4201,'shortly',0,1),(4202,'croatia',0,2),(4203,'spring',0,2),(4204,'followed',0,1),(4205,'another',0,1),(4206,'happen',0,1),(4207,'headquarters',0,1),(4208,'names',0,1),(4209,'clearly',0,1),(4210,'majority',0,1),(4211,'represent',0,1),(4212,'exposure',0,2),(4213,'according',0,1),(4214,'needs',0,2),(4215,'current',0,1),(4216,'magazine',0,1),(4217,'house',0,1),(4218,'deliver',0,1),(4219,'resonable',0,1),(4220,'write',0,1),(4221,'glad',0,1),(4222,'projects',0,3),(4223,'sparked',0,1),(4224,'interest',0,1),(4225,'describe',0,1),(4226,'detail',0,1),(4227,'simple',0,3),(4228,'capturing',0,1),(4229,'highest',0,2),(4230,'quality',0,2),(4231,'therefor',0,2),(4232,'focus',0,1),(4233,'procedures',0,1),(4234,'technologies',0,2),(4235,'able',0,3),(4236,'push',0,1),(4237,'capabilties',0,1),(4238,'further',0,1),(4239,'smoothness',0,1),(4240,'dynamics',0,1),(4241,'wouldn',0,1),(4242,'possible',0,4),(4243,'otherwise',0,1),(4244,'hence',0,1),(4245,'pieces',0,3),(4246,'matching',0,1),(4247,'channels',0,1),(4248,'dates',0,2),(4249,'quite',0,1),(4250,'active',0,1),(4251,'spanish',0,1),(4252,'exact',0,1),(4253,'yet',0,1),(4254,'wreck',0,1),(4255,'haven',0,1),(4256,'arenzano',0,1),(4257,'maris',0,1),(4258,'document',0,2),(4259,'said',0,2),(4260,'exchange',0,1),(4261,'materials',0,1),(4262,'publish',0,1),(4263,'possibly',0,2),(4264,'projekty',0,8),(4265,'sowacja',0,6),(4266,'hiszpania',0,6),(4267,'koniecznie',0,1),(4268,'powiedzie',0,2),(4269,'kilkunastu',0,1),(4270,'oznacza',0,1),(4271,'skd',0,1),(4272,'spam',0,1),(4273,'czzowbcqg99',0,1),(4274,'cywvl6sqdme',0,1),(4275,'zastanawiamy',0,1),(4276,'spamowe',0,1),(4277,'profili',0,1),(4278,'wpywaj',0,1),(4279,'obnienie',0,1),(4280,'wrzeniu',0,1),(4281,'dkws',0,1),(4282,'amw',0,2),(4283,'prezentacj',0,1),(4284,'gdyni',0,2),(4285,'wzgldu',0,2),(4286,'aktualn',0,1),(4287,'sytuacj',0,1),(4288,'dokadny',0,2),(4289,'sierpniu',0,1),(4290,'patentach',0,1),(4291,'pracujcy',0,2),(4292,'zastrzeony',0,1),(4293,'patent',0,1),(4294,'przyciski',0,2),(4295,'piezo',0,2),(4296,'zatrzaskw',0,1),(4297,'przyznany',0,1),(4298,'weryfikacji',0,4),(4299,'cyklu',0,1),(4300,'potrzebowa',0,1),(4301,'tekstw',0,1),(4302,'napiszemy',0,2),(4303,'chcielibycie',0,1),(4304,'puci',0,4),(4305,'tryb',0,2),(4306,'odpowiada',0,1),(4307,'kontaktowy',0,2),(4308,'koordynatora',0,1),(4309,'moecie',0,2),(4310,'dorzuci',0,2),(4311,'szkicowo',0,1),(4312,'oficjalnie',0,1),(4313,'inaugurujcy',0,1),(4314,'wspprac',0,1),(4315,'ustalmy',0,1),(4316,'przyszym',0,1),(4317,'suchy',0,1),(4318,'niezbyt',0,2),(4319,'kontekcie',0,2),(4320,'szczcie',0,2),(4321,'nurkowego',0,2),(4322,'oglnego',0,2),(4323,'sparowanie',0,2),(4324,'nieszczliwego',0,2),(4325,'wakacjach',0,2),(4326,'poyczy',0,2),(4327,'nigdzie',0,2),(4328,'nieszczliwy',0,4),(4329,'pywa',0,3),(4330,'buta',0,2),(4331,'przylecia',0,2),(4332,'spdza',0,2),(4333,'swietnie',0,2),(4334,'hmmm',0,1),(4335,'uwadze',0,2),(4336,'nono',0,1),(4337,'przekaz',0,1),(4338,'musiaoby',0,1),(4339,'poczenie',0,2),(4340,'skadowych',0,1),(4341,'fabularyzowany',0,1),(4342,'dodaniem',0,1),(4343,'marketingowo',0,1),(4344,'prezentacyjno',0,1),(4345,'promocyjnych',0,1),(4346,'niepozorny',0,1),(4347,'wiemy',0,2),(4348,'wypuszczany',0,1),(4349,'zainteresuje',0,1),(4350,'para',0,1),(4351,'samotny',0,1),(4352,'targetem',0,1),(4353,'gocie',0,1),(4354,'leci',0,1),(4355,'spotyka',0,1),(4356,'pikne',0,2),(4357,'szczliwa',0,1),(4358,'ona',0,1),(4359,'leciutku',0,1),(4360,'kuszca',0,1),(4361,'lec',0,1),(4362,'razem',0,2),(4363,'wakacje',0,2),(4364,'scenka',0,1),(4365,'szybkiego',0,1),(4366,'niadania',0,1),(4367,'domu',0,1),(4368,'pakowanie',0,1),(4369,'wliczajc',0,1),(4370,'bezpieczestwa',0,1),(4371,'zestawi',0,1),(4372,'gocia',0,1),(4373,'przewie',0,1),(4374,'bateri',0,2),(4375,'konkurencyjnego',0,1),(4376,'widok',0,1),(4377,'rodka',0,1),(4378,'ldowanie',0,1),(4379,'szybkie',0,1),(4380,'zoenie',0,1),(4381,'nastpuje',0,2),(4382,'pywanie',0,1),(4383,'wchodzienie',0,1),(4384,'wody',0,2),(4385,'pokazujcy',0,1),(4386,'cecny',0,1),(4387,'adowanie',0,2),(4388,'otwarty',0,1),(4389,'trymowanie',0,2),(4390,'pokazujce',0,1),(4391,'przebitki',0,1),(4392,'nurkowa',0,1),(4393,'jaskiniowych',0,1),(4394,'wrakowych',0,1),(4395,'powaniejszych',0,1),(4396,'demwki',0,1),(4397,'kocowy',0,1),(4398,'voila',0,1),(4399,'luna',0,1),(4400,'mojej',0,1),(4401,'pisze',0,1),(4402,'pywa',0,2),(4403,'znik',0,2),(4404,'wypoyczenie',0,4),(4405,'zainteresowany',0,2),(4406,'zakupem',0,2),(4407,'wypoyczeniem',0,2),(4408,'dodatkowego',0,2),(4409,'gociu',0,1),(4410,'aktywny',0,1),(4411,'znika',0,2),(4412,'zwrotw',0,1),(4413,'marketingowych',0,2),(4414,'dziaa',0,3),(4415,'oczekuje',0,1),(4416,'dostanie',0,2),(4417,'cikie',0,1),(4418,'zapa',0,1),(4419,'dedykowane',0,1),(4420,'transportu',0,3),(4421,'uzbrojenia',0,1),(4422,'podpada',0,1),(4423,'koncesj',0,1),(4424,'worek',0,1),(4425,'transportowy',0,2),(4426,'wystarczy',0,1),(4427,'wgrane',0,1),(4428,'caoc',0,1),(4429,'oparta',0,1),(4430,'zaoeniu',0,1),(4431,'aktualnych',0,1),(4432,'ofertowa',0,1),(4433,'starszej',0,1),(4434,'generacji',0,1),(4435,'zbiorczym',0,1),(4436,'zawieraj',0,1),(4437,'greatest',0,1),(4438,'zastanowienia',0,1),(4439,'typowych',0,1),(4440,'zapasowe',0,1),(4441,'rozwin',0,1),(4442,'wchodzi',0,2),(4443,'spare',0,1),(4444,'tum1758',0,1),(4445,'connector',0,1),(4446,'rear',0,2),(4447,'piece',0,1),(4448,'wypada',0,2),(4449,'opracowa',0,1),(4450,'zniek',0,1),(4451,'centrw',0,1),(4452,'bazowe',0,1),(4453,'centra',0,3),(4454,'sprzedaj',0,1),(4455,'yj',0,1),(4456,'wynajmu',0,1),(4457,'wypoyczania',0,1),(4458,'dealerzy',0,1),(4459,'swobodnie',0,1),(4460,'niemcw',0,1),(4461,'meksyku',0,1),(4462,'malt',0,1),(4463,'definicji',0,1),(4464,'rejony',0,1),(4465,'znikomym',0,1),(4466,'rynkiem',0,1),(4467,'wasnym',0,1),(4468,'iloci',0,1),(4469,'odwiedzajcych',0,1),(4470,'seria',0,2),(4471,'minimum',0,2),(4472,'serii',0,1),(4473,'definiowa',0,1),(4474,'odsprzeday',0,1),(4475,'irenka',0,3),(4476,'wyjazdy',0,1),(4477,'skoordynowanie',0,2),(4478,'dat',0,1),(4479,'sesji',0,1),(4480,'nami',0,4),(4481,'zenobie',0,1),(4482,'maja',0,2),(4483,'wrakowe',0,2),(4484,'organizuje',0,2),(4485,'zdjciowa',0,9),(4486,'stangieska',0,9),(4487,'profesjonalna',0,1),(4488,'potrzebna',0,2),(4489,'ustal',0,1),(4490,'dosta',0,2),(4491,'obfotografuje',0,1),(4492,'zenobia',0,1),(4493,'cypr',0,1),(4494,'obie',0,2),(4495,'lotniczy',0,2),(4496,'gr',0,1),(4497,'zobacz',0,1),(4498,'fotografowani',0,1),(4499,'wyjedzie',0,1),(4500,'egipt',0,1),(4501,'fotografw',0,1),(4502,'podwodnych',0,2),(4503,'prowadzone',0,1),(4504,'irenk',0,1),(4505,'niedobr',0,1),(4506,'uzyski',0,1),(4507,'zdjciowe',0,1),(4508,'dostarczymy',0,1),(4509,'spore',0,1),(4510,'niech',0,2),(4511,'jedzie',0,1),(4512,'jej',0,7),(4513,'pasowao',0,1),(4514,'narobimy',0,1),(4515,'absolutnie',0,2),(4516,'wszystkiego',0,1),(4517,'tlenowy',0,1),(4518,'sardyni',0,1),(4519,'musia',0,2),(4520,'pofatygowa',0,1),(4521,'przesunie',0,1),(4522,'fajn',0,1),(4523,'modelk',0,1),(4524,'ania',0,2),(4525,'jeste',0,1),(4526,'sawek',0,1),(4527,'posiada',0,1),(4528,'zna',0,1),(4529,'ch',0,1),(4530,'pewno',0,1),(4531,'uycia',0,1),(4532,'pogadam',0,1),(4533,'zbadam',0,1),(4534,'ddugim',0,1),(4535,'weekendzie',0,1),(4536,'czwartek',0,1),(4537,'odkopie',0,1),(4538,'maili',0,1),(4539,'zaginie',0,1),(4540,'zasobnikw',0,3),(4541,'sprzedaowej',0,1),(4542,'dystrybutorzy',0,1),(4543,'upustu',0,1),(4544,'ustalalimy',0,1),(4545,'przelicz',0,1),(4546,'wniosek',0,1),(4547,'beaty',0,1),(4548,'rozbilimy',0,1),(4549,'kategori',0,1),(4550,'fora',0,1),(4551,'subkategorii',0,1),(4552,'atwiej',0,2),(4553,'widoczne',0,1),(4554,'uyteczne',0,1),(4555,'odnale',0,1),(4556,'nazewnictwo',0,1),(4557,'zasobniki',0,1),(4558,'cenow',0,1),(4559,'dostpnych',0,1),(4560,'rni',0,1),(4561,'typach',0,1),(4562,'sprzgw',0,4),(4563,'brakiem',0,1),(4564,'gotowoci',0,1),(4565,'pojawia',0,1),(4566,'okienko',0,1),(4567,'standaryzacja',0,2),(4568,'zapraszamy',0,3),(4569,'sens',0,1),(4570,'stoisku',0,1),(4571,'kramik',0,1),(4572,'zasobnikami',0,1),(4573,'szczeniaki',0,1),(4574,'roja',0,1),(4575,'rodzia',0,1),(4576,'reflektowaa',0,1),(4577,'nurkuj',0,1),(4578,'sawkiem',0,1),(4579,'ccr',0,1),(4580,'mogo',0,1),(4581,'kosztowo',0,1),(4582,'zabranie',0,1),(4583,'skuterka',0,1),(4584,'skupienie',0,1),(4585,'pozowaniu',0,1),(4586,'dopaci',0,1),(4587,'motywujce',0,1),(4588,'podpytam',0,1),(4589,'irenki',0,1),(4590,'dasz',0,2),(4591,'900e',0,1),(4592,'tipy',0,1),(4593,'175e',0,1),(4594,'przelot',0,1),(4595,'2050pln',0,1),(4596,'dziennie',0,1),(4597,'zesp',0,1),(4598,'nastawiony',0,1),(4599,'fotografi',0,1),(4600,'podwodn',0,1),(4601,'prowadzi',0,1),(4602,'warsztaty',0,1),(4603,'fotograficzne',0,1),(4604,'skupia',0,1),(4605,'sfinansujemy',0,1),(4606,'czciowo',0,1),(4607,'nakada',0,1),(4608,'paki',0,1),(4609,'wizualizacj',0,1),(4610,'walczy',0,1),(4611,'aktualizacj',0,1),(4612,'ansysa',0,1),(4613,'wysaniem',0,1),(4614,'tataj',0,1),(4615,'abymy',0,1),(4616,'widzimy',0,1),(4617,'moja',0,1),(4618,'wrzucony',0,1),(4619,'profirl',0,1),(4620,'organizatora',0,1),(4621,'prezentujemy',0,2),(4622,'bdziecie',0,2),(4623,'spotka',0,1),(4624,'testowa',0,1),(4625,'podlinkowana',0,2),(4626,'producena',0,1),(4627,'reprezentowany',0,2),(4628,'podlinkowane',0,2),(4629,'bazujcej',0,1),(4630,'wieloletnich',0,2),(4631,'badaniach',0,1),(4632,'rozwoju',0,2),(4633,'zastosowano',0,1),(4634,'nowatorskie',0,1),(4635,'rozwizania',0,1),(4636,'zakresie',0,2),(4637,'konstrukcji',0,1),(4638,'dotychczas',0,1),(4639,'stosowane',0,1),(4640,'urzdzeniach',0,1),(4641,'penym',0,1),(4642,'zanurzeniu',0,1),(4643,'brak',0,1),(4644,'momentu',0,1),(4645,'obrotowego',0,1),(4646,'szybko',0,1),(4647,'zwrotno',0,1),(4648,'cicha',0,2),(4649,'praca',0,2),(4650,'wyjcie',0,1),(4651,'wiele',0,2),(4652,'wybierajc',0,2),(4653,'otrzymujesz',0,2),(4654,'innowacyjnym',0,1),(4655,'obsuga',0,1),(4656,'autryzowanych',0,1),(4657,'sprzeday',0,1),(4658,'prezentowane',0,2),(4659,'flagowe',0,2),(4660,'elektoniczne',0,2),(4661,'konsole',0,2),(4662,'nawigacyjne',0,2),(4663,'przyjd',0,2),(4664,'spotkaj',0,2),(4665,'przedstawicielami',0,2),(4666,'osobicie',0,4),(4667,'odpowiedz',0,1),(4668,'pomog',0,1),(4669,'stories',0,1),(4670,'zastanawialimy',0,1),(4671,'pomimo',0,1),(4672,'jzykiem',0,1),(4673,'angielski',0,1),(4674,'polskim',0,2),(4675,'angielskim',0,1),(4676,'zaczynajcy',0,1),(4677,'ikonki',0,2),(4678,'polskiej',0,1),(4679,'brytyjskiej',0,1),(4680,'angielsku',0,1),(4681,'przejrzycie',0,1),(4682,'powtarzamy',0,1),(4683,'najlepszym',0,1),(4684,'sposobem',0,1),(4685,'przetestowanie',0,1),(4686,'samemu',0,1),(4687,'serdecznie',0,1),(4688,'edycj',0,1),(4689,'odpowiemy',0,1),(4690,'pomoemy',0,1),(4691,'via',0,1),(4692,'sport',0,1),(4693,'marina',0,1),(4694,'yourself',0,1),(4695,'invite',0,1),(4696,'11th',0,1),(4697,'edition',0,1),(4698,'meet',0,2),(4699,'answer',0,1),(4700,'help',0,1),(4701,'budownictwo',0,0),(4702,'oba',0,1),(4703,'bazujace',0,1),(4704,'fotkach',0,2),(4705,'ireny',0,3),(4706,'wykorzystaniem',0,1),(4707,'koparek',0,1),(4708,'pytanko',0,2),(4709,'uy',0,2),(4710,'udostpnienie',0,2),(4711,'podoba',0,1),(4712,'zdjciem',0,2),(4713,'teksty',0,1),(4714,'spoko',0,1),(4715,'polsko',0,1),(4716,'angielskojzyczna',0,1),(4717,'przeredagowana',0,1),(4718,'dopytaj',0,1),(4719,'bezproblemowe',0,2),(4720,'wypoyczanie',0,2),(4721,'zapisy',0,1),(4722,'pocie',0,1),(4723,'zaznaczy',0,1),(4724,'certyfikowanych',0,1),(4725,'kolejn',0,1),(4726,'zobaczy',0,1),(4727,'przetestowa',0,1),(4728,'nukowych',0,1),(4729,'producent',0,1),(4730,'jedyna',0,1),(4731,'pracujcego',0,1),(4732,'specjalnie',0,1),(4733,'zaprojektowana',0,1),(4734,'opatentowana',0,1),(4735,'konstrukcja',0,1),(4736,'pozwala',0,1),(4737,'cakowit',0,1),(4738,'eliminacj',0,1),(4739,'wau',0,1),(4740,'napdowego',0,1),(4741,'koniecznoci',0,1),(4742,'stosowania',0,2),(4743,'zawodnych',0,1),(4744,'uszczelnie',0,1),(4745,'przekadni',0,1),(4746,'potna',0,1),(4747,'moc',0,2),(4748,'niezwyka',0,1),(4749,'wydajno',0,1),(4750,'efektem',0,1),(4751,'doprowadziy',0,1),(4752,'wdroenia',0,1),(4753,'unikalnych',0,1),(4754,'niespotykanych',0,1),(4755,'skuterowym',0,1),(4756,'kierownica',0,1),(4757,'strug',0,1),(4758,'zwiksza',0,1),(4759,'redukuje',0,1),(4760,'zera',0,1),(4761,'efekt',0,2),(4762,'skrcania',0,1),(4763,'rczki',0,1),(4764,'graficzny',0,1),(4765,'wywietlacz',0,2),(4766,'zewntrzne',0,2),(4767,'bdce',0,1),(4768,'jednoczenie',0,1),(4769,'miejscem',0,2),(4770,'podczenia',0,1),(4771,'opcjonalnego',0,1),(4772,'12v',0,1),(4773,'systemw',0,1),(4774,'grzewczych',0,1),(4775,'pozna',0,1),(4776,'obsug',0,1),(4777,'realizowan',0,1),(4778,'certyfikowanym',0,1),(4779,'nurkom',0,1),(4780,'grafika',0,1),(4781,'elegancko',0,1),(4782,'dabym',0,1),(4783,'liczbie',0,2),(4784,'mnogiej',0,2),(4785,'lepsza',0,1),(4786,'dwujzyczno',0,1),(4787,'piszesz',0,1),(4788,'ikonk',0,1),(4789,'brytyjsk',0,1),(4790,'uwaga',0,2),(4791,'skrtu',0,1),(4792,'jzykw',0,1),(4793,'emotkach',0,1),(4794,'podelijcie',0,1),(4795,'irence',0,1),(4796,'pytaniem',0,1),(4797,'miaa',0,2),(4798,'przeciwko',0,2),(4799,'otagowa',0,1),(4800,'203',0,1),(4801,'1651063218',0,1),(4802,'trafna',0,1),(4803,'wzbogacenie',0,1),(4804,'brzmi',0,1),(4805,'sprawdz',0,2),(4806,'202',0,1),(4807,'formuka',0,1),(4808,'wyraa',0,1),(4809,'obecna',0,1),(4810,'umowa',0,2),(4811,'okresla',0,1),(4812,'mj',0,1),(4813,'faworyt',0,1),(4814,'napotykanych',0,1),(4815,'pyta',0,1),(4816,'warunkach',0,1),(4817,'wykonywania',0,1),(4818,'grawerach',0,1),(4819,'zamwieniach',0,1),(4820,'sklep',0,1),(4821,'pierwsze',0,1),(4822,'zamiwienie',0,1),(4823,'rcznie',0,1),(4824,'utworzenie',0,1),(4825,'sklepie',0,1),(4826,'uzupenienia',0,3),(4827,'dopisywa',0,1),(4828,'aneksw',0,1),(4829,'kolejnym',0,1),(4830,'aneksowania',0,1),(4831,'jednostronnie',0,1),(4832,'powiadomi',0,1),(4833,'manufacturer',0,1),(4834,'reserves',0,1),(4835,'unilaterally',0,1),(4836,'amend',0,1),(4837,'provisions',0,1),(4838,'integral',0,1),(4839,'notify',0,1),(4840,'changes',0,1),(4841,'least',0,2),(4842,'case',0,2),(4843,'accepting',0,1),(4844,'entitled',0,1),(4845,'terminate',0,1),(4846,'notice',0,1),(4847,'period',0,1),(4848,'wprowadzenia',0,1),(4849,'rabatowaniu',0,1),(4850,'pracujc',0,1),(4851,'stworzyem',0,1),(4852,'zebra',0,1),(4853,'setach',0,1),(4854,'e2000',0,1),(4855,'wycofane',0,1),(4856,'mojego',0,3),(4857,'dowiadczenia',0,1),(4858,'przekonanie',0,1),(4859,'wyniki',0,1),(4860,'szuka',0,3),(4861,'kogo',0,2),(4862,'zasponsoruje',0,1),(4863,'andrzejem',0,1),(4864,'nada',0,1),(4865,'koniecznoc',0,1),(4866,'przeniesienia',0,1),(4867,'docelowy',0,1),(4868,'siedzenie',0,1),(4869,'rosyjskiej',0,1),(4870,'domenie',0,1),(4871,'optymalna',0,1),(4872,'przerw',0,1),(4873,'przenosiny',0,2),(4874,'hello',0,1),(4875,'lot',0,2),(4876,'mapping',0,1),(4877,'mnemo',0,1),(4878,'sonar',0,1),(4879,'maps',0,1),(4880,'did',0,1),(4881,'developed',0,1),(4882,'methodology',0,1),(4883,'population',0,1),(4884,'estimation',0,1),(4885,'proteus',0,1),(4886,'applied',0,1),(4887,'animal',0,1),(4888,'involved',0,1),(4889,'conservation',0,1),(4890,'scientific',0,1),(4891,'sea',0,1),(4892,'change',0,1),(4893,'anchialine',0,1),(4894,'except',0,1),(4895,'expedition',0,1),(4896,'conducting',0,1),(4897,'national',0,1),(4898,'monitoring',0,1),(4899,'habitats',0,1),(4900,'plenty',0,1),(4901,'depends',0,1),(4902,'agree',0,1),(4903,'systems',0,2),(4904,'mapes',0,1),(4905,'decide',0,2),(4906,'author',0,1),(4907,'books',0,1),(4908,'explorations',0,1),(4909,'graphic',0,1),(4910,'member',0,1),(4911,'croatian',0,1),(4912,'mountain',0,1),(4913,'rescue',0,1),(4914,'service',0,3),(4915,'comission',0,1),(4916,'department',0,1),(4917,'interested',0,1),(4918,'crazy',0,1),(4919,'cavers',0,1),(4920,'biologists',0,1),(4921,'videographers',0,1),(4922,'photographers',0,1),(4923,'greetings',0,1),(4924,'petra',0,1),(4925,'kovac',0,1),(4926,'konrad',0,1),(4927,'tue',0,1),(4928,'wrote',0,1),(4929,'contact',0,1),(4930,'combination',0,1),(4931,'speleology',0,1),(4932,'access',0,1),(4933,'content',0,1),(4934,'regarding',0,1),(4935,'task',0,1),(4936,'development',0,1),(4937,'manager',0,1),(4938,'tel',0,1),(4939,'739',0,1),(4940,'219',0,1),(4941,'600',0,1),(4942,'000',0,1),(4943,'marine',0,1),(4944,'franciszka',0,1),(4945,'wirki',0,1),(4946,'stanisawa',0,1),(4947,'wigury',0,1),(4948,'400',0,1),(4949,'krosno',0,1),(4950,'poland',0,1),(4951,'office',0,2),(4952,'phone',0,2),(4953,'502',0,1),(4954,'741',0,1),(4955,'715',0,1),(4956,'nip',0,1),(4957,'7811910188',0,1),(4958,'regon',0,1),(4959,'361492147',0,1),(4960,'krs',0,1),(4961,'0000557411',0,1),(4962,'ncage',0,1),(4963,'99qrh',0,1),(4964,'bdo',0,1),(4965,'000386158',0,1),(4966,'kova',0,1),(4967,'petrakovkon1',0,1),(4968,'gmail',0,1),(4969,'sent',0,1),(4970,'monday',0,1),(4971,'subject',0,1),(4972,'fwd',0,1),(4973,'dear',0,1),(4974,'diver',0,1),(4975,'fal',0,1),(4976,'1580487',0,1),(4977,'jpg',0,1),(4978,'organizer',0,1),(4979,'numerous',0,1),(4980,'expeditions',0,1),(4981,'over',0,1),(4982,'park',0,1),(4983,'krka',0,1),(4984,'springs',0,1),(4985,'famous',0,1),(4986,'beauty',0,1),(4987,'amphibian',0,1),(4988,'predator',0,1),(4989,'anguinus',0,1),(4990,'french',0,1),(4991,'producers',0,1),(4992,'mexican',0,1),(4993,'swiss',0,1),(4994,'short',0,2),(4995,'docu',0,1),(4996,'daily',0,1),(4997,'trailers',0,1),(4998,'return',0,1),(4999,'publicity',0,1),(5000,'links',0,1),(5001,'attachments',0,1),(5002,'apeks',0,1),(5003,'isotta',0,1),(5004,'last',0,1),(5005,'mapped',0,1),(5006,'connected',0,1),(5007,'deepest',0,1),(5008,'longest',0,1),(5009,'regional',0,1),(5010,'foward',0,1),(5011,'phd',0,1),(5012,'karstology',0,1),(5013,'florianlaunettephotography',0,1),(5014,'168783181929832',0,1),(5015,'2092919877391203',0,1),(5016,'3075759479161895',0,1),(5017,'355392605397358',0,1),(5018,'tif',0,1),(5019,'jaskiniowe',0,1),(5020,'szczegolnie',0,1),(5021,'rozrasta',0,1),(5022,'bedziemy',0,1),(5023,'przenosi',0,1),(5024,'zaplanujemy',0,1),(5025,'najpewniej',0,1),(5026,'pitek',0,1),(5027,'195',0,1),(5028,'1651043333',0,1),(5029,'byby',0,1),(5030,'krtk',0,1),(5031,'notk',0,1),(5032,'techniczn',0,1),(5033,'wrzu',0,1),(5034,'podlinkujemy',0,1),(5035,'motowido',0,1),(5036,'178',0,1),(5037,'1650972042',0,1),(5038,'szczeliwym',0,1),(5039,'nieszczeliwym',0,1),(5040,'nurkiem',0,1),(5041,'wstpnym',0,1),(5042,'planem',0,2),(5043,'ddokdniej',0,0),(5044,'nieszczesliwego',0,1),(5045,'nei',0,1),(5046,'wypoyczy',0,1),(5047,'patrzcego',0,0),(5048,'szczesliwego',0,1),(5049,'ktory',0,0),(5050,'przyjecha',0,1),(5051,'flash',0,1),(5052,'back',0,2),(5053,'ujc',0,1),(5054,'caly',0,1),(5055,'wstepny',0,0),(5056,'flashbacka',0,1),(5057,'sekwencja',0,1),(5058,'szybkich',0,1),(5059,'zmontowanych',0,1),(5060,'ktorych',0,1),(5061,'nastepuje',0,1),(5062,'ponownie',0,1),(5063,'powrot',0,1),(5064,'szczesliwy',0,1),(5065,'pywa',0,1),(5066,'fajnych',0,1),(5067,'techniczna',0,1),(5068,'zakoczenie',0,2),(5069,'dokdniej',0,1),(5070,'patrzyo',0,1),(5071,'wstpny',0,1),(5072,'nurkowa',0,2),(5073,'hotelowym',0,2),(5074,'basenie',0,2),(5075,'emerytkami',0,2),(5076,'dopynie',0,2),(5077,'ora',0,2),(5078,'pla',0,2),(5079,'niska',0,2),(5080,'widoczno',0,2),(5081,'goe',0,2),(5082,'dno',0,2),(5083,'leakw',0,2),(5084,'wizj',0,1),(5085,'poczuje',0,1),(5086,'zaproponuje',0,1),(5087,'bdcego',0,1),(5088,'skadem',0,1),(5089,'zgodzia',0,1),(5090,'wykorzystanie',0,1),(5091,'fotek',0,3),(5092,'pamitajcie',0,1),(5093,'jakim',0,1),(5094,'oznaczeniu',0,1),(5095,'nazwiska',0,1),(5096,'znaku',0,1),(5097,'wodnego',0,1),(5098,'potwierdzi',0,1),(5099,'sprzetu',0,1),(5100,'bedzie',0,1),(5101,'zapisami',0,1),(5102,'wyl',0,3),(5103,'216',0,1),(5104,'1651131344',0,1),(5105,'powstanie',0,1),(5106,'kolektywna',0,1),(5107,'historia',0,1),(5108,'zainteresowa',0,1),(5109,'ogldajcych',0,1),(5110,'samego',0,4),(5111,'bahraindefence',0,1),(5112,'dostaem',0,1),(5113,'godna',0,1),(5114,'bahrajn',0,4),(5115,'imprez',0,1),(5116,'sofic',0,1),(5117,'org',0,2),(5118,'spisu',0,1),(5119,'szkoda',0,1),(5120,'wiedzielimy',0,1),(5121,'pno',0,1),(5122,'dopisania',0,1),(5123,'oczywiste',0,1),(5124,'wystawi',0,1),(5125,'jakiego',0,1),(5126,'przedstawiciela',0,1),(5127,'wiadomo',0,2),(5128,'rescheduled',0,1),(5129,'bidec',0,1),(5130,'jedyny',0,1),(5131,'komunikat',0,1),(5132,'przeoony',0,1),(5133,'dostpna',0,1),(5134,'napisze',0,1),(5135,'nawizujc',0,1),(5136,'wczorajszego',0,1),(5137,'zapytania',0,1),(5138,'wtku',0,1),(5139,'bookmark',0,1),(5140,'interesujacy',0,1),(5141,'wrci',0,1),(5142,'zapmieta',0,1),(5143,'ulubionych',0,1),(5144,'wskazane',0,1),(5145,'wtki',0,1),(5146,'przypite',0,1),(5147,'oznaczone',0,1),(5148,'ulubione',0,1),(5149,'laduj',0,1),(5150,'zakadce',0,1),(5151,'screenshocie',0,1),(5152,'zarzdza',0,1),(5153,'fotograf',0,1),(5154,'mobilne',0,1),(5155,'sfotografowania',0,1),(5156,'najmniejszych',0,1),(5157,'przedmiotw',0,1),(5158,'mniej',0,1),(5159,'wiedzia',0,1),(5160,'telefonu',0,1),(5161,'rodzaj',0,1),(5162,'dobra',0,1),(5163,'ekwipunek',0,1),(5164,'studia',0,1),(5165,'mobilnego',0,1),(5166,'fotografujemy',0,1),(5167,'renderach',0,1),(5168,'umwimy',0,1),(5169,'damy',0,2),(5170,'pawowi',0,1),(5171,'podsumowanie',0,1),(5172,'dotychczasowych',0,1),(5173,'ustale',0,1),(5174,'dot',0,2),(5175,'ustalono',0,1),(5176,'oprcz',0,2),(5177,'ulotk',0,1),(5178,'specyfikacj',0,1),(5179,'zastanwmy',0,1),(5180,'promocyjny',0,1),(5181,'nasi',0,1),(5182,'organizuj',0,1),(5183,'zaproszonych',0,1),(5184,'poprosimy',0,1),(5185,'lokalne',0,1),(5186,'dedykowany',0,1),(5187,'skuterowi',0,1),(5188,'obozu',0,1),(5189,'wczorajszym',0,1),(5190,'wylatuje',0,1),(5191,'destynacje',0,2),(5192,'osoba',0,2),(5193,'typowo',0,1),(5194,'turystycznie',0,1),(5195,'freediver',0,1),(5196,'jachcie',0,1),(5197,'jaskiniowy',0,1),(5198,'czy',0,1),(5199,'innowacje',0,1),(5200,'omwi',0,1),(5201,'wybierze',0,1),(5202,'wczorajszymi',0,1),(5203,'ustaleniami',0,2),(5204,'internacjonalizacj',0,1),(5205,'zgodzilimy',0,1),(5206,'destynacji',0,1),(5207,'indie',0,2),(5208,'indonezja',0,2),(5209,'dokumentacj',0,1),(5210,'konkursow',0,1),(5211,'ktem',0,1),(5212,'progw',0,1),(5213,'ewentualnych',0,1),(5214,'zapisw',0,1),(5215,'internacjonalizacja',0,2),(5216,'sensowne',0,1),(5217,'wzory',0,1),(5218,'umw',0,1),(5219,'otwarta',0,1),(5220,'kupi',0,1),(5221,'kraje',0,1),(5222,'idealne',0,1),(5223,'przesun',0,1),(5224,'sierpie',0,1),(5225,'niezbdny',0,1),(5226,'projektowania',0,1),(5227,'poganiam',0,1),(5228,'wykonanie',0,1),(5229,'terminie',0,3),(5230,'moliwociami',0,1),(5231,'iza',0,2),(5232,'mocy',0,2),(5233,'komunikacja',0,2),(5234,'wyle',0,1),(5235,'michaela',0,1),(5236,'olivierem',0,2),(5237,'steinle',0,1),(5238,'dealerem',0,1),(5239,'cavebasu',0,1),(5240,'damiana',0,2),(5241,'pisz',0,1),(5242,'ustali',0,1),(5243,'poinformujemy',0,2),(5244,'sytuacja',0,2),(5245,'rozwinie',0,1),(5246,'konkrety',0,1),(5247,'daj',0,1),(5248,'szczegach',0,1),(5249,'ustalae',0,1),(5250,'trwa',0,1),(5251,'nurkowanie',0,2),(5252,'odby',0,1),(5253,'przekazanie',0,1),(5254,'meksyk',0,1),(5255,'sardynia',0,1),(5256,'marcinem',0,1),(5257,'bramsonem',0,1),(5258,'freediverw',0,1),(5259,'deepspocie',0,1),(5260,'niedugim',0,1),(5261,'terminy',0,1),(5262,'lipca',0,1),(5263,'personalizowany',0,1),(5264,'znale',0,4),(5265,'zapomnijmy',0,1),(5266,'dostarczy',0,1),(5267,'egiptu',0,1),(5268,'ahmed',0,1),(5269,'gabr',0,1),(5270,'pomg',0,1),(5271,'przyjaznych',0,1),(5272,'stosunkach',0,1),(5273,'powodw',0,1),(5274,'liczy',0,1),(5275,'imprez',0,1),(5276,'witao',0,1),(5277,'chodzio',0,1),(5278,'odpowiedzie',0,1),(5279,'czytania',0,1),(5280,'bookmarki',0,1),(5281,'aktualnymi',0,1),(5282,'cenami',0,1),(5283,'ropy',0,1),(5284,'naftowej',0,1),(5285,'krajach',0,1),(5286,'ropononych',0,1),(5287,'bylimy',0,1),(5288,'dubaju',0,1),(5289,'mowy',0,1),(5290,'trafilimy',0,1),(5291,'okres',0,1),(5292,'niskich',0,1),(5293,'wizeprezesa',0,1),(5294,'bookowa',0,1),(5295,'teamu',0,1),(5296,'pytasz',0,1),(5297,'robienia',0,1),(5298,'doprecyzowa',0,1),(5299,'grupowe',0,1),(5300,'ostatnia',0,1),(5301,'discuss',0,1),(5302,'reached',0,1),(5303,'nordhausen',0,1),(5304,'allowed',0,1),(5305,'favorite',0,1),(5306,'middle',0,1),(5307,'each',0,1),(5308,'guy',0,1),(5309,'pisaem',0,1),(5310,'zaadowa',0,1),(5311,'konwencji',0,1),(5312,'kompilacji',0,2),(5313,'wysykowa',0,2),(5314,'sprbuj',0,3),(5315,'przebi',0,2),(5316,'tag',0,2),(5317,'wysykowy',0,2),(5318,'uwaam',0,4),(5319,'kontrahentom',0,2),(5320,'distributor',0,2),(5321,'zeby',0,2),(5322,'koki',0,2),(5323,'tajwanu',0,2),(5324,'pytali',0,2),(5325,'zmodyfikowaem',0,1),(5326,'przypadkiem',0,2),(5327,'logotyp',0,2),(5328,'niewielkiego',0,2),(5329,'paska',0,2),(5330,'podpity',0,1),(5331,'opisy',0,1),(5332,'sprzgajcy',0,1),(5333,'styczniowego',0,1),(5334,'podlinkowabym',0,1),(5335,'introduce',0,1),(5336,'type',0,1),(5337,'connecting',0,1),(5338,'faster',0,1),(5339,'easier',0,1),(5340,'modular',0,1),(5341,'quick',0,1),(5342,'conversions',0,1),(5343,'replacements',0,1),(5344,'addition',0,1),(5345,'compatible',0,1),(5346,'tum1000',0,2),(5347,'wide',0,2),(5348,'cargo',0,1),(5349,'adjustable',0,1),(5350,'buoyancy',0,1),(5351,'floats',0,1),(5352,'tum1100',0,1),(5353,'narrow',0,2),(5354,'built',0,1),(5355,'chosen',0,1),(5356,'workach',0,2),(5357,'transportowych',0,1),(5358,'zasadniczo',0,1),(5359,'ic',0,1),(5360,'podobnym',0,1),(5361,'lepsze',0,2),(5362,'series',0,1),(5363,'kit',0,1),(5364,'straps',0,1),(5365,'packed',0,1),(5366,'pockets',0,1),(5367,'carriage',0,1),(5368,'reduce',0,1),(5369,'entangelemnts',0,1),(5370,'risk',0,1),(5371,'drainage',0,1),(5372,'allowing',0,1),(5373,'escaping',0,1),(5374,'molle',0,1),(5375,'enables',0,1),(5376,'attach',0,1),(5377,'carry',0,1),(5378,'additional',0,1),(5379,'plate',0,1),(5380,'placed',0,1),(5381,'attaching',0,1),(5382,'inflation',0,1),(5383,'powered',0,1),(5384,'tank',0,1),(5385,'corrugated',0,1),(5386,'inflator',0,1),(5387,'ended',0,1),(5388,'valve',0,1),(5389,'separate',0,1),(5390,'exhaust',0,1),(5391,'various',0,1),(5392,'sizes',0,1),(5393,'120l',0,1),(5394,'regular',0,1),(5395,'packs',0,1),(5396,'shapes',0,1),(5397,'firearms',0,1),(5398,'korekta',0,1),(5399,'pisane',0,1),(5400,'francji',0,1),(5401,'euronaval',0,2),(5402,'exhibitors',0,1),(5403,'powanego',0,1),(5404,'wystawi',0,1),(5405,'eurosatory',0,1),(5406,'fireman',0,1),(5407,'congress',0,1),(5408,'schedule',0,1),(5409,'arnaud',0,1),(5410,'zwaszcza',0,1),(5411,'ostatnim',0,1),(5412,'wystpie',0,1),(5413,'padziernik',0,1),(5414,'dopisuj',0,1),(5415,'ucieko',0,1),(5416,'csgroup',0,1),(5417,'innovation',0,1),(5418,'projets',0,1),(5419,'rtsys',0,1),(5420,'rozbudowa',0,1),(5421,'opisw',0,1),(5422,'prowadzonych',0,1),(5423,'prac',0,1),(5424,'socom',0,1),(5425,'inni',0,1),(5426,'przegldaj',0,1),(5427,'wykaza',0,1),(5428,'morskie',0,1),(5429,'prowadzimy',0,1),(5430,'wsppracujemy',0,1),(5431,'pozyska',0,1),(5432,'rozdzieli',0,1),(5433,'doa',0,1),(5434,'finally',0,1),(5435,'mentioned',0,2),(5436,'2017',0,1),(5437,'iconic',0,1),(5438,'natural',0,1),(5439,'arch',0,1),(5440,'gozo',0,1),(5441,'known',0,1),(5442,'azure',0,1),(5443,'window',0,1),(5444,'collapsed',0,1),(5445,'cameras',0,1),(5446,'atop',0,1),(5447,'undertook',0,1),(5448,'photogrammetry',0,1),(5449,'remains',0,1),(5450,'span',0,1),(5451,'around',0,1),(5452,'8000',0,1),(5453,'square',0,1),(5454,'meters',0,1),(5455,'were',0,1),(5456,'reconstruct',0,1),(5457,'collapse',0,1),(5458,'news',0,1),(5459,'timesofmalta',0,1),(5460,'view',0,1),(5461,'951730',0,1),(5462,'website',0,1),(5463,'http',0,1),(5464,'dwejra',0,1),(5465,'net',0,2),(5466,'produced',0,1),(5467,'showcases',0,1),(5468,'youtu',0,1),(5469,'39tbp',0,1),(5470,'isc',0,1),(5471,'put',0,1),(5472,'folders',0,1),(5473,'1rqiijcmhnz87omotq',0,1),(5474,'e7o60aprybmlj',0,1),(5475,'usp',0,1),(5476,'sharing',0,1),(5477,'useful',0,1),(5478,'wishes',0,1),(5479,'joseph',0,1),(5480,'podlinkownaie',0,1),(5481,'katalgou',0,1),(5482,'nastpnym',0,1),(5483,'zaktualizuj',0,1),(5484,'maile',0,1),(5485,'obecnych',0,1),(5486,'puszcza',0,1),(5487,'logoty',0,1),(5488,'atrybut',0,1),(5489,'alt',0,1),(5490,'pusty',0,1),(5491,'wywietlao',0,1),(5492,'ramk',0,1),(5493,'podwietlenia',0,1),(5494,'wysokiej',0,1),(5495,'studyjnie',0,1),(5496,'bada',0,1),(5497,'skoordynowania',0,1),(5498,'fizycznie',0,1),(5499,'pierwszy',0,1),(5500,'niedomwie',0,1),(5501,'miesiacu',0,1),(5502,'akceptujemy',0,1),(5503,'zgodnei',0,1),(5504,'wskazany',0,1),(5505,'addres',0,1),(5506,'proresellerw',0,1),(5507,'szekolenia',0,1),(5508,'proreseller',0,1),(5509,'duck',0,1),(5510,'finlandia',0,1),(5511,'multi',0,1),(5512,'m3s',0,1),(5513,'francja',0,1),(5514,'silent',0,1),(5515,'explorers',0,1),(5516,'grecja',0,1),(5517,'extreme',0,1),(5518,'school',0,1),(5519,'west',0,1),(5520,'irlandia',0,1),(5521,'duo',0,1),(5522,'oloturia',0,1),(5523,'sub',0,1),(5524,'wochy',0,1),(5525,'overseas',0,2),(5526,'indigo',0,1),(5527,'blue',0,1),(5528,'ltd',0,2),(5529,'tajwan',0,1),(5530,'xtreme',0,1),(5531,'limited',0,1),(5532,'kong',0,1),(5533,'chiny',0,1),(5534,'ren',0,1),(5535,'melichrek',0,1),(5536,'czechy',0,1),(5537,'essential',0,1),(5538,'groborz',0,1),(5539,'tauch',0,1),(5540,'technik',0,1),(5541,'tecserve',0,1),(5542,'tauchshop',0,1),(5543,'regler',0,1),(5544,'helmut',0,1),(5545,'hubalek',0,1),(5546,'austria',0,1),(5547,'die',0,1),(5548,'tauchschule',0,1),(5549,'oliver',0,1),(5550,'perschke',0,1),(5551,'tecxpedition',0,1),(5552,'gmbh',0,2),(5553,'sidemount',0,1),(5554,'explorer',0,1),(5555,'export',0,2),(5556,'tekforce',0,1),(5557,'ukraina',0,1),(5558,'kwella',0,1),(5559,'thomas',0,1),(5560,'smartdive',0,1),(5561,'lta',0,1),(5562,'portugalia',0,1),(5563,'dykeriet',0,1),(5564,'szwecja',0,1),(5565,'scuba',0,1),(5566,'shop',0,1),(5567,'malaga',0,1),(5568,'dragor',0,1),(5569,'lux',0,1),(5570,'chorawacja',0,1),(5571,'przygotowana',0,1),(5572,'wyslania',0,1),(5573,'nammu',0,1),(5574,'wielka',0,2),(5575,'brytania',0,1),(5576,'powinni',0,2),(5577,'speni',0,1),(5578,'warunk',0,1),(5579,'centrul',0,1),(5580,'scufundri',0,1),(5581,'transilvania',0,1),(5582,'rumunia',0,1),(5583,'kontrahentw',0,2),(5584,'dystrybutor',0,1),(5585,'safenor',0,1),(5586,'norwegia',0,1),(5587,'decostop',0,1),(5588,'szwajcaria',0,1),(5589,'kns',0,1),(5590,'trading',0,1),(5591,'pty',0,1),(5592,'altona',0,1),(5593,'beach',0,1),(5594,'palamida',0,1),(5595,'center',0,1),(5596,'izrael',0,1),(5597,'kontrahentow',0,1),(5598,'bateria',0,3),(5599,'lotnicza',0,2),(5600,'600wh',0,1),(5601,'700wh',0,1),(5602,'800wh',0,1),(5603,'wyceniona',0,1),(5604,'obudowa',0,1),(5605,'produkcyjna',0,1),(5606,'lotniczego',0,2),(5607,'zalepka',0,1),(5608,'wtrysku',0,1),(5609,'zlecenie',0,1),(5610,'narysowania',0,1),(5611,'walizeczka',0,1),(5612,'transportowa',0,1),(5613,'wana',0,1),(5614,'instrukcji',0,1),(5615,'uywane',0,1),(5616,'pakiety',0,1),(5617,'naadowania',0,1),(5618,'najsabsze',0,1),(5619,'ogniwo',0,1),(5620,'electron',0,1),(5621,'progress',0,1),(5622,'bugaria',0,1),(5623,'aqualung',0,1),(5624,'group',0,1),(5625,'tajlandia',0,1),(5626,'apollo',0,1),(5627,'vietnam',0,1),(5628,'oztekin',0,1),(5629,'industry',0,1),(5630,'commerce',0,1),(5631,'comp',0,1),(5632,'turcja',0,1),(5633,'hub',0,1),(5634,'emiraty',0,1),(5635,'siadem',0,1),(5636,'tematami',0,1),(5637,'szkole',0,1),(5638,'nieustannie',0,1),(5639,'potrzeb',0,1),(5640,'edukowania',0,1),(5641,'egzekowania',0,1),(5642,'wiedzy',0,1),(5643,'zaprosi',0,1),(5644,'szkolenie',0,3),(5645,'padniemy',0,1),(5646,'zapomn',0,1),(5647,'zdecydowana',0,1),(5648,'relatywn',0,1),(5649,'rzadko',0,1),(5650,'drukowanych',0,1),(5651,'dana',0,1),(5652,'moga',0,2),(5653,'pracowa',0,1),(5654,'serwisowo',0,1),(5655,'opierajac',0,1),(5656,'manualu',0,1),(5657,'ulegaj',0,1),(5658,'zmianom',0,1),(5659,'korektom',0,1),(5660,'wymylamy',0,1),(5661,'metody',0,1),(5662,'zwiku',0,1),(5663,'przygotowaem',0,1),(5664,'natpujc',0,1),(5665,'opieram',0,1),(5666,'szkoleniach',0,1),(5667,'ukoczenie',0,1),(5668,'obowizkowe',0,1),(5669,'zalek',0,1),(5670,'stare',0,1),(5671,'edu',0,1),(5672,'coroczny',0,1),(5673,'technicznych',0,1),(5674,'wymagane',0,1),(5675,'pro',0,1),(5676,'resellerow',0,1),(5677,'zdaniu',0,1),(5678,'fabryce',0,1),(5679,'struktur',0,1),(5680,'moduw',0,2),(5681,'moodle',0,1),(5682,'zdecydowaem',0,1),(5683,'umieszczanie',0,1),(5684,'ksika',0,1),(5685,'wanymi',0,1),(5686,'danymi',0,1),(5687,'linkowaniem',0,1),(5688,'zewntrznych',0,1),(5689,'zachodzia',0,1),(5690,'procedury',0,1),(5691,'serwisowej',0,1),(5692,'miejsach',0,1),(5693,'supporcie',0,1),(5694,'kurs',0,1),(5695,'techniczny',0,1),(5696,'dopinam',0,1),(5697,'ustawie',0,1),(5698,'zaprasza',0,1),(5699,'wszego',0,1),(5700,'grona',0,1),(5701,'okrelonym',0,1),(5702,'zaliczy',0,1),(5703,'optymalnie',0,1),(5704,'zaliczali',0,1),(5705,'przejrzenie',0,1),(5706,'podejcie',0,1),(5707,'egzaminw',0,1),(5708,'zada',0,1),(5709,'wgra',0,1),(5710,'dowolne',0,1),(5711,'oceniania',0,1),(5712,'koczenia',0,1),(5713,'learning',0,3),(5714,'oglne',0,3),(5715,'moduy',0,1),(5716,'nadaje',0,2),(5717,'tematyczny',0,1),(5718,'rodowisko',0,1),(5719,'sugestia',0,2),(5720,'suszna',0,1),(5721,'adowarkach',0,1),(5722,'umieszcza',0,1),(5723,'zgodne',0,1),(5724,'produktami',0,1),(5725,'atw',0,1),(5726,'identyfikacj',0,1),(5727,'cle',0,1),(5728,'dostawach',0,1),(5729,'niepilne',0,1),(5730,'kodw',0,4),(5731,'naklejek',0,4),(5732,'zdecyddowanie',0,1),(5733,'newstletter',0,1),(5734,'artykul',0,1),(5735,'strone',0,1),(5736,'dokumenty',0,1),(5737,'przejrzenia',0,1),(5738,'umieszczenia',0,1),(5739,'waciwym',0,1),(5740,'wysza',0,1),(5741,'oznaczane',0,1),(5742,'kopotliwe',0,1),(5743,'doda',0,1),(5744,'jestecie',0,1),(5745,'kontakcie',0,1),(5746,'strukturze',0,1),(5747,'chorwacki',0,1),(5748,'dealer',0,2),(5749,'mia',0,1),(5750,'nazwie',0,1),(5751,'okreli',0,2),(5752,'dwoma',0,1),(5753,'standardami',0,1),(5754,'zcz',0,1),(5755,'kombinacji',0,1),(5756,'zamanie',0,1),(5757,'karku',0,1),(5758,'przymyle',0,1),(5759,'etykietowanie',0,1),(5760,'kontaktowalicie',0,1),(5761,'kwestii',0,1),(5762,'wypadaoby',0,2),(5763,'spytaem',0,1),(5764,'wklej',0,1),(5765,'odpisze',0,1),(5766,'przedyskutowalimy',0,1),(5767,'zarzdem',0,1),(5768,'ustalilimy',0,1),(5769,'organizowa',0,1),(5770,'formy',0,1),(5771,'wyznaczy',0,1),(5772,'spotkaj',0,1),(5773,'zrobi',0,1),(5774,'ogosz',0,1),(5775,'przejcie',0,1),(5776,'pytaam',0,1),(5777,'niemiecki',0,1),(5778,'chciaby',0,2),(5779,'uczestniczy',0,1),(5780,'dogada',0,1),(5781,'przyjad',0,1),(5782,'prostu',0,1),(5783,'uznalimy',0,1),(5784,'czujemy',0,1),(5785,'odbycia',0,1),(5786,'zbdna',0,1),(5787,'najbliszych',0,1),(5788,'mi',0,1),(5789,'ostateczne',0,1),(5790,'przewodni',0,1),(5791,'wyprawa',0,1),(5792,'skarb',0,1),(5793,'zajawienie',0,1),(5794,'historii',0,1),(5795,'mczyzna',0,1),(5796,'wypraw',0,1),(5797,'logistyka',0,1),(5798,'rozwinicie',0,1),(5799,'odzi',0,1),(5800,'dowiadujemy',0,1),(5801,'rozpoczcie',0,1),(5802,'detektorem',0,1),(5803,'piaszczystym',0,1),(5804,'dnie',0,1),(5805,'jaskini',0,1),(5806,'wraku',0,1),(5807,'odnalezienie',0,1),(5808,'starej',0,1),(5809,'skrzyni',0,1),(5810,'lll',0,1),(5811,'przedstawienie',0,1),(5812,'technicznej',0,1),(5813,'wydobycie',0,1),(5814,'d',0,1),(5815,'znaleziska',0,1),(5816,'zademonstrowa',0,1),(5817,'poszczeglne',0,1),(5818,'tekstem',0,1),(5819,'lektora',0,1),(5820,'infografik',0,1),(5821,'wieczr',0,1),(5822,'zachodzce',0,1),(5823,'soce',0,1),(5824,'ognisko',0,1),(5825,'odkrywcy',0,1),(5826,'miej',0,1),(5827,'wznosz',0,1),(5828,'toast',0,1),(5829,'stoi',0,1),(5830,'nawizaniu',0,1),(5831,'powyszego',0,1),(5832,'informacyjnej',0,1),(5833,'musz',0,1),(5834,'trwa',0,1),(5835,'lektorski',0,1),(5836,'pilne',0,1),(5837,'wypunktowa',0,1),(5838,'pokaemy',0,1),(5839,'podr',0,1),(5840,'samolotem',0,1),(5841,'poszukiwaniami',0,1),(5842,'nada',0,1),(5843,'ujmowa',0,1),(5844,'droga',0,1),(5845,'powrotna',0,1),(5846,'pojawi',0,2),(5847,'plansza',0,1),(5848,'cig',0,1),(5849,'statyczny',0,1),(5850,'finalny',0,1),(5851,'masa',0,1),(5852,'cakowita',0,1),(5853,'prdkoci',0,1),(5854,'45m',0,1),(5855,'dozwolona',0,1),(5856,'pokazaniem',0,1),(5857,'adnego',0,1),(5858,'korka',0,1),(5859,'pinw',0,1),(5860,'biegw',0,1),(5861,'wsteczny',0,1),(5862,'paskowy',0,1),(5863,'sterowania',0,1),(5864,'manetki',0,1),(5865,'dwurczny',0,1),(5866,'tryby',0,1),(5867,'bed',0,1),(5868,'freediving',0,1),(5869,'atwe',0,1),(5870,'wizualizacja',0,1),(5871,'akcesoriami',0,1),(5872,'monta',0,1),(5873,'latarek',0,1),(5874,'bateryjnych',0,1),(5875,'da',0,1),(5876,'maego',0,1),(5877,'dojdzie',0,1),(5878,'obci',0,1),(5879,'porozmawia',0,1),(5880,'przedstawiciel',0,2),(5881,'pojawi',0,1),(5882,'szybki',0,1),(5883,'jedzi',0,1),(5884,'kreskowe',0,1),(5885,'olivier',0,1),(5886,'sytuacji',0,1),(5887,'brakujcych',0,1),(5888,'gm1765',0,1),(5889,'uywamy',0,1),(5890,'tfm1',0,1),(5891,'1742',0,1),(5892,'tgm1',0,1),(5893,'1744',0,1),(5894,'tfm2',0,1),(5895,'tgm2',0,1),(5896,'tfm1800',0,1),(5897,'tgm1800',0,1),(5898,'jedno',0,1),(5899,'zdjecie',0,1),(5900,'sabej',0,1),(5901,'tfm1723',0,1),(5902,'twin',0,1),(5903,'160',0,1),(5904,'tfm1724',0,1),(5905,'em1824',0,1),(5906,'neutral',0,1),(5907,'bouyancy',0,1),(5908,'float',0,1),(5909,'em1815',0,1),(5910,'foldable',0,1),(5911,'rigid',0,1),(5912,'mast',0,1),(5913,'em1734',0,1),(5914,'pokazan',0,1),(5915,'zawartocia',0,1),(5916,'pust',0,1),(5917,'maej',0,1),(5918,'doszukaem',0,1),(5919,'pokrywa',0,1),(5920,'zachomikowane',0,1),(5921,'podesane',0,1),(5922,'sugesti',0,1),(5923,'nieaktualne',0,1),(5924,'synoglogy',0,1),(5925,'przewertowaem',0,1),(5926,'sets',0,1),(5927,'brakujce',0,1),(5928,'persisting',0,1),(5929,'interests',0,1),(5930,'honest',0,1),(5931,'truly',0,1),(5932,'top',0,1),(5933,'notch',0,1),(5934,'producer',0,1),(5935,'got',0,1),(5936,'touch',0,1),(5937,'fact',0,1),(5938,'wanted',0,1),(5939,'reason',0,1),(5940,'non',0,1),(5941,'tried',0,1),(5942,'provides',0,1),(5943,'such',0,1),(5944,'capabilities',0,1),(5945,'terms',0,1),(5946,'shooting',0,1),(5947,'maneuvers',0,1),(5948,'smoothly',0,1),(5949,'precisely',0,1),(5950,'critically',0,1),(5951,'generates',0,1),(5952,'strong',0,1),(5953,'impact',0,1),(5954,'attracts',0,1),(5955,'brands',0,2),(5956,'understand',0,1),(5957,'side',0,1),(5958,'costs',0,1),(5959,'giving',0,1),(5960,'expensive',0,1),(5961,'having',0,1),(5962,'term',0,1),(5963,'charge',0,1),(5964,'initially',0,1),(5965,'completing',0,1),(5966,'brings',0,1),(5967,'enough',0,1),(5968,'benefits',0,1),(5969,'give',0,1),(5970,'quit',0,1),(5971,'remain',0,1),(5972,'properly',0,1),(5973,'licenced',0,1),(5974,'skonny',0,1),(5975,'zapaci',0,1),(5976,'interesuje',0,1),(5977,'opaca',0,1),(5978,'graficznych',0,1),(5979,'rolki',0,1),(5980,'promowa',0,1),(5981,'statyczna',0,1),(5982,'dotychczasowa',0,1),(5983,'niewielki',0,1),(5984,'cakiem',0,1),(5985,'efekty',0,1),(5986,'screenshoty',0,1),(5987,'obecnej',0,1),(5988,'podpytaam',0,1),(5989,'pokaza',0,1),(5990,'silence',0,1),(5991,'little',0,1),(5992,'maintenance',0,1),(5993,'compact',0,1),(5994,'clear',0,1),(5995,'easy',0,1),(5996,'handling',0,1),(5997,'flying',0,1),(5998,'travel',0,1),(5999,'low',0,1),(6000,'perfect',0,1),(6001,'target',0,1),(6002,'variable',0,1),(6003,'operation',0,1),(6004,'modes',0,1),(6005,'clarify',0,1),(6006,'tomasz',0,1),(6007,'mode',0,1),(6008,'must',0,1),(6009,'backup',0,1),(6010,'midzyczasie',0,1),(6011,'dotara',0,1),(6012,'skrzynia',0,2),(6013,'pomylc',0,1),(6014,'wyoy',0,1),(6015,'osignc',0,1),(6016,'odbijajacy',0,1),(6017,'wiata',0,1),(6018,'niczym',0,1),(6019,'zota',0,1),(6020,'pojawi',0,1),(6021,'kombinowa',0,1),(6022,'przyjechaa',0,1),(6023,'rodem',0,1),(6024,'piratw',0,1),(6025,'karaibw',0,1),(6026,'paulino',0,2),(6027,'zapytaj',0,1),(6028,'tkanina',0,1),(6029,'tkaniny',0,1),(6030,'06508',0,1),(6031,'011',0,1),(6032,'aksamit',0,1),(6033,'zloto',0,1),(6034,'html',0,2),(6035,'gclid',0,2),(6036,'cjwkcajw9',0,1),(6037,'ktbhbceiwar19ig',0,1),(6038,'0uupqjetbfjycvuasta0bsfvuj5ge888gstjdrubo7wiivcmiy2hoc8mqqavd',0,1),(6039,'bwe',0,2),(6040,'kucmar',0,1),(6041,'pol',0,1),(6042,'13600',0,1),(6043,'organza',0,1),(6044,'brokatowa',0,1),(6045,'zlota',0,1),(6046,'36cm',0,1),(6047,'rolka',0,1),(6048,'019',0,1),(6049,'utm',0,1),(6050,'source',0,1),(6051,'iai',0,1),(6052,'medium',0,1),(6053,'shopping',0,1),(6054,'lokalnym',0,1),(6055,'przedstawicielem',0,1),(6056,'chcesz',0,1),(6057,'zlote',0,1),(6058,'monety',0,1),(6059,'gier',0,1),(6060,'zabaw',0,1),(6061,'zetony',0,1),(6062,'144',0,1),(6063,'poker',0,1),(6064,'12114721168',0,1),(6065,'pywalnoci',0,1),(6066,'dowaone',0,1),(6067,'pasta',0,1),(6068,'wolframowa',0,1),(6069,'downforce',0,1),(6070,'prologic',0,1),(6071,'11674758909',0,1),(6072,'njnjmtk2yzqtm2vlmy00otu0lwixymutmjcxnmzintvln2m1aa',0,1),(6073,'03c19f21',0,1),(6074,'9f78',0,1),(6075,'4aff',0,1),(6076,'9841',0,1),(6077,'21856fee456e',0,1),(6078,'rozsdne',0,1),(6079,'prawa',0,1),(6080,'licencyjne',0,1),(6081,'okresie',0,1),(6082,'wypoyczenia',0,1),(6083,'mg',0,1),(6084,'zatrzyma',0,1),(6085,'zdziaa',0,1),(6086,'cuda',0,1),(6087,'lojalnie',0,1),(6088,'braki',0,1),(6089,'testowych',0,1),(6090,'oddania',0,1),(6091,'deepspotu',0,1),(6092,'lini',0,1),(6093,'mailu',0,1),(6094,'publikowali',0,1),(6095,'ogoszenia',0,1),(6096,'dodaj',0,1),(6097,'docieraj',0,1),(6098,'informujcy',0,1),(6099,'przechodz',0,1),(6100,'zbiorcze',0,1),(6101,'ujciu',0,1),(6102,'mgby',0,1),(6103,'odstpach',0,1),(6104,'realcj',0,1),(6105,'galeri',0,1),(6106,'zaplanowalimu',0,1),(6107,'przeniesienie',0,1),(6108,'server',0,1),(6109,'dodawanie',0,1),(6110,'wpisw',0,1),(6111,'podel',0,1),(6112,'przeniesionego',0,1),(6113,'lotnicz',0,1),(6114,'przetumacz',0,1),(6115,'izabela',0,1),(6116,'wycenia',0,1),(6117,'dooy',0,1),(6118,'tablet',0,1),(6119,'laptop',0,1),(6120,'latitude',0,1),(6121,'7220',0,1),(6122,'kuplaptopa',0,1),(6123,'785389',0,1),(6124,'dell',0,1),(6125,'rugged',0,1),(6126,'fhd',0,1),(6127,'dotyk',0,1),(6128,'1000nits',0,1),(6129,'16gb',0,1),(6130,'512gb',0,1),(6131,'ssd',0,1),(6132,'wifi',0,1),(6133,'win10pro',0,1),(6134,'810',0,1),(6135,'nbd',0,1),(6136,'cjwkcajw7ieubhbbeiwadhiemb3scecvrx9wlwyljnzs0jzbfwi4',0,1),(6137,'xduk',0,1),(6138,'0qarbgah92avfirl4yboc5iuqavd',0,1),(6139,'sugerowana',0,1),(6140,'kocowa',0,1),(6141,'3780',0,1),(6142,'operacyjne',0,1),(6143,'zauwayam',0,1),(6144,'wzorze',0,1),(6145,'sprzedajemy',0,1),(6146,'sugerowane',0,1),(6147,'kocowe',0,1);
/*!40000 ALTER TABLE `phpbb_search_wordlist` ENABLE KEYS */;
UNLOCK TABLES;

--
-- Table structure for table `phpbb_search_wordmatch`
--

DROP TABLE IF EXISTS `phpbb_search_wordmatch`;
/*!40101 SET @saved_cs_client     = @@character_set_client */;
/*!40101 SET character_set_client = utf8 */;
CREATE TABLE `phpbb_search_wordmatch` (
  `post_id` int(10) unsigned NOT NULL DEFAULT 0,
  `word_id` int(10) unsigned NOT NULL DEFAULT 0,
  `title_match` tinyint(1) unsigned NOT NULL DEFAULT 0,
  UNIQUE KEY `un_mtch` (`word_id`,`post_id`,`title_match`),
  KEY `word_id` (`word_id`),
  KEY `post_id` (`post_id`)
) ENGINE=InnoDB DEFAULT CHARSET=utf8 COLLATE=utf8_bin;
/*!40101 SET character_set_client = @saved_cs_client */;

--
-- Dumping data for table `phpbb_search_wordmatch`
--

LOCK TABLES `phpbb_search_wordmatch` WRITE;
/*!40000 ALTER TABLE `phpbb_search_wordmatch` DISABLE KEYS */;
INSERT INTO `phpbb_search_wordmatch` VALUES (81,1,0),(99,1,0),(136,1,0),(172,1,0),(211,1,0),(242,1,0),(243,1,0),(245,1,0),(271,1,0),(273,1,0),(21,7,0),(81,7,0),(99,7,0),(136,7,0),(172,7,0),(201,7,0),(211,7,0),(271,7,0),(211,11,0),(3,14,0),(136,14,0),(172,14,0),(245,14,0),(271,14,0),(21,15,0),(81,15,0),(99,15,0),(136,15,0),(172,15,0),(201,15,0),(211,15,0),(243,15,0),(245,15,0),(271,15,0),(81,16,0),(136,16,0),(201,16,0),(271,16,0),(81,19,0),(136,19,0),(172,19,0),(201,19,0),(271,19,0),(271,21,0),(62,22,0),(89,22,0),(136,22,0),(181,22,0),(270,22,0),(81,28,0),(136,28,0),(211,28,0),(241,28,0),(271,28,0),(7,30,0),(126,30,0),(127,30,0),(210,30,0),(225,30,0),(281,30,0),(81,31,0),(136,31,0),(172,31,0),(211,31,0),(242,31,0),(271,31,0),(5,41,0),(136,45,0),(3,47,0),(81,47,0),(136,47,0),(172,47,0),(211,47,0),(241,47,0),(242,47,0),(245,47,0),(271,47,0),(81,50,0),(136,50,0),(172,50,0),(208,50,0),(273,50,0),(21,53,0),(172,53,0),(201,53,0),(136,54,0),(172,54,0),(271,54,0),(136,55,0),(242,55,0),(136,58,0),(211,58,0),(21,63,0),(43,63,0),(81,63,0),(99,63,0),(136,63,0),(172,63,0),(211,63,0),(243,63,0),(81,65,0),(136,65,0),(81,66,0),(99,66,0),(136,66,0),(172,66,0),(211,66,0),(241,66,0),(243,66,0),(245,66,0),(271,66,0),(120,70,0),(144,72,0),(213,72,0),(242,72,0),(132,73,0),(144,73,0),(250,73,0),(132,74,0),(133,74,0),(137,74,0),(187,74,0),(192,74,0),(224,74,0),(72,75,0),(136,75,0),(247,75,0),(65,77,0),(98,77,0),(157,78,0),(161,78,0),(164,78,0),(171,78,0),(242,78,0),(157,79,0),(161,79,0),(164,79,0),(242,79,0),(99,80,0),(157,80,0),(161,80,0),(164,80,0),(201,80,0),(242,80,0),(249,80,0),(271,80,0),(224,81,0),(81,82,0),(99,82,0),(136,82,0),(172,82,0),(201,82,0),(241,82,0),(271,82,0),(136,84,0),(157,84,0),(161,84,0),(171,84,0),(172,84,0),(273,84,0),(63,85,0),(122,85,0),(242,85,0),(21,86,0),(136,86,0),(172,86,0),(201,86,0),(208,86,0),(211,86,0),(224,86,0),(241,86,0),(243,86,0),(271,86,0),(273,86,0),(99,88,0),(172,88,0),(211,88,0),(242,88,0),(99,89,0),(242,89,0),(245,89,0),(3,90,0),(242,90,0),(136,91,0),(172,91,0),(211,91,0),(242,91,0),(245,91,0),(271,91,0),(273,91,0),(25,94,0),(122,94,0),(143,94,0),(201,94,0),(211,94,0),(242,94,0),(245,94,0),(99,95,0),(136,95,0),(242,95,0),(242,96,0),(242,98,0),(242,99,0),(242,100,0),(242,101,0),(172,102,0),(224,102,0),(242,102,0),(245,102,0),(271,102,0),(56,103,0),(72,103,0),(121,103,0),(180,104,0),(242,104,0),(164,105,0),(242,105,0),(242,106,0),(122,108,0),(151,108,0),(211,108,0),(172,110,0),(245,110,0),(211,112,0),(242,112,0),(136,115,0),(81,118,0),(243,118,0),(136,119,0),(136,121,0),(208,121,0),(211,121,0),(271,121,0),(3,123,0),(273,123,0),(3,125,0),(43,125,0),(62,125,0),(270,125,0),(273,125,0),(56,126,0),(62,126,0),(72,126,0),(121,126,0),(273,126,0),(172,127,0),(99,128,0),(273,128,0),(88,130,0),(95,130,0),(185,130,0),(242,130,0),(264,130,0),(266,130,0),(270,130,0),(270,132,0),(273,133,0),(211,134,0),(271,134,0),(51,135,0),(81,135,0),(108,135,0),(113,135,0),(122,135,0),(143,135,0),(182,135,0),(270,135,0),(81,138,0),(211,139,0),(241,139,0),(273,139,0),(136,141,0),(211,141,0),(241,141,0),(242,141,0),(273,141,0),(3,144,0),(136,144,0),(172,144,0),(201,144,0),(211,144,0),(271,144,0),(172,151,0),(242,151,0),(271,152,0),(3,153,0),(37,153,0),(81,153,0),(172,153,0),(211,153,0),(211,155,0),(270,155,0),(172,156,0),(245,156,0),(172,161,0),(136,162,0),(211,162,0),(241,162,0),(245,163,0),(99,166,0),(81,167,0),(136,167,0),(172,167,0),(5,171,0),(203,172,0),(172,175,0),(25,176,0),(62,176,0),(153,176,0),(172,176,0),(175,176,0),(182,176,0),(211,176,0),(242,176,0),(248,176,0),(3,177,0),(136,177,0),(172,177,0),(208,177,0),(242,177,0),(245,177,0),(3,180,0),(99,180,0),(21,181,0),(81,181,0),(136,181,0),(3,185,0),(136,185,0),(51,186,0),(81,186,0),(113,186,0),(122,186,0),(143,186,0),(182,186,0),(211,186,0),(270,186,0),(271,186,0),(272,186,0),(81,187,0),(23,191,0),(30,191,0),(121,191,0),(134,191,0),(251,191,0),(211,192,0),(81,193,0),(172,193,0),(136,194,0),(211,194,0),(99,197,0),(172,197,0),(211,197,0),(243,197,0),(38,201,0),(172,201,0),(136,207,0),(211,209,0),(3,211,0),(4,211,0),(8,211,0),(63,211,0),(103,211,0),(3,212,0),(4,212,0),(8,212,0),(3,213,0),(201,213,0),(3,214,0),(64,214,0),(3,215,0),(3,216,0),(108,216,0),(110,216,0),(179,216,0),(228,216,0),(236,216,0),(3,217,0),(3,218,0),(211,218,0),(3,219,0),(3,220,0),(3,220,1),(8,220,0),(37,220,0),(38,220,0),(136,220,0),(201,220,0),(3,221,0),(136,221,0),(3,222,0),(3,223,0),(99,223,0),(271,223,0),(3,224,0),(172,224,0),(211,224,0),(3,225,0),(3,227,0),(242,227,0),(3,228,0),(211,228,0),(3,229,0),(62,229,0),(3,230,0),(3,231,0),(136,231,0),(201,231,0),(211,231,0),(242,231,0),(3,232,0),(3,233,0),(3,234,0),(3,235,0),(3,236,0),(81,236,0),(3,237,0),(3,238,0),(241,238,0),(245,238,0),(273,238,0),(3,239,0),(3,240,0),(99,240,0),(136,240,0),(172,240,0),(3,241,0),(3,242,0),(3,243,0),(271,243,0),(3,244,0),(3,245,0),(81,245,0),(172,245,0),(211,245,0),(271,245,0),(273,245,0),(3,246,0),(99,246,0),(172,246,0),(271,246,0),(3,247,0),(271,247,0),(3,248,0),(136,248,0),(3,249,0),(3,250,0),(3,251,0),(271,251,0),(3,252,0),(3,253,0),(3,254,0),(21,254,0),(99,254,0),(3,255,0),(3,256,0),(3,258,0),(81,258,0),(136,258,0),(211,258,0),(3,259,0),(38,259,0),(3,260,0),(3,261,0),(3,262,0),(25,262,0),(62,262,0),(3,263,0),(3,264,0),(3,265,0),(3,266,0),(3,267,0),(136,267,0),(172,267,0),(273,267,0),(3,268,0),(3,269,0),(271,269,0),(273,269,0),(3,270,1),(8,270,0),(37,270,0),(38,270,0),(248,270,0),(4,271,1),(20,271,0),(251,271,0),(4,273,0),(4,274,0),(41,274,0),(44,274,0),(94,274,0),(103,274,0),(224,274,0),(241,274,0),(251,274,0),(4,275,0),(41,275,0),(44,275,0),(224,275,0),(241,275,0),(251,275,0),(4,276,0),(190,276,0),(193,276,0),(4,277,0),(162,277,0),(4,278,0),(4,284,0),(4,285,0),(4,286,0),(78,286,0),(96,286,0),(160,286,0),(166,286,0),(4,288,0),(78,288,0),(283,288,0),(4,290,0),(82,290,0),(4,291,0),(103,291,0),(205,291,0),(4,294,0),(4,295,0),(8,295,0),(57,295,0),(103,295,0),(121,295,0),(227,295,0),(251,295,0),(4,296,0),(78,296,0),(96,296,0),(4,297,0),(124,297,0),(272,297,0),(4,298,0),(201,298,0),(4,299,0),(4,300,0),(256,300,0),(4,301,0),(4,302,0),(4,303,0),(4,304,0),(150,304,0),(163,304,0),(4,305,0),(76,305,0),(163,305,0),(175,305,0),(190,305,0),(201,305,0),(229,305,0),(231,305,0),(273,305,0),(4,306,0),(21,306,0),(22,306,0),(62,306,0),(99,306,0),(122,306,0),(172,306,0),(272,306,0),(273,306,0),(4,307,0),(233,307,0),(249,307,0),(4,308,0),(248,308,0),(249,308,0),(4,309,0),(178,309,0),(211,309,0),(248,309,0),(4,310,0),(203,310,0),(221,310,1),(222,310,1),(240,310,1),(4,311,0),(249,311,0),(4,312,0),(211,312,0),(248,312,0),(249,312,0),(4,313,0),(183,313,0),(185,313,0),(186,313,0),(196,313,0),(198,313,0),(249,313,0),(4,314,0),(249,314,0),(5,316,0),(243,316,0),(5,317,0),(243,317,0),(5,321,0),(5,323,0),(5,325,0),(5,326,0),(5,327,0),(81,327,0),(172,327,0),(5,328,0),(5,329,0),(5,330,0),(5,331,0),(5,332,0),(5,333,0),(5,334,0),(5,336,0),(122,336,0),(5,337,0),(5,339,0),(5,340,0),(5,341,0),(5,343,1),(21,343,1),(29,343,1),(71,343,1),(88,343,1),(123,343,0),(159,343,1),(200,343,1),(232,343,1),(248,343,0),(6,345,0),(7,345,0),(6,347,0),(7,349,0),(20,349,0),(7,350,0),(20,350,0),(7,352,0),(7,353,0),(7,354,0),(8,356,0),(8,357,0),(8,360,0),(221,360,0),(8,361,0),(103,361,0),(8,362,0),(153,362,0),(237,362,0),(8,363,0),(8,364,0),(8,365,0),(8,366,0),(8,368,0),(8,369,0),(251,369,0),(8,370,0),(8,371,0),(27,371,0),(57,371,0),(64,371,0),(67,371,0),(172,371,0),(251,371,0),(8,372,0),(62,372,0),(162,372,0),(166,372,0),(172,372,0),(215,372,0),(280,372,0),(8,373,1),(9,374,0),(9,375,0),(9,376,0),(18,376,0),(9,377,0),(9,377,1),(17,377,0),(82,377,0),(108,377,0),(163,377,0),(167,377,0),(193,377,0),(213,377,0),(9,378,0),(103,378,0),(9,380,0),(9,381,0),(9,382,0),(9,383,0),(9,384,0),(9,384,1),(103,384,0),(9,389,0),(251,389,0),(9,390,0),(9,391,0),(9,392,0),(9,393,0),(12,395,0),(18,395,0),(19,395,0),(31,395,0),(124,398,0),(180,398,0),(21,400,0),(88,400,0),(125,400,1),(193,400,0),(243,400,0),(80,401,0),(25,402,0),(80,402,0),(90,402,0),(158,402,0),(213,402,0),(226,402,0),(227,402,0),(230,402,0),(257,402,0),(124,403,0),(125,403,1),(167,403,0),(79,406,0),(103,406,0),(205,406,0),(62,409,0),(176,410,0),(251,412,1),(257,412,1),(261,412,1),(12,413,0),(12,414,0),(18,414,0),(19,414,0),(12,415,0),(18,415,0),(19,415,0),(144,415,0),(153,415,0),(160,415,0),(190,415,0),(192,415,0),(225,415,0),(247,415,0),(251,415,0),(12,416,0),(69,416,0),(78,416,0),(105,416,0),(163,416,0),(174,416,0),(174,416,1),(225,416,0),(226,416,0),(227,416,0),(264,416,0),(270,416,0),(283,416,0),(12,419,0),(14,419,0),(74,419,0),(167,419,0),(12,420,0),(21,420,0),(74,420,0),(124,420,0),(169,420,0),(201,420,0),(215,420,0),(225,420,0),(253,420,0),(12,421,0),(92,421,0),(201,421,0),(12,423,0),(163,423,0),(229,423,0),(270,423,0),(12,425,0),(64,425,0),(103,425,0),(12,427,0),(53,427,0),(77,427,0),(149,427,0),(150,427,0),(152,427,0),(153,427,0),(190,427,0),(193,427,0),(12,428,0),(43,428,0),(44,428,0),(117,428,0),(159,428,0),(162,428,0),(229,428,0),(13,433,0),(13,434,0),(82,434,0),(145,434,0),(158,434,0),(207,434,0),(208,434,0),(13,436,0),(16,436,0),(22,436,0),(31,436,0),(147,436,1),(163,436,0),(201,436,0),(203,436,0),(253,436,1),(256,436,0),(256,436,1),(259,436,1),(268,436,1),(13,438,0),(16,438,0),(25,438,0),(79,438,0),(82,438,0),(124,438,0),(225,438,0),(242,438,0),(246,438,0),(13,439,0),(87,439,0),(208,439,0),(13,440,0),(156,440,0),(13,442,1),(22,442,0),(31,442,0),(147,442,0),(172,442,0),(226,442,0),(259,442,0),(14,443,0),(74,443,0),(208,443,0),(241,443,0),(251,443,0),(14,444,0),(22,444,0),(31,444,0),(38,444,0),(74,444,0),(166,444,0),(252,444,0),(16,445,0),(16,446,0),(16,446,1),(31,446,0),(82,446,0),(85,446,0),(244,446,1),(16,447,0),(21,447,0),(29,447,0),(90,447,0),(98,447,0),(227,447,0),(230,447,0),(243,447,0),(244,447,0),(274,447,0),(16,448,0),(20,448,0),(22,448,0),(43,448,0),(81,448,0),(153,448,0),(162,448,0),(208,448,0),(265,448,0),(266,448,0),(16,449,0),(17,450,0),(53,450,0),(85,450,0),(108,450,0),(17,451,0),(85,451,0),(195,451,0),(213,451,0),(251,451,0),(17,452,0),(113,452,0),(174,452,1),(264,452,0),(266,452,0),(17,454,0),(90,454,0),(113,454,0),(191,454,0),(17,455,0),(165,455,0),(17,456,0),(17,458,0),(31,458,0),(43,458,0),(104,458,0),(210,458,0),(17,459,0),(65,459,0),(17,460,0),(29,460,0),(124,460,0),(17,462,0),(18,462,0),(19,462,0),(152,462,0),(17,463,0),(62,463,0),(124,463,0),(17,464,1),(17,465,1),(85,465,0),(213,465,0),(17,466,1),(18,467,0),(19,467,0),(23,467,0),(216,467,0),(227,467,0),(280,467,0),(18,468,0),(19,468,0),(62,468,0),(274,468,0),(18,469,0),(19,469,0),(144,469,0),(18,470,0),(19,470,0),(20,470,0),(110,470,0),(164,470,0),(227,470,0),(242,470,0),(244,470,0),(246,470,0),(18,471,0),(57,471,0),(75,471,0),(151,471,0),(229,471,0),(18,472,0),(19,472,0),(229,472,0),(18,475,0),(19,475,0),(177,475,0),(18,476,0),(19,476,0),(18,477,0),(19,477,0),(74,477,0),(272,477,0),(18,479,0),(19,479,0),(77,479,0),(18,480,0),(19,480,0),(18,481,0),(19,481,0),(247,481,0),(18,482,0),(19,482,0),(18,483,0),(19,483,0),(31,483,0),(44,483,0),(152,483,0),(166,483,0),(167,483,0),(175,483,0),(226,483,0),(251,483,0),(104,485,0),(143,485,0),(241,485,0),(247,485,0),(18,486,0),(74,486,0),(77,486,0),(155,486,0),(193,486,0),(203,486,0),(206,486,0),(242,486,0),(250,486,0),(18,487,0),(172,487,0),(20,490,0),(20,491,0),(104,491,0),(201,491,0),(203,491,0),(20,492,0),(20,493,0),(20,493,1),(24,493,0),(20,494,0),(20,495,0),(62,495,0),(20,497,0),(76,497,0),(233,497,0),(20,498,0),(20,499,0),(5,502,0),(63,502,0),(172,502,0),(189,502,0),(20,503,0),(62,503,0),(86,503,0),(95,503,0),(20,506,0),(127,506,0),(192,506,0),(227,506,0),(20,508,0),(20,509,0),(20,510,0),(20,511,0),(43,511,0),(136,511,0),(240,511,0),(251,511,0),(20,512,0),(20,513,0),(9,516,0),(90,516,0),(223,516,0),(9,517,0),(9,518,0),(67,518,0),(173,518,0),(203,518,0),(228,518,0),(9,520,0),(21,521,0),(21,522,0),(24,522,0),(41,522,0),(103,522,0),(203,522,0),(256,522,0),(266,522,0),(21,523,0),(21,524,0),(21,525,0),(43,525,0),(21,526,0),(167,526,0),(21,527,0),(31,527,0),(62,527,0),(71,527,0),(110,527,0),(178,527,0),(201,527,0),(203,527,0),(264,527,0),(21,528,0),(21,529,0),(113,529,0),(136,529,0),(211,529,0),(21,530,0),(21,533,0),(21,534,0),(65,534,0),(148,534,0),(150,534,0),(181,534,0),(21,535,0),(21,536,0),(21,538,0),(68,538,0),(194,538,0),(197,538,0),(21,539,0),(208,539,0),(21,540,0),(76,540,0),(108,540,0),(122,540,0),(137,540,0),(154,540,0),(163,540,0),(234,540,0),(250,540,0),(21,541,0),(208,541,0),(21,542,0),(18,545,0),(21,545,0),(43,545,0),(76,545,0),(195,545,0),(213,545,0),(21,546,0),(31,546,0),(76,546,0),(153,546,0),(188,546,0),(229,546,0),(231,546,0),(21,548,0),(25,548,0),(92,548,0),(108,548,0),(162,548,0),(169,548,0),(183,548,0),(201,548,0),(203,548,0),(242,548,0),(246,548,0),(270,548,0),(21,550,0),(193,550,0),(21,551,0),(88,551,0),(202,551,0),(203,551,0),(205,551,0),(21,552,0),(90,552,0),(202,552,0),(205,552,0),(21,553,0),(21,554,0),(210,554,0),(21,555,0),(21,556,0),(21,557,0),(167,557,0),(21,558,0),(99,558,0),(144,558,0),(153,558,0),(21,559,0),(29,559,0),(125,559,0),(21,561,0),(21,562,0),(21,563,0),(21,564,0),(21,565,0),(22,565,0),(21,566,0),(104,566,0),(201,566,0),(21,567,0),(21,568,0),(153,568,0),(21,569,0),(21,570,0),(44,570,0),(52,570,0),(278,570,0),(21,571,0),(178,571,0),(21,572,0),(203,572,0),(21,574,0),(21,575,0),(29,575,0),(157,575,0),(283,575,0),(21,576,0),(29,576,0),(21,577,0),(21,578,0),(21,579,0),(153,579,0),(163,579,0),(21,580,0),(272,580,0),(21,581,0),(262,581,0),(21,582,0),(21,584,0),(172,584,0),(21,585,0),(136,585,0),(211,585,0),(21,587,0),(245,587,0),(21,588,0),(136,588,0),(211,588,0),(273,588,0),(21,589,0),(136,589,0),(201,589,0),(245,589,0),(21,590,0),(21,591,0),(81,591,0),(21,592,0),(136,592,0),(21,593,0),(271,593,0),(21,594,0),(136,594,0),(21,595,0),(136,595,0),(21,596,0),(21,597,0),(81,597,0),(21,598,0),(21,599,0),(21,600,0),(21,601,0),(21,602,0),(172,602,0),(21,603,0),(21,604,0),(21,605,0),(136,605,0),(21,606,0),(21,607,0),(81,607,0),(136,607,0),(21,608,0),(143,608,0),(270,608,0),(21,609,0),(21,610,0),(21,611,0),(21,612,0),(21,613,0),(136,613,0),(21,614,0),(136,614,0),(21,615,0),(21,616,0),(201,616,0),(203,616,0),(21,617,0),(21,618,0),(43,618,0),(181,618,0),(243,618,0),(270,618,0),(21,619,0),(21,620,0),(21,621,0),(21,623,0),(242,623,0),(21,624,0),(21,625,0),(232,625,0),(21,626,0),(21,627,0),(21,628,0),(52,628,0),(278,628,0),(21,629,0),(21,630,0),(21,631,0),(21,632,0),(21,633,0),(99,633,0),(21,634,0),(21,635,0),(21,636,0),(21,637,0),(21,638,0),(21,639,0),(82,639,0),(99,639,0),(21,640,0),(21,641,0),(161,641,0),(21,642,0),(21,643,0),(21,644,0),(21,646,0),(104,646,0),(201,646,0),(21,647,0),(29,647,0),(272,647,1),(21,648,0),(21,650,0),(27,650,0),(169,650,0),(185,650,0),(246,650,0),(22,651,0),(244,651,0),(22,652,0),(262,652,0),(22,653,0),(22,654,0),(101,654,0),(22,655,0),(22,656,0),(53,656,0),(22,657,0),(22,657,1),(24,657,1),(30,657,1),(227,657,0),(22,658,0),(22,658,1),(24,658,1),(30,658,1),(22,659,0),(22,660,0),(30,660,0),(227,660,0),(22,661,0),(22,662,0),(105,662,0),(108,662,0),(109,662,0),(22,663,0),(22,664,0),(22,665,0),(22,666,0),(22,667,0),(124,667,0),(241,667,0),(22,668,0),(22,669,0),(262,669,0),(22,670,0),(172,670,0),(234,670,0),(262,670,0),(22,671,0),(22,673,0),(24,673,0),(22,674,0),(22,675,0),(203,675,0),(22,677,0),(22,678,0),(22,679,0),(271,679,0),(22,680,0),(24,680,0),(63,680,0),(262,680,0),(22,681,0),(103,681,0),(22,682,0),(227,682,0),(22,683,0),(133,683,0),(158,683,0),(166,683,0),(192,683,0),(201,683,0),(227,683,0),(262,683,0),(22,684,0),(250,684,0),(22,685,0),(22,687,0),(272,687,0),(22,688,0),(172,688,0),(193,688,0),(22,689,0),(22,690,0),(62,690,0),(22,691,0),(22,692,0),(22,693,0),(22,694,0),(108,694,0),(22,695,0),(100,695,0),(220,695,0),(236,695,0),(243,695,0),(22,696,0),(236,696,0),(22,697,0),(134,697,0),(181,697,0),(206,697,0),(22,698,0),(146,698,0),(232,698,0),(280,698,0),(22,699,0),(22,700,0),(22,701,0),(29,701,0),(104,701,1),(162,701,0),(167,701,0),(228,701,0),(262,701,0),(22,702,0),(22,703,0),(22,704,0),(22,705,0),(159,705,0),(22,706,0),(22,707,0),(69,707,0),(239,707,0),(22,708,0),(22,709,0),(22,710,0),(43,710,0),(159,710,0),(278,710,0),(22,711,0),(22,712,0),(22,713,0),(22,714,0),(22,715,0),(24,715,0),(30,715,0),(22,716,0),(24,716,0),(30,716,0),(22,717,0),(22,718,0),(22,720,0),(22,721,0),(22,722,0),(22,723,0),(23,723,0),(215,723,0),(22,724,0),(22,725,0),(125,725,0),(159,725,0),(22,726,0),(125,726,0),(226,726,0),(266,726,0),(22,728,0),(22,729,0),(23,730,0),(90,730,0),(159,730,0),(23,731,0),(90,731,0),(162,731,0),(228,731,0),(23,732,0),(23,733,0),(23,734,0),(23,735,0),(23,736,0),(23,737,0),(43,737,0),(154,737,0),(226,737,0),(247,737,0),(23,738,0),(43,738,0),(103,738,0),(154,738,0),(226,738,0),(247,738,0),(23,739,0),(23,740,0),(23,741,0),(90,741,0),(91,741,0),(162,741,0),(23,743,0),(102,743,0),(23,744,0),(219,744,0),(226,744,0),(262,744,0),(23,745,0),(69,745,0),(183,745,0),(250,745,0),(262,745,0),(23,747,0),(159,747,0),(211,747,0),(238,747,0),(262,747,0),(265,747,0),(23,748,0),(43,748,0),(88,748,0),(99,748,0),(226,748,0),(227,748,0),(242,748,0),(246,748,0),(248,748,0),(248,748,1),(249,748,0),(249,748,1),(270,748,0),(23,749,0),(62,749,0),(283,749,0),(23,750,0),(29,750,0),(36,750,0),(215,750,0),(264,750,0),(272,750,0),(23,752,0),(215,752,0),(23,753,0),(215,753,0),(23,754,0),(215,754,0),(23,755,0),(178,755,0),(215,755,0),(23,756,0),(215,756,0),(23,757,0),(178,757,0),(215,757,0),(23,758,0),(215,758,0),(23,759,0),(178,759,0),(215,759,0),(23,760,0),(186,760,0),(215,760,0),(265,760,0),(23,761,0),(67,761,0),(163,761,0),(166,761,0),(215,761,0),(226,761,0),(262,761,0),(270,761,0),(23,762,0),(215,762,0),(23,763,0),(215,763,0),(23,764,0),(43,764,0),(71,764,0),(152,764,0),(188,764,0),(215,764,0),(241,764,0),(242,764,0),(246,764,0),(251,764,0),(23,765,0),(39,765,0),(59,765,0),(78,765,0),(178,765,0),(203,765,0),(215,765,0),(219,765,0),(250,765,0),(23,766,0),(215,766,0),(23,767,0),(215,767,0),(23,768,0),(215,768,0),(23,769,0),(215,769,0),(23,771,0),(215,771,0),(23,772,0),(215,772,0),(23,774,0),(23,775,0),(172,775,0),(227,775,0),(23,776,0),(31,776,0),(43,776,0),(124,776,0),(162,776,0),(247,776,0),(251,776,0),(270,776,0),(23,777,0),(23,778,0),(226,778,0),(24,779,0),(43,779,0),(88,779,0),(113,779,0),(187,779,0),(250,779,0),(24,780,0),(153,780,0),(24,782,0),(24,783,0),(24,784,0),(24,785,0),(24,787,0),(73,787,0),(100,787,0),(192,787,0),(24,788,0),(24,789,0),(201,789,0),(227,789,0),(24,790,0),(24,791,0),(24,793,0),(138,793,0),(193,793,0),(237,793,0),(262,793,0),(24,794,0),(24,795,0),(153,795,0),(24,796,0),(153,796,0),(24,797,0),(43,797,0),(242,797,0),(24,798,0),(96,798,0),(96,798,1),(97,798,1),(122,798,0),(201,798,0),(203,798,0),(24,799,0),(69,799,0),(77,799,0),(139,799,0),(201,799,0),(209,799,0),(246,799,0),(24,800,0),(69,800,0),(79,800,0),(160,800,0),(167,800,0),(225,800,0),(260,800,0),(262,800,0),(24,801,0),(80,801,0),(81,801,0),(105,801,0),(270,801,0),(24,802,0),(112,802,0),(113,802,0),(115,802,0),(141,802,0),(163,802,0),(169,802,0),(179,802,0),(24,803,0),(91,803,0),(160,803,0),(179,803,0),(227,803,0),(241,803,0),(24,804,0),(37,804,0),(38,804,0),(153,804,0),(24,807,0),(178,807,0),(182,807,0),(24,808,0),(24,809,0),(141,809,0),(247,809,0),(270,809,0),(24,810,0),(153,810,0),(24,811,0),(24,812,0),(24,813,0),(24,814,0),(30,814,0),(24,815,0),(24,816,0),(24,817,0),(227,817,0),(25,818,0),(75,818,0),(25,820,0),(62,820,0),(79,820,0),(226,820,0),(25,821,0),(100,821,0),(103,821,0),(104,821,0),(124,821,0),(179,821,0),(206,821,0),(270,821,0),(25,822,0),(76,822,0),(152,822,0),(199,822,0),(242,822,0),(25,824,0),(108,824,0),(226,824,0),(25,825,0),(25,827,0),(25,828,0),(39,828,0),(44,828,0),(238,828,0),(251,828,0),(43,830,0),(62,830,0),(88,830,0),(122,830,0),(242,830,0),(270,830,0),(25,831,0),(43,831,0),(88,831,0),(242,831,0),(270,831,0),(242,832,0),(25,833,0),(62,833,0),(25,834,0),(62,834,0),(62,837,0),(181,837,0),(242,837,0),(270,837,0),(43,841,0),(119,841,0),(120,841,0),(120,841,1),(122,841,0),(153,841,0),(242,841,0),(270,841,0),(29,842,0),(44,842,0),(88,842,0),(123,842,0),(128,842,0),(128,842,1),(194,842,0),(229,842,0),(229,842,1),(231,842,1),(232,842,0),(25,844,0),(25,845,0),(25,846,0),(25,847,0),(185,847,0),(201,847,0),(203,847,0),(25,848,0),(25,849,0),(25,850,0),(126,850,0),(127,850,0),(25,851,0),(36,851,0),(25,852,0),(25,853,0),(39,853,0),(41,853,0),(95,853,0),(102,853,0),(129,853,0),(202,853,0),(205,853,0),(250,853,0),(25,854,0),(25,855,0),(44,855,0),(26,856,0),(26,857,0),(201,857,0),(26,858,0),(26,859,0),(26,860,1),(26,861,1),(27,864,0),(29,864,0),(43,864,0),(27,865,0),(27,867,0),(178,867,0),(186,867,0),(27,868,0),(124,868,0),(205,868,0),(251,868,0),(265,868,0),(266,868,0),(27,869,0),(27,870,0),(44,870,0),(163,870,0),(27,871,0),(27,872,0),(62,872,0),(27,873,0),(27,875,0),(183,875,0),(27,877,0),(27,878,0),(27,880,0),(43,880,0),(44,880,0),(27,881,0),(186,881,0),(27,882,0),(27,883,0),(186,883,0),(199,883,0),(27,884,0),(136,884,0),(247,884,0),(27,885,0),(262,885,0),(274,885,0),(27,887,0),(27,888,0),(27,889,0),(27,890,0),(178,890,0),(27,891,0),(27,892,0),(264,892,0),(27,893,0),(43,893,0),(83,893,0),(115,893,0),(163,893,0),(166,893,0),(201,893,0),(27,894,0),(183,894,0),(226,894,0),(27,896,0),(27,897,0),(27,898,0),(247,898,0),(27,899,0),(153,899,0),(215,899,0),(27,900,0),(27,901,0),(27,902,0),(136,902,0),(172,902,0),(172,902,1),(179,902,1),(189,902,1),(209,902,1),(211,902,0),(243,902,0),(245,902,0),(247,902,0),(271,902,1),(279,902,1),(27,903,0),(183,903,0),(28,905,0),(28,906,0),(28,907,0),(28,909,0),(28,910,0),(62,910,0),(86,910,0),(95,910,0),(121,910,0),(213,910,0),(246,910,0),(29,911,0),(62,911,0),(82,911,0),(108,911,0),(109,911,0),(141,911,0),(167,911,0),(173,911,0),(190,911,0),(29,912,0),(68,912,0),(76,912,0),(150,912,0),(29,913,0),(103,913,0),(29,914,0),(236,914,0),(29,915,0),(159,915,0),(233,915,0),(234,915,0),(29,917,0),(29,918,0),(189,918,0),(193,918,0),(208,918,0),(29,919,0),(104,919,0),(108,919,0),(153,919,0),(173,919,0),(203,919,0),(244,919,0),(280,919,0),(29,920,0),(29,921,0),(71,921,0),(29,922,0),(122,922,0),(124,922,0),(126,922,0),(127,922,0),(159,922,0),(251,922,0),(262,922,0),(273,922,0),(29,923,0),(29,924,0),(103,924,0),(242,924,0),(246,924,0),(29,926,0),(265,926,0),(29,927,0),(67,927,0),(169,927,0),(178,927,0),(215,927,0),(29,928,0),(117,928,0),(23,929,0),(29,929,0),(114,929,0),(125,929,0),(170,929,0),(182,929,0),(201,929,0),(215,929,0),(226,929,0),(280,929,0),(29,930,0),(43,930,0),(29,931,0),(77,931,0),(29,932,0),(29,933,0),(29,934,0),(88,934,0),(113,934,0),(232,934,0),(29,935,0),(29,936,0),(29,937,0),(97,937,0),(118,937,0),(122,937,0),(150,937,0),(23,938,0),(23,939,0),(30,939,0),(228,939,0),(23,940,0),(182,940,0),(23,941,0),(227,941,0),(23,942,0),(215,942,0),(23,943,0),(215,943,0),(23,944,0),(43,944,0),(215,944,0),(23,945,0),(215,945,0),(23,946,0),(43,946,0),(215,946,0),(23,947,0),(68,947,0),(114,947,0),(124,947,0),(215,947,0),(23,948,0),(215,948,0),(226,948,0),(23,949,0),(94,949,0),(215,949,0),(23,950,0),(172,950,0),(192,950,0),(215,950,0),(225,950,0),(251,950,0),(23,951,0),(215,951,0),(23,952,0),(215,952,0),(23,953,0),(124,953,0),(215,953,0),(23,954,0),(62,954,0),(215,954,0),(250,954,0),(23,955,0),(215,955,0),(23,956,0),(215,956,0),(23,957,0),(215,957,0),(23,958,0),(215,958,0),(23,959,0),(73,959,0),(92,959,0),(205,959,0),(213,959,0),(23,960,0),(23,961,0),(43,961,0),(57,961,0),(153,961,0),(162,961,0),(172,961,0),(23,962,0),(23,963,0),(23,964,0),(91,964,0),(23,965,0),(52,965,0),(77,965,0),(98,965,0),(115,965,0),(141,965,0),(167,965,0),(226,965,0),(247,965,0),(252,965,0),(23,966,0),(100,966,0),(167,966,0),(215,966,0),(247,966,0),(280,966,0),(23,967,0),(76,967,0),(174,967,0),(201,967,0),(241,967,0),(247,967,0),(262,967,0),(23,968,0),(138,968,0),(209,968,0),(243,968,0),(247,968,0),(23,969,0),(23,970,0),(23,971,0),(100,971,0),(198,971,0),(264,971,0),(23,972,0),(113,972,0),(23,973,0),(43,973,0),(162,973,0),(215,973,0),(30,974,0),(94,974,0),(179,974,0),(227,974,0),(228,974,0),(264,974,0),(30,975,0),(30,976,0),(30,977,0),(199,977,0),(201,977,0),(225,977,0),(30,978,0),(172,978,0),(247,978,0),(279,978,0),(30,979,0),(30,980,0),(30,981,0),(30,982,0),(30,984,0),(32,984,0),(33,984,1),(154,984,1),(282,984,0),(31,985,0),(31,986,0),(31,987,0),(31,988,0),(31,989,0),(31,990,0),(62,990,0),(77,990,0),(153,990,0),(172,990,0),(251,990,0),(31,991,0),(31,992,0),(53,992,0),(69,992,0),(94,992,0),(158,992,0),(201,992,0),(203,992,0),(31,993,0),(31,994,0),(206,994,0),(251,994,0),(31,995,0),(39,995,0),(31,996,0),(65,996,0),(252,996,0),(31,997,0),(31,998,0),(31,999,0),(31,1000,0),(79,1000,0),(31,1001,0),(163,1001,0),(178,1001,0),(201,1001,0),(203,1001,0),(239,1001,0),(31,1002,0),(31,1003,0),(31,1004,0),(38,1004,0),(31,1005,0),(31,1006,0),(62,1006,0),(115,1006,0),(190,1006,0),(192,1006,0),(225,1006,0),(250,1006,0),(280,1006,0),(31,1007,0),(87,1007,0),(98,1007,0),(163,1007,0),(203,1007,0),(225,1007,0),(242,1007,0),(246,1007,0),(31,1008,0),(57,1008,0),(121,1008,0),(136,1008,0),(172,1008,0),(211,1008,0),(248,1008,0),(251,1008,0),(31,1009,0),(104,1009,0),(31,1010,0),(31,1011,0),(219,1011,0),(31,1012,0),(153,1012,0),(163,1012,0),(178,1012,0),(250,1012,0),(31,1013,0),(38,1013,0),(41,1013,0),(76,1013,0),(99,1013,0),(167,1013,0),(259,1013,0),(31,1014,0),(152,1014,0),(31,1015,0),(41,1015,0),(31,1016,0),(72,1016,0),(76,1016,0),(115,1016,0),(143,1016,0),(150,1016,0),(150,1016,1),(164,1016,0),(282,1016,0),(282,1016,1),(31,1017,0),(31,1018,0),(87,1018,0),(95,1018,0),(31,1019,0),(38,1019,0),(31,1020,0),(31,1021,0),(82,1021,0),(85,1021,0),(175,1021,0),(211,1021,0),(31,1022,0),(39,1022,0),(41,1022,0),(53,1022,0),(85,1022,0),(218,1022,0),(31,1023,0),(41,1023,0),(82,1023,0),(85,1023,0),(224,1023,0),(246,1023,0),(31,1025,0),(31,1026,0),(31,1027,0),(31,1032,0),(62,1032,0),(31,1033,0),(31,1034,0),(31,1035,0),(64,1035,0),(115,1035,0),(148,1035,0),(150,1035,0),(31,1037,0),(31,1038,0),(62,1038,0),(32,1039,0),(119,1039,0),(206,1039,0),(214,1039,0),(251,1039,0),(32,1041,0),(33,1041,0),(32,1042,0),(33,1042,0),(32,1043,0),(33,1043,0),(32,1044,0),(33,1044,0),(32,1045,0),(33,1045,0),(159,1045,0),(226,1045,0),(233,1045,0),(32,1046,0),(33,1046,0),(96,1046,0),(115,1046,0),(32,1047,0),(33,1047,0),(133,1047,0),(199,1047,0),(33,1048,0),(54,1048,0),(56,1048,0),(78,1048,0),(238,1048,0),(33,1049,0),(34,1050,0),(138,1050,0),(35,1051,0),(124,1051,0),(255,1051,0),(35,1052,0),(35,1053,0),(44,1053,0),(283,1053,0),(35,1054,0),(35,1055,0),(35,1056,0),(53,1056,0),(69,1056,0),(103,1056,0),(153,1056,0),(222,1056,0),(35,1057,0),(35,1059,0),(150,1059,0),(35,1060,0),(35,1061,0),(65,1061,0),(35,1062,0),(41,1062,0),(43,1062,0),(98,1062,0),(130,1062,0),(131,1062,0),(151,1062,0),(178,1062,0),(184,1062,0),(215,1062,0),(250,1062,0),(35,1063,0),(111,1063,0),(115,1063,0),(117,1063,0),(127,1063,0),(181,1063,0),(241,1063,0),(35,1064,0),(35,1065,0),(122,1065,0),(35,1066,0),(272,1066,0),(35,1067,0),(35,1068,0),(64,1068,0),(103,1068,0),(124,1068,0),(191,1068,0),(35,1069,0),(90,1069,0),(198,1069,0),(35,1070,0),(82,1070,0),(85,1070,0),(87,1070,0),(166,1070,0),(172,1070,0),(35,1071,0),(50,1071,0),(124,1071,0),(163,1071,0),(173,1071,0),(35,1073,0),(35,1074,0),(79,1074,0),(168,1074,0),(172,1074,0),(178,1074,0),(215,1074,0),(35,1075,0),(35,1076,0),(68,1076,0),(102,1076,0),(122,1076,0),(178,1076,0),(36,1077,0),(218,1077,0),(274,1077,0),(36,1078,0),(37,1079,0),(37,1080,0),(75,1080,0),(37,1081,0),(38,1081,0),(37,1082,0),(37,1083,0),(38,1084,0),(38,1085,0),(104,1085,0),(108,1085,0),(152,1085,0),(196,1085,0),(201,1085,0),(202,1085,0),(38,1086,0),(38,1087,0),(38,1088,0),(38,1089,0),(38,1090,0),(211,1090,0),(38,1092,0),(38,1093,0),(38,1094,0),(82,1094,0),(85,1094,0),(38,1095,0),(38,1096,0),(74,1096,0),(82,1096,0),(127,1096,0),(150,1096,0),(153,1096,0),(38,1097,0),(38,1098,0),(38,1099,0),(62,1099,0),(38,1100,0),(38,1101,0),(77,1101,0),(82,1101,0),(104,1101,0),(153,1101,0),(38,1102,0),(38,1103,0),(62,1103,0),(38,1104,0),(38,1105,0),(38,1106,0),(38,1107,0),(108,1107,0),(158,1107,0),(39,1108,0),(104,1108,0),(39,1109,0),(39,1110,0),(39,1111,0),(100,1111,0),(251,1111,0),(39,1112,0),(172,1112,0),(39,1113,0),(39,1114,0),(43,1114,0),(90,1114,0),(103,1114,0),(163,1114,0),(168,1114,0),(178,1114,0),(247,1114,0),(39,1115,0),(69,1115,0),(103,1115,0),(39,1116,0),(39,1117,0),(92,1117,0),(103,1117,0),(153,1117,0),(169,1117,0),(170,1117,0),(39,1118,0),(97,1118,0),(39,1119,0),(39,1120,0),(39,1121,0),(39,1122,0),(39,1123,0),(39,1124,0),(39,1125,0),(39,1126,0),(39,1127,0),(84,1127,0),(39,1128,0),(40,1129,0),(40,1130,0),(40,1131,0),(181,1131,0),(40,1132,0),(40,1133,0),(126,1133,0),(127,1133,0),(153,1133,0),(170,1133,0),(178,1133,0),(181,1133,0),(201,1133,0),(203,1133,0),(242,1133,0),(277,1133,0),(40,1134,0),(40,1135,0),(40,1136,0),(40,1137,0),(69,1137,0),(222,1137,0),(40,1138,0),(201,1138,0),(40,1139,0),(251,1139,0),(41,1140,0),(173,1140,0),(241,1140,0),(251,1140,0),(41,1141,0),(65,1141,0),(41,1142,0),(41,1143,0),(41,1144,0),(41,1145,0),(86,1145,0),(156,1145,0),(41,1146,0),(43,1146,0),(86,1146,0),(149,1146,0),(153,1146,0),(156,1146,0),(175,1146,0),(196,1146,0),(41,1147,0),(41,1148,0),(41,1150,0),(41,1151,0),(153,1151,0),(201,1151,0),(251,1151,0),(41,1152,0),(104,1152,0),(41,1153,0),(41,1154,0),(41,1155,0),(191,1155,0),(207,1155,0),(208,1155,0),(173,1158,0),(43,1159,0),(196,1162,0),(103,1164,0),(159,1166,0),(227,1166,0),(95,1167,0),(113,1167,0),(158,1167,0),(181,1167,0),(208,1167,0),(103,1171,0),(164,1171,0),(227,1171,0),(229,1171,0),(236,1171,0),(87,1173,0),(117,1173,0),(178,1173,0),(216,1173,0),(279,1173,0),(72,1176,0),(90,1176,0),(101,1176,0),(115,1176,0),(43,1180,0),(62,1180,0),(203,1180,0),(43,1181,0),(43,1182,0),(172,1182,0),(43,1183,0),(43,1184,0),(43,1185,0),(153,1185,0),(43,1186,0),(221,1186,1),(222,1186,1),(240,1186,1),(43,1187,0),(174,1187,0),(174,1187,1),(221,1187,1),(222,1187,1),(240,1187,1),(43,1188,0),(153,1188,0),(43,1190,0),(62,1190,0),(192,1190,0),(43,1191,0),(43,1192,0),(181,1192,0),(43,1193,0),(43,1194,0),(153,1194,0),(43,1195,0),(153,1195,0),(175,1195,0),(201,1195,0),(203,1195,0),(280,1195,0),(43,1196,0),(113,1196,0),(186,1196,0),(259,1196,0),(279,1196,0),(43,1197,0),(43,1198,0),(43,1199,0),(166,1199,0),(43,1200,0),(43,1201,0),(280,1201,0),(43,1202,0),(43,1203,0),(43,1204,0),(115,1204,0),(124,1204,0),(137,1204,0),(179,1204,0),(189,1204,0),(247,1204,0),(266,1204,0),(43,1205,0),(43,1206,0),(153,1206,0),(43,1207,0),(153,1207,0),(178,1207,0),(43,1208,0),(179,1208,0),(189,1208,0),(43,1209,0),(43,1210,0),(43,1212,0),(43,1213,0),(43,1214,0),(89,1214,0),(93,1214,0),(103,1214,0),(211,1214,0),(43,1216,0),(43,1217,0),(201,1217,0),(203,1217,0),(251,1217,0),(43,1218,0),(43,1220,0),(43,1222,0),(88,1222,0),(115,1222,0),(166,1222,0),(201,1222,0),(43,1223,0),(43,1224,0),(153,1224,0),(43,1225,0),(43,1226,0),(43,1227,0),(201,1227,0),(203,1227,0),(266,1227,0),(43,1228,0),(203,1228,0),(43,1229,0),(149,1229,0),(43,1230,0),(43,1231,0),(43,1232,0),(43,1233,0),(153,1233,0),(250,1233,0),(43,1234,0),(43,1235,0),(43,1236,0),(201,1236,0),(43,1237,0),(43,1238,0),(43,1240,0),(104,1240,0),(163,1240,0),(43,1241,0),(104,1241,0),(43,1242,0),(43,1243,0),(144,1243,0),(43,1244,0),(43,1245,0),(43,1246,0),(43,1247,0),(43,1248,0),(116,1248,0),(162,1248,0),(43,1249,0),(78,1249,0),(213,1249,0),(247,1249,0),(43,1250,0),(43,1251,0),(43,1252,0),(43,1253,0),(43,1254,0),(43,1255,0),(124,1255,0),(153,1255,0),(166,1255,0),(43,1256,0),(43,1257,0),(43,1258,0),(43,1259,0),(43,1260,0),(141,1260,0),(43,1261,0),(43,1262,0),(43,1263,0),(247,1263,0),(270,1263,0),(43,1264,0),(43,1265,0),(43,1266,0),(153,1266,0),(43,1267,0),(64,1267,0),(165,1267,0),(193,1267,0),(43,1268,0),(43,1269,0),(59,1269,0),(43,1270,0),(43,1271,0),(134,1271,0),(251,1271,0),(43,1272,0),(44,1272,0),(43,1273,0),(43,1274,0),(110,1274,0),(124,1274,0),(180,1274,0),(247,1274,0),(250,1274,0),(43,1275,0),(266,1275,0),(43,1276,0),(108,1276,0),(174,1276,0),(174,1276,1),(178,1276,0),(181,1276,0),(193,1276,0),(232,1276,0),(235,1276,0),(242,1276,0),(246,1276,0),(251,1276,0),(43,1277,0),(43,1278,0),(43,1279,0),(69,1279,0),(203,1279,0),(43,1280,0),(153,1280,0),(43,1281,0),(163,1281,0),(43,1282,0),(43,1283,0),(100,1283,0),(181,1283,0),(43,1284,0),(103,1284,0),(109,1284,0),(262,1284,0),(43,1285,0),(43,1286,0),(62,1286,0),(178,1286,0),(215,1286,0),(264,1286,0),(43,1287,0),(43,1288,0),(43,1289,0),(88,1289,0),(137,1289,0),(141,1289,0),(262,1289,0),(275,1289,0),(43,1290,0),(246,1290,0),(43,1291,0),(96,1291,1),(97,1291,1),(43,1292,0),(43,1293,0),(43,1294,0),(43,1295,0),(43,1296,0),(43,1297,0),(43,1298,0),(43,1299,0),(119,1299,0),(120,1299,0),(120,1299,1),(43,1300,0),(43,1301,0),(43,1302,0),(153,1302,0),(43,1303,0),(94,1303,0),(182,1303,0),(43,1304,0),(43,1305,0),(43,1306,0),(43,1307,0),(108,1307,0),(137,1307,0),(141,1307,0),(43,1309,0),(43,1310,0),(43,1311,0),(43,1312,0),(203,1312,0),(43,1313,0),(203,1313,0),(259,1313,0),(266,1313,0),(43,1314,0),(43,1315,0),(43,1316,0),(43,1317,0),(43,1318,0),(43,1319,0),(153,1319,0),(195,1319,0),(213,1319,0),(270,1319,0),(283,1319,0),(43,1320,0),(43,1321,0),(43,1322,0),(43,1323,0),(195,1323,0),(213,1323,0),(43,1324,0),(43,1325,0),(43,1326,0),(43,1327,0),(109,1327,0),(114,1327,0),(169,1327,0),(201,1327,0),(205,1327,0),(234,1327,0),(43,1328,0),(147,1328,0),(147,1328,1),(151,1328,1),(181,1328,1),(211,1328,0),(283,1328,1),(43,1329,0),(248,1329,0),(43,1330,0),(43,1331,0),(43,1332,0),(121,1332,0),(43,1333,0),(43,1334,0),(43,1335,0),(148,1335,0),(150,1335,0),(43,1336,0),(43,1337,0),(43,1338,0),(43,1339,0),(43,1340,0),(43,1341,0),(43,1342,0),(122,1342,0),(43,1343,0),(43,1344,0),(43,1345,0),(43,1346,0),(43,1347,0),(43,1348,0),(43,1349,0),(43,1350,0),(43,1351,0),(43,1352,0),(43,1353,0),(43,1354,0),(43,1355,0),(43,1356,0),(43,1357,0),(111,1357,0),(160,1357,0),(174,1357,0),(43,1358,0),(153,1358,0),(43,1359,0),(152,1359,0),(181,1359,0),(201,1359,0),(203,1359,0),(251,1359,0),(43,1360,0),(43,1361,0),(153,1361,0),(178,1361,0),(183,1361,0),(228,1361,0),(43,1362,0),(43,1363,0),(43,1364,0),(153,1364,0),(229,1364,0),(270,1364,0),(43,1365,0),(44,1366,0),(44,1367,0),(178,1367,0),(44,1368,0),(44,1369,0),(44,1370,0),(57,1370,0),(59,1370,0),(104,1370,0),(153,1370,0),(190,1370,0),(247,1370,0),(272,1370,0),(280,1370,0),(44,1371,0),(103,1371,0),(153,1371,0),(196,1371,0),(44,1372,0),(44,1373,0),(44,1374,0),(44,1375,0),(44,1377,0),(44,1378,0),(44,1379,0),(103,1379,0),(44,1380,0),(104,1380,0),(44,1381,0),(201,1381,0),(44,1382,0),(232,1382,0),(44,1383,0),(52,1383,0),(278,1383,0),(44,1384,0),(45,1384,0),(44,1385,0),(44,1386,0),(44,1387,0),(44,1388,0),(44,1389,0),(44,1390,0),(44,1391,0),(44,1392,0),(88,1392,0),(104,1392,0),(110,1392,0),(113,1392,0),(262,1392,0),(44,1393,0),(44,1394,0),(44,1395,0),(44,1396,0),(44,1397,0),(44,1398,0),(178,1398,0),(44,1399,0),(68,1399,0),(90,1399,0),(153,1399,0),(167,1399,0),(207,1399,0),(216,1399,0),(231,1399,0),(283,1399,0),(44,1400,0),(62,1400,0),(72,1400,0),(138,1400,0),(156,1400,0),(167,1400,0),(169,1400,0),(242,1400,0),(280,1400,0),(44,1401,0),(44,1402,0),(44,1403,0),(44,1404,0),(111,1404,0),(177,1404,0),(178,1404,0),(195,1404,0),(275,1404,0),(44,1405,0),(103,1405,0),(103,1405,1),(105,1405,1),(109,1405,1),(163,1405,0),(188,1405,0),(44,1407,0),(98,1407,0),(104,1407,0),(44,1409,0),(44,1410,0),(180,1410,0),(44,1411,0),(159,1411,0),(45,1412,0),(45,1413,0),(45,1414,0),(124,1414,0),(45,1415,0),(45,1416,0),(45,1417,0),(279,1417,0),(45,1418,0),(45,1419,0),(45,1420,0),(45,1421,0),(110,1421,0),(117,1421,0),(45,1422,0),(279,1422,0),(45,1423,0),(45,1424,0),(45,1425,0),(45,1426,0),(46,1426,0),(47,1426,0),(52,1426,0),(113,1426,0),(45,1427,0),(275,1427,0),(45,1428,0),(45,1429,0),(46,1430,0),(46,1431,0),(81,1431,0),(92,1431,0),(118,1431,0),(242,1431,0),(281,1431,0),(46,1432,0),(47,1432,0),(46,1433,0),(47,1433,0),(52,1433,0),(46,1434,0),(47,1434,0),(52,1434,0),(46,1435,0),(47,1435,0),(47,1436,0),(103,1436,0),(163,1436,0),(203,1436,0),(204,1436,0),(262,1436,0),(47,1437,0),(47,1438,0),(242,1438,0),(246,1438,0),(47,1439,0),(68,1439,0),(47,1440,0),(71,1440,0),(159,1440,0),(47,1441,0),(47,1442,0),(47,1443,0),(83,1443,0),(266,1443,0),(251,1444,0),(153,1445,0),(117,1446,0),(137,1446,0),(149,1446,0),(169,1446,0),(199,1446,0),(250,1446,0),(265,1446,0),(110,1447,0),(122,1449,0),(192,1449,0),(100,1450,0),(75,1451,0),(90,1451,0),(109,1451,0),(130,1451,0),(143,1451,0),(184,1451,0),(186,1451,0),(215,1451,0),(225,1451,0),(226,1451,0),(239,1451,0),(192,1456,0),(50,1457,0),(50,1457,1),(51,1457,1),(108,1457,0),(266,1457,0),(50,1458,0),(52,1458,0),(50,1459,0),(191,1459,0),(50,1460,0),(50,1461,0),(113,1461,0),(50,1462,0),(50,1463,0),(50,1464,0),(51,1465,0),(51,1467,0),(163,1467,0),(172,1467,0),(201,1467,0),(270,1467,0),(51,1468,0),(51,1469,0),(51,1470,0),(52,1471,0),(52,1472,0),(52,1473,0),(52,1474,0),(52,1475,0),(52,1476,0),(87,1476,0),(103,1476,0),(205,1476,0),(238,1476,0),(246,1476,0),(52,1477,0),(220,1477,0),(52,1478,0),(103,1478,0),(242,1478,0),(52,1479,0),(52,1480,0),(52,1481,0),(77,1481,0),(108,1481,0),(110,1481,0),(158,1481,0),(166,1481,0),(215,1481,0),(52,1482,0),(112,1482,0),(113,1482,0),(52,1483,0),(52,1484,0),(52,1485,0),(52,1486,0),(52,1487,0),(52,1488,0),(52,1489,0),(52,1490,0),(122,1490,0),(276,1490,0),(278,1490,0),(52,1491,0),(278,1491,0),(52,1492,0),(278,1492,0),(52,1493,0),(52,1494,0),(278,1494,0),(52,1495,0),(278,1495,0),(52,1496,0),(278,1496,0),(52,1497,0),(278,1497,0),(52,1498,0),(136,1498,0),(273,1498,0),(278,1498,0),(52,1499,0),(52,1500,0),(52,1501,0),(52,1502,0),(52,1503,0),(53,1506,0),(191,1506,0),(192,1506,0),(227,1506,0),(228,1506,0),(267,1506,0),(53,1509,0),(99,1509,0),(144,1509,0),(201,1509,0),(203,1509,0),(248,1509,0),(53,1510,0),(144,1510,0),(201,1510,0),(203,1510,0),(53,1511,0),(103,1511,0),(201,1511,0),(203,1511,0),(262,1511,0),(53,1512,0),(53,1513,0),(69,1513,0),(152,1513,0),(201,1513,0),(203,1513,0),(53,1514,0),(68,1514,0),(53,1515,0),(53,1516,0),(108,1516,0),(117,1516,0),(159,1516,0),(167,1516,0),(168,1516,0),(196,1516,0),(207,1516,0),(226,1516,0),(236,1516,0),(268,1516,0),(53,1517,0),(67,1517,0),(76,1517,0),(94,1517,0),(108,1517,0),(185,1517,0),(227,1517,0),(243,1517,0),(247,1517,0),(270,1517,0),(277,1517,0),(53,1518,0),(272,1518,0),(53,1519,0),(172,1519,0),(54,1520,0),(54,1521,0),(54,1521,1),(59,1521,1),(68,1521,1),(54,1522,1),(59,1522,0),(59,1522,1),(68,1522,1),(104,1522,0),(266,1522,0),(55,1523,0),(140,1523,0),(55,1524,0),(78,1524,0),(90,1524,0),(140,1524,0),(160,1524,0),(195,1524,0),(208,1524,0),(213,1524,0),(55,1525,0),(118,1525,0),(174,1525,0),(242,1525,0),(246,1525,0),(55,1526,0),(56,1527,0),(56,1528,0),(56,1529,0),(56,1529,1),(72,1529,1),(121,1529,1),(129,1529,1),(134,1529,1),(56,1530,0),(56,1530,1),(72,1530,1),(121,1530,1),(129,1530,1),(134,1530,1),(57,1532,0),(57,1533,0),(76,1533,0),(251,1533,0),(57,1534,0),(151,1534,0),(57,1535,0),(57,1536,0),(270,1536,0),(57,1537,0),(151,1537,0),(164,1537,0),(201,1537,0),(247,1537,0),(251,1537,0),(270,1537,0),(57,1538,0),(57,1539,0),(182,1539,0),(57,1540,0),(280,1540,0),(57,1541,0),(57,1542,0),(57,1543,0),(57,1544,0),(108,1544,0),(141,1544,0),(159,1544,0),(180,1544,0),(256,1544,0),(266,1544,0),(57,1545,0),(57,1546,0),(57,1547,0),(121,1547,0),(213,1547,0),(57,1548,0),(57,1549,0),(150,1549,0),(57,1550,0),(57,1551,0),(253,1551,0),(57,1552,0),(57,1553,0),(57,1554,0),(57,1555,0),(76,1555,0),(167,1555,0),(57,1556,0),(57,1557,0),(57,1558,0),(113,1558,0),(153,1558,0),(241,1558,0),(57,1559,0),(237,1559,0),(57,1560,0),(57,1561,0),(57,1562,0),(125,1562,1),(57,1563,0),(57,1564,0),(125,1564,1),(57,1565,0),(57,1566,0),(57,1567,0),(109,1567,0),(57,1568,0),(248,1568,0),(57,1569,1),(76,1569,1),(124,1569,0),(135,1569,0),(164,1569,0),(253,1569,0),(270,1569,1),(57,1570,1),(76,1570,1),(124,1570,0),(57,1571,1),(76,1571,1),(229,1571,0),(251,1571,0),(257,1571,0),(25,1572,0),(62,1572,0),(25,1573,0),(62,1573,0),(25,1574,0),(62,1574,0),(181,1574,0),(143,1578,0),(281,1579,0),(87,1580,0),(109,1580,0),(166,1580,0),(201,1580,0),(63,1581,0),(136,1581,0),(172,1581,0),(242,1581,0),(243,1581,0),(271,1581,0),(103,1583,0),(62,1584,0),(113,1585,0),(164,1585,0),(253,1585,1),(256,1585,1),(259,1585,1),(268,1585,1),(79,1588,0),(172,1588,0),(150,1589,0),(168,1589,0),(207,1589,0),(216,1589,0),(226,1589,0),(250,1589,0),(164,1590,0),(124,1591,0),(153,1591,0),(259,1591,0),(164,1594,0),(79,1595,0),(59,1600,0),(59,1601,0),(59,1602,0),(59,1603,0),(59,1604,0),(264,1604,0),(59,1605,0),(59,1606,0),(115,1606,0),(59,1607,0),(59,1608,0),(59,1609,0),(59,1610,0),(59,1611,0),(129,1611,0),(71,1612,0),(81,1612,0),(85,1612,0),(127,1612,0),(136,1612,0),(205,1612,0),(211,1612,0),(213,1612,0),(215,1612,0),(219,1612,0),(245,1612,0),(81,1613,0),(85,1613,0),(127,1613,0),(205,1613,0),(211,1613,0),(213,1613,0),(215,1613,0),(219,1613,0),(98,1615,0),(251,1615,0),(268,1615,0),(69,1617,0),(81,1617,0),(136,1617,0),(211,1617,0),(215,1617,0),(241,1617,0),(190,1618,0),(162,1619,0),(163,1619,0),(178,1619,0),(265,1619,0),(164,1622,0),(203,1624,0),(86,1625,0),(95,1625,0),(164,1625,0),(231,1625,0),(175,1627,0),(158,1629,0),(62,1630,0),(78,1630,0),(121,1630,0),(150,1630,1),(161,1630,0),(282,1630,1),(146,1632,0),(176,1632,0),(201,1632,0),(202,1632,0),(203,1632,0),(209,1632,0),(62,1633,0),(63,1634,0),(164,1634,0),(207,1634,0),(62,1635,0),(162,1635,0),(256,1635,0),(262,1635,0),(172,1639,0),(226,1639,0),(235,1639,0),(270,1639,0),(72,1641,0),(25,1642,0),(25,1643,0),(62,1644,0),(86,1644,0),(62,1645,0),(86,1645,0),(16,1646,0),(62,1646,0),(104,1646,0),(270,1646,0),(62,1647,0),(62,1648,0),(62,1649,0),(62,1650,0),(96,1650,0),(62,1651,0),(62,1652,0),(98,1652,0),(62,1653,0),(98,1653,0),(62,1654,0),(62,1655,0),(62,1656,0),(95,1656,0),(124,1656,0),(62,1657,0),(62,1658,0),(62,1659,0),(99,1659,0),(62,1660,0),(76,1660,0),(124,1660,0),(253,1660,0),(62,1661,0),(82,1661,0),(85,1661,0),(62,1662,0),(62,1663,0),(62,1664,0),(202,1664,0),(203,1664,0),(62,1665,0),(62,1666,0),(82,1666,0),(62,1667,0),(62,1668,0),(133,1668,0),(153,1668,0),(159,1668,0),(186,1668,0),(62,1669,0),(88,1669,0),(62,1670,0),(79,1670,0),(124,1670,0),(62,1671,0),(62,1672,0),(93,1672,0),(136,1672,0),(172,1672,0),(201,1672,0),(211,1672,0),(248,1672,0),(271,1672,0),(273,1672,0),(62,1673,0),(62,1674,0),(62,1675,0),(62,1676,0),(62,1677,0),(266,1677,0),(62,1678,0),(62,1679,0),(62,1680,0),(62,1681,0),(62,1682,0),(62,1683,0),(192,1683,0),(62,1684,0),(62,1685,0),(76,1685,0),(98,1685,0),(62,1686,0),(63,1686,0),(62,1687,0),(62,1688,0),(73,1688,0),(62,1689,0),(62,1690,0),(108,1690,0),(62,1691,0),(108,1691,0),(62,1692,0),(223,1692,0),(62,1693,0),(62,1694,0),(62,1695,0),(178,1695,0),(62,1696,0),(242,1696,0),(62,1697,0),(62,1698,0),(181,1698,0),(193,1698,0),(62,1699,0),(178,1699,0),(62,1700,0),(62,1701,0),(211,1701,0),(62,1702,0),(62,1703,0),(242,1703,0),(270,1703,0),(62,1704,0),(153,1704,0),(62,1705,0),(62,1706,0),(73,1706,0),(181,1706,0),(62,1707,0),(69,1707,0),(108,1707,0),(158,1707,0),(215,1707,0),(251,1707,0),(270,1707,0),(281,1707,0),(62,1708,0),(62,1709,0),(62,1710,0),(181,1710,0),(62,1711,0),(239,1711,0),(256,1711,0),(62,1712,0),(62,1713,0),(109,1713,0),(62,1714,0),(79,1714,0),(62,1715,0),(62,1716,0),(62,1717,0),(62,1719,0),(62,1720,0),(62,1721,0),(62,1722,0),(62,1723,0),(199,1723,0),(244,1723,0),(253,1723,0),(62,1724,0),(62,1725,0),(98,1725,0),(266,1725,0),(62,1726,0),(153,1726,0),(226,1726,0),(62,1727,0),(62,1728,0),(62,1729,0),(166,1729,0),(62,1730,0),(62,1731,0),(62,1732,0),(62,1733,0),(226,1733,0),(242,1733,0),(62,1734,0),(62,1735,0),(82,1735,0),(85,1735,0),(138,1735,0),(156,1735,0),(233,1735,0),(62,1736,0),(62,1737,0),(129,1737,0),(62,1738,0),(62,1739,0),(62,1740,0),(69,1740,0),(135,1740,0),(218,1740,0),(62,1741,0),(63,1742,0),(242,1742,0),(63,1743,0),(81,1743,0),(136,1743,0),(242,1743,0),(245,1743,0),(63,1744,0),(63,1745,0),(63,1746,0),(63,1747,0),(161,1747,0),(244,1747,0),(63,1748,0),(124,1748,0),(63,1749,0),(63,1750,0),(92,1750,0),(202,1750,0),(266,1750,0),(64,1751,0),(64,1754,0),(67,1754,0),(64,1755,0),(90,1755,0),(64,1756,0),(183,1756,0),(64,1757,0),(67,1757,0),(90,1757,0),(162,1757,0),(163,1757,0),(165,1757,0),(216,1757,0),(265,1757,0),(274,1757,0),(275,1757,0),(64,1758,0),(64,1759,0),(64,1760,0),(64,1761,0),(203,1761,0),(64,1762,0),(83,1762,0),(141,1762,0),(152,1762,0),(172,1762,0),(192,1762,0),(201,1762,0),(251,1762,0),(64,1763,0),(64,1764,0),(272,1764,0),(64,1765,0),(64,1766,0),(65,1767,0),(90,1767,0),(98,1767,0),(122,1767,0),(141,1767,0),(231,1767,0),(281,1767,0),(65,1768,0),(65,1769,0),(65,1770,0),(190,1770,0),(65,1771,0),(108,1771,0),(66,1772,0),(87,1772,0),(95,1772,0),(122,1772,0),(169,1772,0),(176,1772,0),(66,1773,0),(98,1773,0),(66,1774,0),(66,1775,0),(210,1775,0),(66,1776,0),(66,1777,0),(66,1778,0),(153,1778,0),(66,1779,0),(202,1779,0),(215,1779,0),(233,1779,0),(67,1780,0),(67,1781,0),(67,1782,0),(97,1782,0),(103,1782,0),(153,1782,0),(67,1783,0),(67,1784,0),(67,1785,0),(67,1786,0),(67,1787,0),(113,1787,0),(163,1787,0),(185,1787,0),(67,1788,0),(144,1788,0),(68,1790,0),(68,1791,0),(188,1791,0),(68,1792,0),(162,1792,0),(68,1793,0),(85,1793,0),(199,1793,0),(68,1794,0),(167,1794,0),(228,1794,0),(68,1795,0),(68,1796,0),(68,1797,0),(68,1798,0),(68,1799,0),(68,1800,0),(68,1801,0),(68,1802,0),(104,1802,0),(153,1802,0),(155,1802,0),(270,1802,0),(69,1803,0),(222,1803,0),(242,1803,0),(246,1803,0),(282,1803,0),(69,1804,0),(83,1804,0),(251,1804,0),(69,1805,0),(202,1805,0),(227,1805,0),(262,1805,0),(69,1806,0),(176,1806,0),(211,1806,0),(247,1806,0),(69,1807,0),(201,1807,0),(203,1807,0),(69,1808,0),(69,1809,0),(69,1810,0),(69,1811,0),(69,1812,0),(69,1813,0),(69,1814,0),(104,1814,0),(136,1814,0),(172,1814,0),(211,1814,0),(273,1814,0),(69,1815,0),(69,1816,0),(69,1817,0),(69,1818,0),(69,1819,0),(177,1819,0),(241,1819,0),(262,1819,0),(69,1820,0),(146,1820,0),(69,1821,0),(178,1821,0),(250,1821,0),(69,1822,0),(236,1822,0),(69,1823,0),(69,1824,0),(69,1825,0),(69,1826,0),(182,1826,0),(69,1827,0),(69,1828,0),(69,1829,0),(182,1829,1),(184,1829,0),(191,1829,1),(206,1829,1),(207,1829,1),(208,1829,1),(247,1829,0),(248,1829,0),(69,1831,0),(69,1832,0),(69,1833,0),(154,1833,0),(251,1833,0),(69,1834,0),(69,1835,0),(172,1835,1),(179,1835,1),(189,1835,1),(209,1835,1),(211,1835,1),(271,1835,1),(279,1835,1),(69,1836,0),(172,1836,0),(69,1837,0),(98,1837,0),(69,1838,0),(69,1839,0),(69,1840,0),(69,1841,0),(69,1842,0),(69,1843,0),(172,1843,0),(201,1843,0),(203,1843,0),(69,1844,0),(69,1845,0),(103,1845,0),(69,1846,0),(103,1846,0),(113,1846,0),(133,1846,0),(242,1846,0),(246,1846,0),(283,1846,0),(71,1849,0),(71,1850,0),(127,1850,0),(133,1850,0),(187,1850,0),(251,1850,0),(257,1850,0),(71,1851,0),(71,1852,0),(94,1852,0),(200,1852,0),(71,1853,0),(72,1853,0),(71,1854,0),(153,1854,0),(231,1854,0),(251,1854,0),(71,1855,0),(71,1856,0),(92,1856,0),(103,1856,0),(166,1856,0),(198,1856,0),(235,1856,0),(71,1857,0),(71,1858,0),(71,1859,0),(71,1860,0),(98,1860,0),(169,1860,0),(251,1860,0),(71,1861,0),(71,1862,0),(71,1863,0),(71,1864,0),(71,1865,0),(88,1865,0),(242,1865,0),(72,1866,0),(72,1867,0),(72,1868,0),(56,1869,0),(72,1869,0),(56,1870,0),(72,1870,0),(56,1871,0),(72,1871,0),(121,1871,0),(122,1871,0),(72,1872,0),(72,1873,0),(72,1874,0),(72,1875,0),(264,1875,0),(72,1876,0),(72,1877,0),(72,1878,0),(72,1879,0),(76,1879,0),(72,1880,0),(207,1880,0),(208,1880,0),(72,1881,0),(72,1882,0),(87,1882,0),(101,1882,0),(113,1882,0),(124,1882,0),(208,1882,0),(73,1883,0),(73,1884,0),(73,1885,0),(73,1886,0),(181,1886,0),(73,1887,0),(73,1888,0),(73,1889,0),(83,1889,0),(73,1890,0),(73,1891,0),(73,1892,0),(73,1893,0),(259,1893,0),(73,1894,0),(73,1895,0),(218,1895,0),(73,1896,0),(73,1897,0),(73,1898,0),(73,1899,0),(283,1899,0),(73,1900,0),(92,1900,0),(255,1900,0),(255,1900,1),(258,1900,1),(283,1900,0),(73,1901,0),(282,1901,0),(73,1902,0),(255,1902,0),(73,1903,0),(111,1903,0),(73,1904,0),(74,1905,0),(82,1905,0),(85,1905,0),(74,1906,0),(147,1906,0),(233,1906,0),(74,1907,0),(74,1908,0),(98,1908,0),(115,1908,0),(74,1909,0),(251,1909,0),(74,1910,0),(74,1911,0),(74,1912,0),(74,1913,0),(74,1914,0),(74,1915,0),(74,1916,0),(103,1916,0),(117,1916,0),(127,1916,0),(163,1916,0),(215,1916,0),(262,1916,0),(74,1917,0),(75,1918,0),(114,1918,0),(146,1918,0),(262,1918,0),(75,1919,0),(222,1919,0),(75,1920,0),(103,1920,0),(75,1921,0),(80,1921,0),(162,1921,0),(75,1922,0),(75,1923,0),(79,1923,0),(87,1923,0),(93,1923,0),(95,1923,0),(242,1923,0),(75,1924,0),(75,1925,0),(192,1925,0),(75,1926,0),(281,1926,0),(75,1927,0),(76,1928,0),(79,1928,0),(201,1928,0),(76,1929,0),(262,1929,0),(76,1930,0),(150,1930,0),(251,1930,0),(76,1931,0),(110,1931,0),(152,1931,0),(165,1931,0),(225,1931,0),(251,1931,0),(76,1932,0),(76,1933,0),(249,1933,0),(251,1933,0),(76,1934,0),(109,1934,0),(76,1935,0),(76,1936,0),(76,1937,0),(91,1937,0),(270,1937,0),(76,1938,0),(186,1938,0),(76,1939,0),(130,1939,0),(131,1939,0),(76,1940,0),(225,1940,0),(237,1940,0),(76,1941,0),(76,1942,0),(76,1943,0),(76,1944,0),(76,1945,0),(76,1946,0),(76,1947,0),(79,1947,0),(143,1947,0),(151,1947,0),(151,1947,1),(181,1947,0),(181,1947,1),(283,1947,1),(76,1948,0),(251,1948,0),(76,1949,0),(104,1949,0),(146,1949,0),(262,1949,0),(280,1949,0),(76,1950,0),(143,1950,0),(76,1951,0),(274,1951,0),(76,1952,0),(117,1952,0),(76,1953,0),(76,1954,0),(79,1954,0),(76,1955,0),(144,1955,0),(76,1956,0),(76,1957,0),(87,1957,0),(88,1957,0),(122,1957,0),(168,1957,0),(77,1958,0),(77,1959,0),(77,1960,0),(77,1961,0),(153,1961,0),(77,1962,0),(77,1963,0),(196,1963,0),(205,1963,0),(77,1964,0),(103,1964,0),(174,1964,0),(190,1964,0),(234,1964,0),(77,1965,0),(77,1966,0),(77,1967,0),(77,1968,0),(77,1969,0),(82,1969,0),(77,1970,0),(82,1970,0),(77,1971,0),(215,1971,0),(77,1972,0),(77,1973,0),(77,1974,0),(178,1974,0),(215,1974,0),(77,1975,0),(77,1976,0),(208,1976,0),(77,1977,0),(137,1977,0),(141,1977,0),(208,1977,0),(78,1978,0),(78,1979,0),(78,1980,0),(78,1981,0),(78,1981,1),(124,1981,0),(78,1982,0),(78,1982,1),(153,1982,0),(78,1983,0),(78,1984,0),(78,1985,0),(161,1985,0),(78,1986,0),(78,1987,0),(111,1987,0),(78,1988,0),(143,1988,0),(78,1989,0),(265,1989,0),(78,1990,0),(96,1990,0),(114,1990,0),(121,1990,0),(130,1990,0),(131,1990,0),(78,1991,0),(96,1991,0),(121,1991,0),(78,1992,0),(78,1993,0),(90,1993,0),(114,1993,0),(78,1994,0),(228,1994,0),(78,1995,0),(97,1995,0),(79,1996,0),(122,1996,0),(79,1997,0),(98,1997,0),(79,1998,0),(103,1998,0),(178,1998,0),(215,1998,0),(79,1999,0),(79,2000,0),(79,2001,0),(79,2002,0),(137,2002,0),(79,2003,0),(79,2004,0),(95,2004,0),(146,2004,0),(175,2004,0),(229,2004,0),(247,2004,0),(281,2004,0),(79,2005,0),(79,2006,0),(99,2006,0),(158,2006,0),(164,2006,0),(228,2006,0),(242,2006,0),(246,2006,0),(79,2007,0),(108,2007,0),(109,2007,0),(158,2007,0),(178,2007,0),(215,2007,0),(238,2007,0),(242,2007,0),(246,2007,0),(79,2008,0),(185,2008,0),(242,2008,0),(246,2008,0),(79,2009,0),(79,2010,0),(79,2011,0),(110,2011,0),(178,2011,0),(216,2011,0),(219,2011,0),(264,2011,0),(79,2012,0),(80,2013,0),(80,2014,0),(199,2014,0),(80,2015,0),(80,2016,0),(80,2017,0),(80,2018,0),(174,2018,0),(236,2018,0),(241,2018,0),(80,2019,0),(85,2019,0),(143,2019,0),(150,2019,1),(151,2019,0),(151,2019,1),(181,2019,1),(251,2019,0),(282,2019,1),(283,2019,1),(81,2020,0),(249,2020,0),(81,2021,0),(81,2021,1),(249,2021,0),(81,2022,0),(81,2023,0),(81,2024,0),(162,2024,0),(227,2024,0),(262,2024,0),(81,2025,0),(103,2025,0),(104,2025,0),(153,2025,0),(166,2025,0),(167,2025,0),(251,2025,0),(262,2025,0),(280,2025,0),(81,2026,0),(163,2026,0),(182,2026,0),(81,2027,0),(81,2028,0),(81,2029,0),(136,2029,0),(172,2029,0),(81,2030,0),(81,2031,0),(122,2031,0),(81,2032,0),(211,2032,0),(81,2033,0),(81,2034,0),(241,2034,0),(271,2034,0),(81,2035,0),(81,2036,0),(136,2036,0),(81,2037,0),(136,2037,0),(81,2038,0),(172,2038,0),(271,2038,0),(81,2039,0),(136,2039,0),(211,2039,0),(245,2039,0),(81,2040,0),(211,2040,0),(81,2041,0),(224,2041,0),(81,2042,0),(81,2043,0),(81,2044,0),(81,2045,0),(211,2045,0),(81,2046,0),(81,2047,0),(81,2048,0),(81,2049,0),(81,2050,0),(81,2051,0),(81,2052,0),(172,2052,0),(81,2053,0),(136,2053,0),(245,2053,0),(81,2054,0),(121,2054,0),(153,2054,0),(81,2055,0),(81,2056,0),(81,2057,0),(81,2058,0),(81,2059,0),(81,2060,0),(81,2061,0),(136,2061,0),(81,2062,0),(81,2063,0),(81,2064,0),(81,2065,0),(88,2065,0),(81,2066,0),(172,2066,0),(271,2066,0),(81,2067,0),(136,2067,0),(81,2068,0),(81,2069,0),(81,2070,0),(96,2070,0),(96,2070,1),(97,2070,1),(81,2071,0),(81,2072,0),(81,2073,0),(81,2074,0),(99,2074,0),(136,2074,0),(211,2074,0),(81,2075,0),(81,2076,0),(81,2077,0),(81,2078,0),(81,2079,0),(211,2079,0),(81,2080,0),(81,2081,0),(136,2081,0),(172,2081,0),(271,2081,0),(81,2082,0),(99,2082,0),(136,2082,0),(211,2082,0),(243,2082,0),(271,2082,0),(81,2083,0),(122,2083,0),(136,2083,0),(172,2083,0),(276,2083,0),(283,2083,0),(81,2084,0),(211,2084,0),(81,2085,0),(211,2085,0),(248,2085,0),(248,2085,1),(249,2085,1),(251,2085,0),(251,2085,1),(257,2085,1),(261,2085,1),(81,2086,0),(93,2086,0),(248,2086,0),(81,2087,0),(81,2088,0),(81,2089,0),(81,2090,0),(242,2090,0),(246,2090,0),(248,2090,0),(277,2090,0),(81,2091,0),(81,2092,0),(136,2092,0),(211,2092,0),(81,2093,0),(81,2094,0),(81,2095,0),(81,2096,0),(81,2097,0),(81,2098,0),(81,2099,0),(245,2099,0),(81,2100,0),(81,2101,0),(136,2101,0),(211,2101,0),(245,2101,0),(81,2102,0),(81,2103,0),(271,2103,0),(81,2104,0),(136,2104,0),(245,2104,0),(81,2105,0),(136,2105,0),(178,2105,0),(211,2105,0),(271,2105,0),(81,2106,0),(103,2106,0),(136,2106,0),(201,2106,0),(211,2106,0),(245,2106,0),(271,2106,0),(81,2107,0),(211,2107,0),(81,2108,0),(248,2108,0),(81,2109,0),(81,2110,0),(249,2110,0),(81,2111,1),(227,2111,1),(236,2111,1),(82,2112,0),(85,2112,0),(100,2112,0),(82,2113,0),(85,2113,0),(82,2114,0),(85,2114,0),(201,2114,0),(205,2114,0),(82,2115,0),(85,2115,0),(82,2116,0),(85,2116,0),(82,2117,0),(85,2117,0),(254,2117,0),(270,2117,0),(82,2118,0),(85,2118,0),(82,2119,0),(85,2119,0),(153,2119,0),(207,2119,0),(82,2120,0),(85,2120,0),(82,2121,0),(85,2121,0),(82,2122,0),(85,2122,0),(82,2123,0),(85,2123,0),(82,2124,0),(85,2124,0),(82,2125,0),(84,2125,0),(85,2125,0),(113,2125,0),(234,2125,0),(82,2126,0),(85,2126,0),(82,2127,0),(85,2127,0),(82,2128,0),(85,2128,0),(89,2128,0),(115,2128,0),(143,2128,0),(153,2128,0),(163,2128,0),(166,2128,0),(205,2128,0),(280,2128,0),(82,2129,0),(85,2129,0),(94,2129,0),(82,2130,0),(85,2130,0),(82,2131,0),(112,2131,0),(133,2131,0),(171,2131,0),(178,2131,0),(188,2131,0),(82,2132,0),(83,2132,0),(82,2133,0),(152,2133,0),(221,2133,0),(82,2134,0),(226,2134,0),(82,2135,0),(82,2136,0),(100,2136,0),(163,2136,0),(167,2136,0),(264,2136,0),(82,2137,0),(152,2137,0),(178,2137,0),(203,2137,0),(82,2138,0),(82,2139,0),(136,2139,0),(201,2139,0),(208,2139,0),(211,2139,0),(241,2139,0),(82,2140,0),(83,2141,0),(83,2142,0),(83,2143,0),(83,2144,0),(83,2145,0),(152,2145,0),(84,2146,0),(156,2146,0),(246,2146,0),(84,2147,0),(84,2148,0),(84,2149,0),(85,2150,0),(85,2151,0),(85,2152,0),(85,2153,0),(85,2154,0),(85,2155,0),(153,2155,0),(85,2156,0),(202,2156,0),(205,2156,0),(86,2157,0),(87,2158,0),(87,2159,0),(163,2159,0),(167,2159,0),(209,2159,0),(242,2159,0),(87,2160,0),(87,2161,0),(95,2161,0),(87,2162,0),(178,2162,0),(270,2162,0),(87,2163,0),(87,2164,0),(203,2164,0),(87,2165,0),(87,2166,0),(95,2166,0),(103,2166,0),(87,2167,0),(88,2167,0),(90,2167,0),(141,2167,0),(148,2167,0),(150,2167,0),(195,2167,0),(226,2167,0),(264,2167,0),(87,2168,0),(95,2168,0),(87,2169,0),(201,2169,0),(203,2169,0),(246,2169,0),(87,2170,0),(87,2171,0),(113,2171,0),(87,2172,0),(87,2173,0),(95,2173,0),(87,2174,0),(98,2174,0),(113,2174,0),(275,2174,0),(87,2175,0),(110,2175,0),(141,2175,0),(87,2176,0),(87,2177,0),(87,2178,0),(87,2179,0),(87,2180,0),(87,2181,0),(159,2181,0),(210,2181,0),(87,2182,0),(98,2182,0),(87,2183,0),(87,2184,0),(87,2185,0),(98,2185,0),(87,2186,0),(87,2187,0),(158,2187,0),(163,2187,0),(201,2187,0),(205,2187,0),(242,2187,0),(265,2187,0),(87,2188,0),(95,2188,0),(88,2189,0),(88,2190,0),(88,2191,0),(111,2191,0),(172,2191,0),(229,2191,0),(88,2192,0),(88,2193,0),(179,2193,0),(201,2193,0),(88,2194,0),(88,2195,0),(88,2196,0),(88,2197,0),(88,2198,0),(88,2199,0),(88,2200,0),(88,2201,0),(88,2202,0),(88,2203,0),(88,2204,0),(88,2205,0),(88,2206,0),(88,2207,0),(88,2208,0),(88,2209,0),(88,2210,0),(88,2211,0),(88,2212,0),(88,2213,0),(88,2214,0),(88,2215,0),(88,2216,0),(88,2217,0),(88,2218,0),(88,2219,0),(88,2220,0),(88,2221,0),(88,2222,0),(88,2223,0),(88,2224,0),(88,2225,0),(88,2226,0),(88,2227,0),(88,2228,0),(88,2229,0),(88,2230,0),(88,2231,0),(88,2232,0),(97,2232,0),(88,2233,0),(88,2234,0),(89,2235,0),(163,2235,0),(193,2235,0),(237,2235,0),(89,2236,0),(92,2236,0),(168,2236,0),(186,2236,0),(270,2236,0),(272,2236,0),(89,2237,0),(89,2238,0),(89,2239,0),(93,2239,0),(136,2239,0),(172,2239,0),(89,2240,0),(93,2240,0),(89,2241,0),(93,2241,0),(89,2242,0),(89,2243,0),(90,2244,0),(90,2245,0),(90,2246,0),(113,2246,0),(252,2246,0),(90,2247,0),(162,2247,0),(163,2247,0),(178,2247,0),(211,2247,0),(215,2247,0),(228,2247,0),(252,2247,0),(90,2248,0),(119,2248,0),(143,2248,0),(201,2248,0),(90,2249,0),(251,2249,0),(90,2250,0),(143,2250,0),(148,2250,0),(150,2250,0),(210,2250,0),(90,2251,0),(90,2252,0),(167,2252,0),(90,2253,0),(90,2254,0),(145,2254,0),(90,2255,0),(90,2256,0),(124,2256,0),(226,2256,0),(90,2257,0),(90,2258,0),(90,2259,0),(244,2259,0),(90,2260,0),(90,2261,0),(178,2261,0),(216,2261,0),(219,2261,0),(90,2262,0),(91,2262,0),(90,2263,0),(279,2263,0),(90,2264,0),(90,2265,0),(162,2265,0),(228,2265,0),(90,2266,0),(209,2266,0),(90,2267,0),(155,2267,0),(232,2267,0),(257,2267,0),(90,2268,0),(188,2268,0),(205,2268,0),(207,2268,0),(91,2269,0),(91,2270,0),(91,2271,0),(91,2272,0),(91,2273,0),(91,2274,0),(91,2275,0),(91,2276,0),(91,2277,0),(91,2278,0),(92,2279,0),(92,2280,0),(92,2281,0),(92,2282,0),(92,2283,0),(92,2284,0),(92,2285,0),(163,2285,0),(92,2286,0),(189,2286,0),(196,2286,0),(92,2287,0),(92,2288,0),(92,2289,0),(205,2289,0),(92,2290,0),(93,2291,0),(93,2292,0),(93,2293,0),(93,2294,0),(248,2294,0),(249,2294,0),(93,2295,0),(93,2296,0),(93,2297,0),(103,2297,0),(93,2298,0),(186,2298,0),(93,2299,0),(93,2300,0),(116,2300,0),(93,2301,0),(93,2302,0),(116,2302,0),(93,2303,0),(93,2304,0),(94,2305,0),(94,2306,0),(94,2307,0),(94,2308,0),(104,2308,0),(153,2308,0),(225,2308,0),(247,2308,0),(94,2309,0),(94,2310,0),(94,2311,0),(94,2312,0),(94,2313,0),(206,2313,0),(95,2314,0),(95,2315,0),(95,2316,0),(241,2316,0),(242,2316,0),(95,2317,0),(95,2318,0),(95,2319,0),(106,2319,0),(107,2319,0),(141,2319,0),(95,2320,0),(165,2320,0),(181,2320,0),(95,2321,0),(273,2321,0),(95,2322,0),(95,2323,0),(95,2324,0),(95,2325,0),(251,2325,0),(95,2326,0),(95,2327,0),(95,2328,0),(95,2329,0),(95,2330,0),(95,2331,0),(95,2332,0),(95,2333,0),(95,2334,0),(95,2335,0),(95,2336,0),(95,2337,0),(95,2338,0),(96,2339,0),(96,2340,0),(96,2341,0),(108,2341,0),(96,2342,0),(200,2342,0),(226,2342,0),(232,2342,0),(259,2342,0),(96,2343,0),(96,2344,0),(97,2345,0),(97,2346,0),(153,2346,0),(97,2347,0),(182,2347,0),(97,2348,0),(202,2348,0),(205,2348,0),(97,2349,0),(98,2350,0),(98,2351,0),(129,2351,0),(98,2352,0),(98,2353,0),(98,2354,0),(108,2354,0),(156,2354,0),(165,2354,0),(98,2355,0),(98,2356,0),(98,2357,0),(226,2357,0),(98,2358,0),(98,2359,0),(98,2360,0),(98,2361,0),(174,2361,0),(174,2361,1),(98,2362,0),(98,2363,0),(98,2364,0),(98,2365,0),(109,2365,0),(98,2366,0),(180,2366,0),(247,2366,0),(98,2367,0),(124,2367,0),(98,2368,0),(185,2368,0),(231,2368,0),(98,2369,0),(98,2370,0),(98,2371,0),(98,2372,0),(98,2373,0),(98,2374,0),(98,2375,0),(103,2375,0),(98,2376,0),(98,2377,0),(98,2378,0),(98,2379,0),(262,2379,0),(98,2380,0),(116,2380,0),(151,2380,0),(208,2380,0),(98,2381,0),(98,2382,0),(98,2383,0),(98,2384,0),(113,2384,0),(117,2384,0),(137,2384,0),(141,2384,0),(153,2384,0),(266,2384,0),(98,2385,0),(99,2386,0),(99,2387,0),(99,2388,0),(99,2389,0),(99,2390,0),(99,2391,0),(143,2391,0),(99,2392,0),(172,2392,0),(211,2392,0),(99,2393,0),(99,2394,0),(99,2395,0),(99,2396,0),(99,2397,0),(99,2398,0),(121,2398,0),(247,2398,0),(99,2399,0),(99,2400,0),(99,2401,0),(99,2402,0),(273,2402,0),(99,2403,0),(99,2404,0),(99,2405,0),(99,2406,0),(122,2406,0),(181,2406,0),(99,2407,0),(99,2408,0),(99,2409,0),(99,2410,0),(99,2411,0),(99,2412,0),(99,2413,0),(208,2413,0),(99,2414,0),(99,2415,0),(99,2416,0),(99,2417,0),(136,2417,0),(99,2418,0),(99,2419,0),(99,2420,0),(99,2421,0),(99,2422,0),(99,2423,0),(99,2424,0),(99,2425,0),(224,2425,0),(99,2426,0),(211,2426,0),(99,2427,0),(99,2428,0),(249,2428,0),(99,2429,0),(99,2430,0),(99,2431,0),(99,2432,0),(99,2433,0),(99,2434,0),(99,2435,0),(243,2435,0),(99,2436,0),(99,2437,0),(99,2438,0),(99,2439,0),(152,2439,0),(152,2439,1),(153,2439,0),(99,2440,0),(99,2441,0),(99,2442,0),(99,2443,0),(99,2444,0),(106,2444,0),(107,2444,0),(221,2444,0),(251,2444,0),(99,2445,0),(99,2446,0),(99,2447,0),(136,2447,0),(172,2447,0),(211,2447,0),(99,2448,0),(99,2449,0),(122,2449,0),(99,2450,0),(136,2450,0),(211,2450,0),(271,2450,0),(99,2451,0),(211,2451,0),(99,2452,0),(248,2452,0),(99,2453,0),(99,2454,0),(245,2454,0),(99,2455,0),(242,2455,0),(99,2456,0),(211,2456,0),(245,2456,0),(99,2457,0),(99,2458,0),(99,2459,1),(107,2459,1),(100,2460,0),(100,2461,0),(264,2461,0),(100,2462,0),(100,2463,0),(100,2465,0),(208,2465,0),(211,2465,0),(100,2466,0),(100,2467,0),(100,2468,0),(100,2469,0),(178,2469,0),(270,2469,0),(100,2470,0),(100,2471,0),(100,2472,0),(240,2472,0),(100,2473,0),(240,2473,0),(100,2474,0),(100,2475,0),(100,2476,0),(178,2476,0),(199,2476,0),(209,2476,0),(100,2477,0),(100,2478,0),(198,2478,0),(203,2478,0),(100,2479,0),(187,2479,0),(196,2479,0),(199,2479,0),(100,2480,1),(102,2480,0),(106,2480,1),(224,2480,0),(100,2481,1),(106,2481,1),(101,2482,0),(101,2483,0),(125,2483,0),(169,2483,0),(237,2483,0),(101,2484,0),(101,2485,0),(101,2486,0),(152,2486,0),(101,2487,0),(101,2488,0),(101,2489,0),(210,2489,0),(210,2489,1),(212,2489,1),(102,2490,0),(102,2491,0),(153,2491,0),(102,2492,0),(282,2492,0),(103,2493,0),(103,2494,0),(153,2494,0),(203,2494,0),(103,2495,0),(103,2496,0),(163,2496,0),(103,2497,0),(103,2498,0),(103,2499,0),(103,2500,0),(103,2501,0),(103,2502,0),(280,2502,0),(103,2503,0),(103,2504,0),(103,2505,0),(103,2507,0),(204,2507,0),(103,2508,0),(103,2509,0),(103,2510,0),(103,2511,0),(103,2512,0),(103,2513,0),(103,2514,0),(103,2515,0),(167,2515,0),(262,2515,0),(103,2516,0),(103,2517,0),(103,2518,0),(103,2519,0),(103,2520,0),(103,2521,0),(103,2522,0),(103,2523,0),(103,2524,0),(163,2524,0),(251,2524,0),(103,2525,0),(103,2526,0),(103,2527,0),(166,2527,0),(175,2527,0),(225,2527,0),(103,2528,0),(103,2529,0),(152,2529,0),(178,2529,0),(103,2530,0),(103,2531,0),(103,2532,0),(103,2533,0),(103,2534,0),(103,2535,0),(103,2536,0),(103,2537,0),(251,2537,0),(103,2538,0),(103,2539,0),(167,2539,0),(103,2540,0),(180,2540,0),(103,2541,0),(103,2542,0),(160,2542,0),(103,2543,0),(158,2543,0),(103,2544,0),(103,2545,0),(181,2545,0),(251,2545,0),(103,2546,0),(103,2547,0),(103,2548,0),(103,2549,0),(103,2550,0),(172,2550,0),(103,2551,0),(103,2552,0),(103,2553,0),(103,2554,0),(168,2554,0),(173,2554,0),(103,2556,0),(103,2557,0),(103,2558,0),(158,2558,0),(103,2559,0),(103,2560,0),(201,2560,0),(103,2561,0),(103,2562,0),(158,2562,0),(103,2563,0),(103,2564,0),(224,2564,0),(248,2564,0),(103,2565,0),(118,2565,0),(125,2565,0),(254,2565,0),(103,2566,0),(103,2567,0),(150,2567,0),(103,2568,0),(103,2569,0),(103,2570,0),(103,2571,0),(208,2571,0),(103,2572,0),(103,2573,0),(103,2574,0),(103,2575,0),(103,2576,0),(117,2576,0),(103,2577,0),(103,2578,0),(103,2579,0),(103,2580,0),(103,2581,0),(115,2581,0),(122,2581,0),(143,2581,0),(167,2581,0),(193,2581,0),(202,2581,0),(205,2581,0),(217,2581,0),(103,2582,0),(103,2583,0),(103,2584,0),(103,2585,0),(103,2586,0),(103,2587,0),(103,2588,0),(103,2589,0),(103,2590,0),(202,2590,0),(205,2590,0),(103,2591,0),(103,2592,0),(103,2593,0),(103,2594,0),(209,2594,0),(103,2595,0),(103,2596,0),(103,2597,0),(103,2598,0),(103,2599,0),(103,2600,0),(103,2601,0),(103,2602,0),(103,2603,0),(103,2604,0),(103,2605,0),(103,2606,0),(113,2606,0),(153,2606,0),(163,2606,0),(171,2606,0),(178,2606,0),(185,2606,0),(215,2606,0),(283,2606,0),(103,2607,0),(103,2608,0),(103,2609,0),(103,2610,0),(103,2611,0),(103,2612,0),(103,2613,0),(103,2615,0),(103,2616,0),(240,2616,0),(103,2617,0),(103,2618,0),(163,2618,0),(182,2618,0),(226,2618,0),(103,2619,0),(103,2620,0),(163,2620,0),(201,2620,0),(203,2620,0),(103,2621,0),(103,2622,0),(105,2622,0),(208,2622,0),(259,2622,0),(103,2623,1),(105,2623,1),(109,2623,1),(103,2624,0),(104,2625,0),(104,2626,0),(104,2627,0),(104,2628,0),(104,2629,0),(104,2629,1),(104,2630,0),(104,2631,0),(163,2631,0),(104,2632,0),(104,2633,0),(251,2633,0),(280,2633,0),(104,2634,0),(104,2635,0),(104,2636,0),(104,2637,0),(104,2638,0),(104,2639,0),(104,2640,0),(104,2641,0),(178,2641,0),(104,2642,0),(104,2643,0),(104,2644,0),(104,2645,0),(104,2646,0),(104,2647,0),(104,2648,0),(104,2649,0),(104,2650,0),(238,2650,0),(250,2650,0),(262,2650,0),(104,2651,0),(104,2652,0),(104,2653,0),(195,2653,0),(235,2653,0),(261,2653,0),(104,2654,0),(104,2657,0),(104,2658,0),(104,2659,0),(104,2660,0),(104,2661,0),(131,2662,0),(250,2662,0),(165,2666,0),(104,2667,1),(104,2668,1),(104,2669,0),(104,2670,0),(104,2671,0),(104,2672,0),(104,2673,0),(104,2674,0),(104,2677,0),(104,2678,0),(104,2679,0),(104,2681,0),(117,2681,0),(182,2681,0),(104,2682,0),(104,2684,0),(104,2685,0),(167,2685,0),(201,2685,0),(104,2686,0),(104,2688,0),(104,2689,0),(104,2690,0),(104,2691,0),(104,2692,0),(104,2693,0),(104,2694,0),(104,2695,0),(104,2696,0),(104,2697,0),(104,2698,0),(169,2698,0),(201,2698,0),(217,2698,0),(218,2698,0),(104,2699,0),(104,2700,0),(203,2700,0),(104,2701,0),(152,2701,0),(153,2701,0),(201,2701,0),(203,2701,0),(105,2702,0),(153,2702,0),(247,2702,0),(105,2703,0),(153,2703,0),(105,2704,0),(105,2705,0),(105,2706,0),(105,2707,0),(105,2708,0),(239,2708,0),(105,2709,0),(105,2710,0),(105,2711,0),(105,2712,0),(105,2713,0),(163,2713,0),(105,2714,0),(105,2715,0),(105,2716,0),(163,2716,0),(105,2717,0),(105,2718,0),(105,2719,0),(105,2720,0),(105,2721,0),(105,2722,0),(109,2722,0),(240,2722,0),(105,2723,0),(109,2723,0),(105,2724,0),(109,2724,0),(162,2724,0),(105,2725,0),(109,2725,0),(105,2726,0),(109,2726,0),(248,2726,0),(106,2727,0),(107,2727,0),(166,2727,0),(106,2728,0),(107,2728,0),(106,2729,0),(107,2729,0),(106,2730,0),(107,2730,0),(106,2731,0),(106,2732,0),(106,2733,0),(107,2733,0),(107,2734,0),(108,2735,0),(108,2737,0),(153,2737,0),(108,2738,0),(108,2739,0),(108,2740,0),(108,2741,0),(165,2741,0),(108,2742,0),(125,2742,0),(143,2742,0),(153,2742,0),(172,2742,0),(201,2742,0),(203,2742,0),(241,2742,0),(247,2742,0),(271,2742,0),(279,2742,0),(108,2743,0),(250,2743,0),(108,2744,0),(115,2744,0),(108,2745,0),(108,2746,0),(108,2747,0),(108,2748,0),(108,2749,0),(108,2750,0),(108,2751,0),(108,2752,0),(108,2753,0),(108,2754,0),(108,2755,0),(108,2756,0),(108,2757,0),(108,2758,0),(164,2758,0),(108,2759,0),(108,2760,0),(108,2761,0),(108,2762,0),(108,2763,0),(108,2764,0),(108,2765,0),(124,2765,0),(108,2766,0),(108,2767,0),(108,2768,0),(108,2769,0),(208,2769,0),(210,2769,0),(262,2769,0),(108,2770,0),(108,2771,0),(217,2771,0),(234,2771,0),(108,2772,0),(108,2773,0),(115,2773,0),(205,2773,0),(108,2774,0),(108,2775,0),(238,2775,0),(265,2775,0),(279,2775,0),(280,2775,0),(108,2776,0),(108,2777,0),(108,2778,0),(159,2778,0),(169,2778,0),(108,2779,0),(126,2779,0),(127,2779,0),(108,2780,0),(108,2781,0),(108,2782,0),(108,2783,0),(111,2783,0),(138,2783,0),(153,2783,0),(166,2783,0),(218,2783,0),(108,2784,0),(111,2784,0),(259,2784,0),(108,2785,0),(111,2785,0),(108,2786,0),(243,2786,0),(262,2786,0),(109,2787,0),(109,2788,0),(109,2789,0),(109,2790,0),(109,2791,0),(109,2792,0),(109,2793,0),(205,2793,0),(109,2794,0),(109,2795,0),(109,2796,0),(109,2797,0),(109,2798,0),(109,2799,0),(109,2800,0),(110,2801,0),(146,2801,0),(201,2801,0),(110,2802,0),(113,2802,0),(110,2803,0),(110,2804,0),(112,2804,0),(143,2804,0),(268,2804,0),(110,2805,0),(110,2806,0),(201,2806,0),(233,2806,0),(110,2807,0),(110,2808,0),(110,2809,0),(110,2810,0),(110,2811,0),(110,2812,0),(110,2813,0),(110,2814,0),(111,2815,0),(177,2815,0),(178,2815,0),(195,2815,0),(275,2815,0),(111,2816,0),(111,2817,0),(111,2818,0),(111,2819,0),(134,2819,0),(203,2819,0),(237,2819,0),(111,2820,0),(153,2820,0),(112,2821,0),(143,2821,0),(190,2821,0),(192,2821,0),(236,2821,0),(251,2821,0),(112,2822,0),(143,2822,0),(112,2823,0),(113,2824,0),(113,2825,0),(210,2825,0),(113,2826,0),(153,2826,0),(113,2827,0),(113,2828,0),(113,2829,0),(113,2830,0),(113,2831,0),(113,2832,0),(115,2832,0),(113,2833,0),(113,2834,0),(115,2834,0),(199,2834,0),(200,2834,0),(251,2834,0),(113,2835,0),(113,2836,0),(113,2837,0),(243,2837,0),(113,2838,0),(113,2839,0),(113,2840,0),(113,2841,0),(113,2842,0),(115,2842,0),(143,2842,0),(196,2842,0),(198,2842,0),(199,2842,0),(272,2842,0),(113,2843,0),(153,2843,0),(113,2844,0),(113,2845,0),(113,2846,0),(251,2846,0),(113,2847,0),(149,2847,0),(113,2848,0),(113,2849,0),(113,2850,0),(113,2851,0),(115,2851,0),(148,2851,0),(113,2852,0),(113,2853,0),(126,2853,0),(127,2853,0),(113,2854,0),(113,2855,0),(113,2856,0),(113,2857,0),(113,2858,0),(113,2859,0),(113,2860,0),(251,2860,0),(113,2861,0),(162,2861,0),(113,2862,0),(113,2863,0),(113,2864,0),(166,2864,0),(113,2865,0),(113,2866,0),(124,2866,0),(113,2867,0),(113,2868,0),(227,2868,0),(113,2869,0),(113,2870,0),(113,2871,0),(113,2872,0),(115,2872,0),(114,2873,0),(114,2874,0),(269,2874,0),(114,2875,0),(114,2876,0),(203,2876,0),(114,2877,0),(114,2878,0),(118,2878,0),(142,2878,0),(114,2879,0),(114,2880,0),(115,2881,0),(115,2882,0),(115,2883,0),(115,2884,0),(115,2885,0),(115,2886,0),(247,2886,0),(115,2887,0),(115,2888,0),(143,2888,0),(115,2889,0),(143,2889,0),(115,2890,0),(115,2891,0),(115,2892,0),(143,2892,0),(149,2892,0),(115,2893,0),(115,2894,0),(115,2895,0),(150,2895,0),(161,2895,0),(172,2895,0),(115,2896,0),(115,2897,0),(115,2898,0),(115,2899,0),(115,2900,0),(115,2901,0),(115,2902,0),(115,2903,0),(115,2904,0),(115,2905,0),(115,2906,0),(115,2907,0),(115,2908,0),(115,2909,0),(229,2909,0),(283,2909,0),(115,2910,0),(133,2910,0),(115,2911,0),(115,2912,0),(115,2913,0),(115,2914,0),(115,2915,0),(185,2915,0),(186,2915,0),(115,2916,0),(115,2917,0),(115,2918,0),(115,2919,0),(185,2919,0),(115,2920,0),(115,2921,0),(115,2922,0),(115,2923,0),(115,2924,0),(116,2925,0),(116,2926,0),(116,2927,0),(123,2927,0),(154,2927,0),(247,2927,0),(116,2928,0),(247,2928,0),(116,2929,0),(116,2930,0),(116,2931,0),(123,2931,0),(125,2931,0),(126,2931,0),(127,2931,0),(116,2932,0),(116,2933,0),(116,2934,0),(116,2935,0),(116,2936,0),(116,2937,0),(117,2938,0),(117,2939,0),(117,2940,0),(117,2941,0),(117,2942,0),(190,2942,0),(208,2942,0),(283,2942,0),(117,2943,0),(117,2944,0),(117,2945,0),(117,2946,0),(223,2946,0),(117,2947,0),(117,2948,0),(117,2949,0),(117,2950,0),(117,2951,0),(118,2952,0),(118,2953,0),(118,2954,0),(118,2955,0),(118,2956,0),(118,2957,0),(118,2958,0),(118,2959,0),(118,2960,0),(118,2961,0),(118,2962,0),(119,2963,0),(120,2963,0),(120,2963,1),(242,2963,0),(270,2963,0),(119,2964,0),(251,2964,1),(257,2964,1),(261,2964,1),(121,2965,0),(121,2966,0),(121,2967,0),(121,2968,0),(121,2969,0),(121,2970,0),(121,2971,0),(122,2972,0),(122,2973,0),(122,2974,0),(122,2975,0),(124,2975,0),(122,2976,0),(150,2976,0),(258,2976,0),(122,2977,0),(182,2977,0),(186,2977,0),(122,2978,0),(122,2979,0),(122,2980,0),(137,2980,0),(141,2980,0),(184,2980,0),(193,2980,0),(122,2981,0),(122,2982,0),(137,2982,0),(237,2982,0),(244,2982,0),(122,2983,0),(179,2983,0),(188,2983,0),(189,2983,0),(122,2984,0),(130,2984,0),(131,2984,0),(122,2985,0),(122,2986,0),(201,2986,0),(122,2987,0),(251,2987,0),(122,2988,0),(136,2988,0),(273,2988,0),(122,2989,0),(122,2990,0),(136,2990,0),(122,2991,0),(172,2991,0),(211,2991,0),(122,2992,0),(122,2993,0),(122,2994,0),(136,2994,0),(211,2994,0),(122,2995,0),(122,2996,0),(122,2997,0),(122,2998,0),(122,2999,0),(122,3000,0),(136,3000,0),(122,3001,0),(172,3001,0),(245,3001,0),(122,3002,0),(122,3003,0),(122,3004,0),(122,3005,0),(208,3005,0),(122,3006,0),(208,3006,0),(122,3007,0),(122,3008,0),(208,3008,0),(211,3008,0),(271,3008,0),(122,3009,0),(208,3009,0),(122,3010,1),(124,3010,1),(130,3010,1),(131,3010,1),(135,3010,1),(122,3011,1),(124,3011,1),(130,3011,1),(131,3011,1),(135,3011,1),(122,3012,1),(124,3012,1),(130,3012,1),(131,3012,1),(135,3012,0),(135,3012,1),(123,3013,0),(232,3013,0),(123,3014,0),(124,3015,0),(221,3015,0),(124,3016,0),(124,3017,0),(124,3018,0),(227,3018,0),(124,3019,0),(201,3019,0),(203,3019,0),(124,3020,0),(124,3021,0),(124,3022,0),(181,3022,0),(124,3023,0),(124,3024,0),(124,3025,0),(124,3026,0),(124,3027,0),(124,3028,0),(259,3028,0),(124,3029,0),(124,3030,0),(124,3031,0),(124,3032,0),(124,3033,0),(124,3034,0),(124,3035,0),(125,3035,1),(124,3036,0),(124,3037,0),(124,3038,0),(141,3038,0),(181,3038,0),(124,3039,0),(124,3040,0),(124,3041,0),(124,3042,0),(158,3042,0),(227,3042,0),(124,3043,0),(124,3044,0),(125,3045,0),(125,3046,0),(125,3047,0),(125,3048,0),(125,3049,0),(168,3049,0),(125,3050,0),(125,3051,0),(125,3052,0),(125,3053,0),(125,3054,0),(125,3055,0),(141,3055,0),(125,3056,0),(125,3057,0),(125,3058,0),(125,3059,0),(125,3060,0),(125,3061,0),(125,3062,0),(125,3063,0),(203,3063,0),(125,3064,0),(125,3065,0),(125,3066,0),(136,3066,0),(201,3066,0),(125,3067,0),(125,3068,0),(125,3069,0),(241,3069,0),(126,3070,0),(127,3070,0),(126,3071,0),(127,3071,0),(126,3072,0),(127,3072,0),(197,3072,0),(205,3072,0),(231,3072,0),(126,3073,0),(127,3073,0),(126,3074,0),(127,3074,0),(126,3075,0),(127,3075,0),(127,3076,0),(127,3077,0),(127,3078,0),(138,3078,0),(172,3078,0),(127,3079,0),(127,3080,0),(127,3081,0),(129,3082,0),(152,3082,0),(283,3082,0),(129,3083,0),(130,3084,0),(131,3084,0),(130,3085,0),(131,3085,0),(130,3086,0),(131,3086,0),(130,3087,0),(131,3087,0),(151,3087,0),(130,3088,0),(131,3088,0),(130,3089,0),(131,3089,0),(163,3089,0),(130,3090,0),(131,3090,0),(132,3091,0),(132,3092,0),(132,3093,0),(132,3094,0),(132,3095,0),(132,3096,0),(132,3097,1),(133,3098,0),(133,3099,0),(137,3099,0),(167,3099,0),(174,3099,0),(199,3099,0),(133,3100,0),(167,3100,0),(176,3100,0),(235,3100,0),(133,3101,0),(133,3102,0),(133,3103,0),(133,3104,0),(158,3104,0),(178,3104,0),(185,3104,0),(215,3104,0),(133,3105,0),(133,3106,0),(133,3107,0),(133,3108,0),(133,3109,1),(136,3109,0),(230,3109,1),(233,3109,1),(234,3109,1),(235,3109,1),(241,3109,1),(260,3109,1),(262,3109,1),(267,3109,1),(269,3109,1),(277,3109,1),(280,3109,1),(134,3110,0),(241,3110,0),(134,3111,0),(134,3112,0),(134,3113,0),(134,3114,0),(134,3115,0),(251,3115,0),(134,3116,0),(262,3116,0),(134,3117,0),(179,3117,0),(181,3117,0),(189,3117,0),(216,3117,0),(219,3117,0),(134,3118,0),(134,3119,0),(134,3120,0),(134,3121,0),(134,3122,0),(135,3123,0),(153,3123,0),(135,3124,0),(163,3124,0),(135,3125,0),(135,3126,0),(258,3126,0),(135,3127,0),(183,3127,0),(264,3127,0),(136,3128,0),(136,3129,0),(136,3130,0),(136,3131,0),(136,3132,0),(136,3133,0),(136,3134,0),(136,3135,0),(136,3136,0),(136,3137,0),(172,3137,0),(211,3137,0),(136,3138,0),(201,3138,0),(203,3138,0),(205,3138,0),(136,3139,0),(245,3139,0),(136,3140,0),(136,3141,0),(136,3142,0),(136,3143,0),(136,3144,0),(172,3144,0),(211,3144,0),(242,3144,0),(271,3144,0),(136,3145,0),(136,3146,0),(176,3146,0),(241,3146,0),(136,3147,0),(176,3147,0),(241,3147,0),(136,3148,0),(136,3149,0),(136,3150,0),(136,3151,0),(172,3151,0),(211,3151,0),(271,3151,0),(136,3152,0),(136,3153,0),(136,3154,0),(172,3154,0),(201,3154,0),(211,3154,0),(271,3154,0),(136,3155,0),(136,3156,0),(136,3157,0),(136,3158,0),(248,3158,0),(136,3159,0),(211,3159,0),(136,3160,0),(211,3160,0),(136,3161,0),(172,3161,0),(211,3161,0),(136,3162,0),(136,3163,0),(136,3164,0),(211,3164,0),(136,3165,0),(136,3166,0),(271,3166,0),(136,3167,0),(241,3167,0),(136,3168,0),(136,3169,0),(136,3170,0),(241,3170,0),(136,3171,0),(241,3171,0),(136,3172,0),(247,3172,0),(136,3173,0),(136,3174,0),(136,3175,0),(136,3176,0),(136,3177,0),(136,3178,0),(136,3179,0),(136,3180,0),(136,3181,0),(136,3182,0),(242,3182,0),(136,3183,0),(136,3184,0),(245,3184,0),(136,3185,0),(136,3186,0),(172,3186,0),(136,3187,0),(136,3188,0),(136,3189,0),(136,3190,0),(172,3190,0),(201,3190,0),(271,3190,0),(136,3191,0),(242,3191,0),(136,3192,0),(136,3193,0),(172,3193,0),(211,3193,0),(136,3194,0),(211,3194,0),(136,3195,0),(136,3196,0),(136,3197,0),(136,3198,0),(136,3199,0),(136,3200,0),(136,3201,0),(136,3202,0),(226,3202,0),(136,3203,0),(136,3204,0),(211,3204,0),(136,3205,0),(172,3205,0),(211,3205,0),(245,3205,0),(136,3206,0),(136,3207,0),(136,3208,0),(241,3208,0),(271,3208,0),(136,3209,0),(201,3209,0),(136,3210,0),(136,3211,0),(201,3211,0),(242,3211,0),(271,3211,0),(136,3212,0),(136,3213,0),(243,3213,0),(136,3214,0),(136,3215,0),(136,3216,0),(136,3217,0),(136,3218,0),(136,3219,0),(136,3220,0),(136,3221,0),(136,3222,0),(136,3223,0),(136,3224,0),(136,3225,0),(172,3225,0),(211,3225,0),(242,3225,0),(245,3225,0),(136,3226,0),(136,3227,0),(172,3227,0),(201,3227,0),(136,3228,0),(136,3229,0),(136,3230,0),(211,3230,0),(136,3231,0),(178,3231,0),(211,3231,0),(136,3232,0),(136,3233,0),(136,3234,0),(136,3235,0),(136,3236,0),(136,3237,0),(211,3237,0),(136,3238,0),(136,3239,0),(136,3240,0),(136,3241,0),(208,3241,0),(136,3242,0),(136,3243,0),(201,3243,0),(203,3243,0),(205,3243,0),(211,3243,0),(136,3244,0),(136,3245,0),(211,3245,0),(136,3246,0),(271,3246,0),(136,3247,0),(136,3248,0),(136,3249,0),(273,3249,0),(136,3250,0),(136,3251,0),(136,3252,0),(273,3252,0),(136,3253,0),(136,3254,0),(211,3254,0),(136,3255,0),(136,3256,0),(136,3257,0),(248,3257,0),(136,3258,0),(136,3259,0),(273,3259,0),(136,3260,0),(172,3260,0),(211,3260,0),(247,3260,0),(271,3260,0),(136,3261,0),(136,3262,0),(136,3263,0),(136,3264,0),(172,3264,0),(211,3264,0),(136,3265,0),(186,3265,0),(136,3266,0),(136,3267,0),(136,3268,0),(136,3269,0),(136,3270,0),(136,3271,0),(243,3271,0),(136,3272,0),(136,3273,0),(136,3274,0),(172,3274,0),(241,3274,0),(136,3275,0),(136,3276,0),(136,3277,0),(136,3278,0),(136,3279,0),(136,3280,0),(136,3281,0),(242,3281,0),(136,3282,0),(136,3283,0),(172,3283,0),(211,3283,0),(271,3283,0),(136,3284,0),(136,3285,0),(136,3286,0),(136,3287,0),(211,3287,0),(136,3288,0),(136,3289,0),(271,3289,0),(136,3290,0),(136,3291,0),(136,3292,0),(136,3293,0),(136,3294,0),(136,3295,0),(179,3295,0),(271,3295,0),(273,3295,0),(136,3296,0),(136,3297,0),(243,3297,0),(136,3298,0),(136,3299,0),(172,3299,0),(136,3300,0),(136,3301,0),(136,3302,0),(211,3302,0),(136,3303,0),(136,3304,0),(136,3305,0),(273,3305,0),(136,3306,0),(136,3307,0),(136,3308,0),(211,3308,0),(273,3308,0),(136,3309,0),(136,3310,0),(136,3311,0),(172,3311,0),(211,3311,0),(136,3312,0),(273,3312,0),(136,3313,0),(271,3313,0),(136,3314,0),(208,3314,0),(242,3314,0),(136,3315,0),(201,3315,0),(211,3315,0),(136,3316,0),(136,3317,0),(136,3318,0),(136,3319,0),(136,3320,0),(271,3320,0),(136,3321,0),(136,3322,0),(136,3323,0),(136,3324,0),(211,3324,0),(136,3325,0),(136,3326,0),(211,3326,0),(136,3327,0),(211,3327,0),(136,3328,0),(136,3329,0),(136,3330,0),(136,3331,0),(136,3332,0),(136,3333,0),(136,3334,0),(136,3335,0),(211,3335,0),(136,3336,0),(136,3337,0),(136,3338,0),(211,3338,0),(136,3339,0),(136,3340,0),(137,3341,0),(137,3342,0),(137,3343,0),(137,3344,0),(137,3345,0),(201,3345,0),(137,3346,0),(182,3346,0),(137,3347,0),(141,3347,0),(250,3347,0),(137,3348,0),(141,3348,0),(179,3348,0),(137,3349,0),(141,3349,0),(206,3349,0),(137,3350,0),(141,3350,0),(280,3350,0),(137,3351,0),(141,3351,0),(233,3351,0),(261,3351,0),(277,3351,0),(137,3352,0),(141,3352,0),(137,3353,0),(141,3353,0),(137,3354,0),(141,3354,0),(137,3355,0),(141,3355,0),(137,3356,0),(141,3356,0),(137,3357,0),(141,3357,0),(247,3357,0),(137,3358,0),(137,3359,0),(168,3359,0),(137,3360,0),(137,3361,0),(163,3361,0),(237,3361,0),(118,3362,0),(138,3363,0),(138,3364,0),(138,3364,1),(139,3364,1),(140,3364,1),(156,3364,1),(245,3364,0),(276,3364,0),(138,3365,0),(138,3366,0),(138,3367,0),(153,3367,0),(138,3368,0),(156,3368,0),(138,3369,0),(138,3370,0),(138,3371,0),(138,3372,0),(138,3373,0),(138,3374,0),(138,3375,0),(138,3376,0),(138,3377,1),(139,3377,1),(140,3377,1),(156,3377,0),(156,3377,1),(138,3378,1),(139,3378,1),(140,3378,1),(156,3378,1),(139,3379,0),(139,3380,0),(141,3381,0),(141,3382,0),(141,3383,0),(141,3384,0),(141,3385,0),(200,3385,0),(141,3386,0),(141,3387,0),(141,3388,0),(141,3389,0),(277,3389,0),(141,3390,0),(182,3390,0),(236,3390,0),(266,3390,0),(141,3391,0),(141,3392,0),(141,3393,0),(141,3394,0),(141,3395,0),(141,3396,0),(227,3396,0),(141,3397,0),(141,3398,0),(141,3399,0),(172,3399,0),(271,3399,0),(141,3400,0),(141,3401,0),(142,3402,0),(142,3403,0),(143,3404,0),(283,3404,0),(143,3405,0),(143,3407,0),(143,3408,0),(182,3408,0),(143,3409,0),(143,3410,0),(143,3411,0),(143,3412,0),(143,3413,0),(143,3414,0),(143,3415,0),(163,3415,0),(143,3416,0),(143,3417,0),(143,3418,0),(143,3419,0),(179,3419,0),(189,3419,0),(143,3420,0),(229,3420,0),(143,3421,0),(201,3421,0),(203,3421,0),(143,3422,0),(190,3422,0),(143,3423,0),(208,3423,0),(235,3423,0),(241,3423,0),(143,3424,0),(143,3425,0),(143,3426,0),(143,3427,0),(143,3428,0),(143,3429,0),(143,3430,0),(143,3431,0),(143,3432,1),(149,3432,1),(144,3433,0),(145,3434,0),(153,3434,0),(159,3434,0),(232,3434,0),(145,3435,0),(238,3435,0),(145,3436,0),(145,3437,0),(145,3438,0),(166,3438,0),(146,3439,0),(146,3440,0),(163,3440,0),(146,3441,0),(146,3442,0),(158,3442,0),(166,3442,0),(146,3443,0),(146,3444,0),(147,3445,0),(147,3446,0),(147,3447,0),(148,3448,0),(150,3448,0),(148,3449,0),(150,3449,0),(148,3450,0),(150,3450,0),(253,3450,0),(268,3450,0),(148,3451,0),(150,3451,0),(148,3452,0),(150,3452,0),(148,3453,0),(150,3453,0),(153,3453,0),(159,3453,0),(148,3454,0),(150,3454,0),(148,3455,0),(150,3455,0),(159,3455,0),(148,3456,0),(150,3456,0),(148,3457,0),(150,3457,0),(148,3458,0),(150,3458,0),(148,3459,0),(150,3459,0),(148,3460,0),(150,3460,0),(225,3460,0),(149,3461,0),(149,3462,0),(154,3462,0),(149,3463,0),(149,3464,0),(149,3465,0),(149,3466,0),(149,3467,0),(149,3468,0),(149,3469,0),(149,3470,0),(149,3471,0),(149,3472,0),(149,3473,0),(247,3473,0),(149,3474,0),(149,3475,0),(149,3476,0),(150,3477,0),(175,3477,0),(233,3477,0),(150,3478,0),(255,3478,0),(150,3479,0),(150,3480,0),(150,3481,0),(226,3481,0),(253,3481,0),(150,3482,0),(150,3483,1),(282,3483,1),(151,3484,0),(151,3485,0),(151,3486,0),(151,3486,1),(181,3486,1),(283,3486,1),(151,3487,0),(166,3487,0),(151,3488,0),(151,3489,0),(239,3489,0),(151,3490,0),(151,3491,0),(181,3491,0),(152,3492,0),(152,3493,0),(152,3494,0),(152,3495,0),(152,3496,0),(152,3497,0),(152,3498,0),(152,3498,1),(201,3498,0),(203,3498,0),(152,3499,0),(152,3500,0),(153,3500,0),(250,3500,0),(251,3500,0),(152,3501,0),(152,3502,0),(152,3503,0),(152,3504,0),(152,3505,0),(152,3506,0),(152,3507,0),(152,3508,0),(265,3508,0),(152,3509,0),(152,3510,0),(152,3511,0),(152,3512,0),(152,3513,0),(172,3513,0),(201,3513,0),(152,3514,0),(152,3515,0),(152,3516,0),(167,3516,0),(177,3516,0),(251,3516,0),(152,3517,0),(152,3518,0),(251,3518,0),(153,3519,0),(153,3520,0),(153,3521,0),(203,3521,0),(153,3522,0),(201,3522,0),(153,3523,0),(153,3524,0),(153,3525,0),(153,3526,0),(153,3527,0),(153,3528,0),(153,3529,0),(251,3529,0),(153,3530,0),(153,3531,0),(153,3532,0),(153,3533,0),(153,3534,0),(153,3535,0),(153,3536,0),(153,3537,0),(153,3538,0),(153,3539,0),(183,3539,0),(153,3540,0),(153,3541,0),(153,3542,0),(153,3543,0),(153,3544,0),(247,3544,0),(250,3544,0),(153,3545,0),(153,3546,0),(153,3547,0),(153,3548,0),(153,3549,0),(153,3550,0),(153,3551,0),(153,3552,0),(153,3553,0),(280,3553,0),(153,3554,0),(153,3555,0),(153,3556,0),(182,3556,0),(153,3557,0),(206,3557,0),(279,3557,0),(153,3558,0),(153,3559,0),(153,3560,0),(175,3560,0),(178,3560,0),(182,3560,1),(191,3560,1),(223,3560,0),(262,3560,0),(277,3560,0),(153,3561,0),(153,3562,0),(153,3563,0),(153,3564,0),(153,3565,0),(153,3566,0),(153,3567,0),(153,3568,0),(153,3569,0),(153,3570,0),(264,3570,0),(153,3571,0),(153,3572,0),(178,3572,0),(241,3572,0),(153,3573,0),(203,3573,0),(153,3574,0),(153,3575,0),(153,3576,0),(153,3577,0),(153,3578,0),(153,3579,0),(153,3580,0),(192,3580,0),(153,3581,0),(153,3582,0),(153,3583,0),(153,3584,0),(153,3585,0),(153,3586,0),(153,3587,0),(153,3588,0),(153,3589,0),(261,3589,0),(153,3590,0),(153,3591,0),(153,3592,0),(153,3593,0),(195,3593,0),(213,3593,0),(231,3593,0),(153,3594,0),(153,3595,0),(153,3596,0),(174,3596,0),(179,3596,0),(238,3596,0),(247,3596,0),(153,3597,0),(186,3597,0),(153,3598,0),(153,3599,0),(178,3599,0),(153,3600,0),(153,3601,0),(153,3602,0),(153,3603,0),(153,3604,0),(153,3605,0),(153,3606,0),(153,3607,0),(153,3608,0),(153,3609,0),(153,3610,0),(153,3611,0),(203,3611,0),(217,3611,0),(153,3612,0),(153,3613,0),(153,3614,0),(153,3615,0),(178,3615,0),(196,3615,0),(198,3615,0),(226,3615,0),(153,3616,0),(153,3617,0),(153,3618,0),(153,3619,0),(153,3620,0),(175,3620,0),(201,3620,0),(153,3621,0),(153,3622,0),(153,3623,0),(153,3624,0),(153,3625,0),(153,3626,0),(153,3627,0),(153,3628,0),(153,3629,0),(153,3630,0),(153,3631,0),(153,3632,0),(153,3633,0),(153,3634,0),(153,3635,0),(153,3636,0),(153,3637,0),(153,3638,0),(153,3639,0),(153,3640,0),(153,3641,0),(153,3642,0),(153,3643,0),(153,3644,0),(153,3645,0),(153,3646,0),(153,3647,0),(153,3648,0),(153,3649,0),(153,3650,0),(153,3651,0),(153,3652,0),(153,3653,0),(153,3654,0),(153,3655,0),(153,3656,0),(153,3657,0),(153,3658,0),(153,3659,0),(153,3660,0),(153,3661,0),(153,3662,0),(153,3663,0),(153,3664,0),(216,3664,0),(153,3665,0),(153,3666,0),(153,3667,0),(153,3668,0),(153,3669,0),(153,3670,0),(153,3671,0),(153,3672,0),(153,3673,0),(153,3674,0),(153,3675,0),(216,3675,0),(219,3675,0),(228,3675,0),(153,3676,0),(153,3677,0),(153,3678,0),(153,3679,0),(153,3680,0),(153,3681,0),(153,3682,0),(153,3683,0),(205,3683,0),(209,3683,0),(153,3684,0),(153,3685,0),(153,3686,0),(153,3687,0),(153,3688,0),(153,3689,0),(153,3690,0),(153,3691,0),(153,3692,0),(153,3693,0),(153,3694,0),(153,3695,0),(153,3696,0),(153,3697,0),(153,3698,0),(153,3699,0),(175,3699,1),(197,3699,1),(153,3700,0),(153,3701,0),(153,3702,0),(153,3703,0),(153,3704,0),(153,3705,0),(153,3706,0),(153,3707,0),(153,3708,0),(153,3709,0),(153,3710,0),(153,3711,0),(153,3712,0),(153,3713,0),(153,3714,0),(178,3714,0),(215,3714,0),(153,3715,0),(201,3715,0),(203,3715,0),(153,3716,0),(153,3717,0),(185,3717,0),(228,3717,0),(153,3718,0),(163,3718,0),(153,3719,0),(153,3720,0),(153,3721,0),(153,3722,0),(153,3723,0),(153,3724,0),(203,3724,0),(153,3725,0),(196,3725,0),(204,3725,0),(153,3726,0),(153,3727,0),(153,3728,0),(153,3729,0),(153,3730,0),(153,3731,0),(162,3731,0),(153,3732,0),(153,3733,0),(182,3733,0),(153,3734,0),(153,3735,0),(153,3736,0),(153,3737,0),(153,3738,0),(153,3739,0),(153,3740,0),(153,3741,0),(153,3742,0),(240,3742,0),(153,3743,0),(153,3744,0),(153,3745,0),(242,3745,0),(246,3745,0),(153,3746,0),(153,3747,0),(153,3748,0),(153,3749,0),(153,3750,0),(153,3751,0),(153,3752,0),(153,3753,0),(153,3754,0),(153,3755,0),(220,3755,1),(223,3755,1),(224,3755,1),(239,3755,1),(153,3756,0),(154,3756,0),(169,3756,0),(153,3757,0),(153,3758,0),(153,3759,0),(153,3760,0),(153,3761,0),(168,3761,0),(153,3762,0),(153,3763,0),(153,3764,0),(153,3765,0),(153,3766,0),(168,3766,0),(153,3767,0),(153,3768,0),(153,3769,0),(153,3770,0),(153,3771,0),(202,3771,0),(153,3772,0),(153,3773,0),(154,3774,0),(154,3775,0),(155,3776,0),(155,3777,0),(155,3778,0),(155,3779,0),(182,3779,0),(155,3780,0),(209,3780,0),(247,3780,0),(267,3780,0),(156,3781,0),(156,3782,0),(156,3783,0),(156,3784,0),(156,3785,0),(157,3786,0),(157,3787,0),(157,3788,0),(161,3788,0),(171,3788,0),(157,3789,0),(161,3789,0),(171,3789,0),(157,3790,0),(161,3790,0),(171,3790,0),(242,3790,0),(157,3791,0),(161,3791,0),(172,3791,0),(208,3791,0),(157,3792,0),(161,3792,0),(157,3793,0),(157,3794,0),(179,3794,0),(277,3794,0),(157,3795,0),(158,3796,0),(166,3796,0),(168,3796,0),(169,3796,0),(225,3796,0),(158,3797,0),(158,3798,0),(158,3799,0),(158,3800,0),(158,3801,0),(158,3802,0),(158,3803,0),(262,3803,0),(158,3804,0),(169,3804,0),(158,3805,0),(158,3806,0),(162,3806,0),(158,3807,0),(159,3808,0),(172,3808,0),(159,3809,0),(159,3810,0),(159,3811,0),(178,3811,0),(209,3811,0),(215,3811,0),(250,3811,0),(159,3812,0),(226,3812,0),(159,3813,0),(159,3814,0),(159,3815,0),(159,3816,0),(159,3817,0),(159,3818,0),(159,3819,0),(159,3820,0),(159,3821,0),(159,3822,0),(159,3823,0),(239,3823,0),(283,3823,0),(159,3824,0),(159,3825,0),(243,3825,0),(159,3826,0),(159,3827,0),(159,3828,0),(159,3829,0),(159,3830,0),(159,3831,0),(159,3832,0),(159,3833,0),(160,3834,0),(160,3835,0),(160,3836,0),(160,3837,0),(160,3838,0),(160,3839,0),(161,3840,0),(161,3841,0),(161,3842,0),(161,3843,0),(161,3844,0),(283,3844,0),(161,3845,0),(161,3846,0),(161,3847,0),(161,3848,0),(161,3849,0),(161,3850,0),(161,3851,0),(162,3852,0),(162,3853,0),(162,3854,0),(165,3854,0),(162,3855,0),(162,3856,0),(162,3857,0),(201,3857,0),(162,3858,0),(162,3859,0),(162,3860,0),(162,3861,0),(162,3862,0),(162,3863,0),(162,3864,0),(162,3865,0),(162,3866,0),(162,3867,0),(162,3868,0),(162,3869,0),(162,3870,0),(162,3871,0),(162,3872,0),(162,3873,0),(163,3873,0),(211,3873,0),(162,3874,0),(162,3875,0),(250,3875,0),(162,3876,0),(201,3876,0),(162,3877,0),(162,3878,0),(162,3879,0),(163,3879,0),(162,3880,0),(162,3881,0),(162,3882,0),(169,3882,0),(162,3883,0),(162,3884,0),(162,3885,0),(162,3886,0),(162,3887,0),(162,3888,0),(162,3889,0),(265,3889,0),(162,3890,0),(163,3890,0),(162,3891,0),(163,3891,0),(162,3892,0),(253,3892,0),(162,3893,0),(162,3894,0),(162,3895,0),(162,3896,0),(229,3896,0),(162,3897,0),(163,3898,0),(163,3899,0),(163,3900,0),(163,3901,0),(163,3902,0),(163,3903,0),(215,3903,0),(163,3904,0),(163,3905,0),(163,3906,0),(163,3907,0),(163,3908,0),(166,3908,0),(163,3909,0),(163,3910,0),(163,3911,0),(163,3912,0),(163,3913,0),(163,3914,0),(193,3914,0),(242,3914,0),(246,3914,0),(163,3915,0),(163,3916,0),(163,3917,0),(163,3918,0),(163,3919,0),(163,3920,0),(163,3921,0),(199,3921,0),(163,3922,0),(163,3923,0),(228,3923,0),(264,3923,0),(163,3924,0),(163,3925,0),(163,3926,0),(163,3927,0),(163,3928,0),(163,3929,0),(163,3930,0),(169,3930,0),(163,3931,0),(163,3932,0),(163,3933,0),(165,3933,0),(163,3934,0),(163,3935,0),(163,3936,0),(165,3936,0),(163,3937,0),(163,3938,0),(163,3939,0),(163,3940,0),(163,3941,0),(173,3941,0),(163,3942,0),(163,3943,0),(163,3944,0),(163,3945,0),(163,3946,0),(163,3947,0),(163,3948,0),(163,3949,0),(163,3950,0),(163,3951,0),(163,3952,0),(163,3953,0),(163,3954,0),(163,3955,0),(163,3956,0),(163,3957,0),(163,3958,0),(163,3959,0),(163,3960,0),(163,3961,0),(163,3962,0),(163,3963,0),(163,3964,0),(163,3965,0),(163,3966,0),(163,3967,0),(163,3968,0),(229,3968,0),(163,3969,0),(163,3970,0),(163,3971,0),(163,3972,0),(163,3973,0),(179,3973,0),(182,3973,0),(189,3973,0),(247,3973,0),(163,3974,0),(163,3975,0),(163,3976,0),(163,3977,0),(184,3977,0),(205,3977,0),(163,3978,0),(163,3979,0),(163,3980,0),(163,3981,0),(164,3982,0),(164,3983,0),(164,3984,0),(164,3985,0),(164,3986,0),(164,3987,0),(164,3988,0),(164,3989,0),(164,3990,0),(164,3991,0),(164,3992,0),(180,3992,0),(190,3992,0),(164,3993,0),(164,3994,0),(164,3995,0),(164,3996,0),(165,3997,0),(166,3997,0),(165,3998,0),(191,3998,0),(280,3998,0),(165,3999,0),(228,3999,0),(165,4000,0),(165,4001,0),(165,4002,0),(165,4003,0),(265,4003,0),(165,4004,0),(165,4005,0),(215,4005,0),(165,4006,0),(165,4007,0),(165,4008,0),(165,4009,0),(166,4010,0),(166,4011,0),(166,4012,0),(166,4013,0),(166,4014,0),(166,4015,0),(166,4016,0),(251,4016,0),(166,4017,0),(166,4018,0),(166,4019,0),(201,4019,0),(166,4020,0),(166,4021,0),(166,4022,0),(166,4023,0),(166,4024,0),(203,4024,0),(166,4025,0),(166,4026,0),(166,4027,0),(166,4028,0),(166,4029,0),(166,4030,0),(166,4031,0),(166,4032,0),(166,4033,0),(166,4034,0),(166,4035,0),(166,4036,0),(166,4037,0),(173,4037,0),(166,4038,0),(166,4039,0),(167,4040,0),(279,4040,0),(167,4041,0),(183,4041,0),(167,4042,0),(215,4042,0),(167,4043,0),(167,4044,0),(167,4045,0),(167,4046,0),(167,4047,0),(167,4048,0),(170,4048,0),(167,4049,0),(167,4050,0),(167,4051,0),(167,4052,0),(167,4053,0),(226,4053,0),(167,4054,0),(167,4055,0),(168,4055,0),(167,4056,0),(167,4057,0),(169,4057,0),(188,4057,0),(167,4058,0),(167,4059,0),(167,4060,0),(247,4060,0),(167,4061,0),(168,4061,0),(167,4062,0),(173,4062,0),(241,4062,0),(167,4063,0),(167,4064,0),(167,4065,0),(169,4065,0),(167,4066,0),(168,4066,0),(169,4066,0),(167,4067,0),(167,4068,0),(185,4068,0),(167,4069,0),(167,4070,0),(196,4070,0),(167,4071,0),(167,4072,0),(167,4073,1),(168,4073,1),(169,4073,1),(170,4073,1),(173,4073,1),(176,4073,1),(187,4073,1),(194,4073,1),(168,4074,0),(169,4074,0),(168,4075,0),(168,4076,0),(168,4077,0),(168,4078,0),(168,4079,0),(168,4080,0),(168,4081,0),(168,4082,0),(168,4083,0),(168,4084,0),(168,4085,0),(172,4085,0),(262,4085,0),(168,4086,0),(176,4086,0),(262,4086,0),(168,4087,0),(168,4088,0),(168,4089,0),(168,4090,0),(168,4091,0),(169,4092,0),(169,4093,0),(201,4093,0),(169,4094,0),(169,4095,0),(169,4096,0),(176,4096,0),(225,4096,0),(169,4097,0),(173,4097,0),(169,4098,0),(262,4098,0),(169,4099,0),(169,4100,0),(250,4100,0),(169,4101,0),(169,4102,0),(169,4103,0),(169,4104,0),(169,4105,0),(169,4106,0),(169,4107,0),(169,4108,0),(206,4108,0),(227,4108,0),(234,4108,0),(242,4108,0),(246,4108,0),(247,4108,0),(280,4108,0),(169,4109,0),(170,4110,0),(170,4111,0),(178,4111,0),(215,4111,0),(170,4112,0),(171,4113,0),(195,4113,0),(228,4113,0),(171,4114,0),(171,4115,0),(193,4115,0),(201,4115,0),(203,4115,0),(242,4115,0),(246,4115,0),(256,4115,0),(270,4115,0),(171,4116,0),(193,4116,0),(171,4117,0),(172,4118,0),(172,4119,0),(172,4120,0),(172,4121,0),(172,4122,0),(172,4123,0),(172,4124,0),(172,4125,0),(172,4126,0),(172,4127,0),(201,4127,0),(172,4128,0),(199,4128,0),(172,4129,0),(172,4130,0),(172,4131,0),(172,4132,0),(172,4132,1),(179,4132,1),(189,4132,1),(209,4132,1),(271,4132,1),(279,4132,1),(172,4133,0),(179,4133,0),(172,4134,0),(177,4134,0),(172,4135,0),(172,4136,0),(186,4136,0),(188,4136,0),(172,4137,0),(172,4138,0),(172,4139,0),(172,4140,0),(172,4141,0),(172,4142,0),(172,4143,0),(172,4144,0),(172,4145,0),(172,4146,0),(172,4147,0),(266,4147,0),(172,4148,0),(172,4149,0),(172,4150,0),(172,4151,0),(172,4152,0),(172,4153,0),(172,4153,1),(179,4153,1),(189,4153,1),(209,4153,1),(271,4153,1),(279,4153,1),(172,4154,0),(189,4154,0),(172,4155,0),(172,4156,0),(172,4157,0),(172,4158,0),(172,4159,0),(172,4160,0),(172,4161,0),(172,4162,0),(172,4163,0),(271,4163,0),(279,4163,0),(172,4164,0),(179,4164,0),(172,4165,0),(251,4165,0),(172,4166,0),(172,4167,0),(172,4168,0),(172,4169,0),(172,4170,0),(172,4171,0),(172,4172,0),(172,4173,0),(172,4174,0),(172,4175,0),(271,4175,0),(172,4176,0),(271,4176,0),(172,4177,0),(271,4177,0),(172,4178,0),(201,4178,0),(172,4179,0),(172,4180,0),(172,4181,0),(211,4181,0),(172,4182,0),(172,4183,0),(172,4184,0),(172,4185,0),(178,4185,0),(271,4185,0),(273,4185,0),(172,4186,0),(172,4187,0),(172,4188,0),(242,4188,0),(172,4189,0),(172,4190,0),(172,4191,0),(172,4192,0),(172,4193,0),(172,4194,0),(201,4194,0),(172,4195,0),(242,4195,0),(172,4196,0),(271,4196,0),(172,4197,0),(172,4198,0),(172,4199,0),(245,4199,0),(172,4200,0),(172,4201,0),(172,4202,0),(211,4202,0),(172,4203,0),(211,4203,0),(172,4204,0),(172,4205,0),(172,4206,0),(172,4207,0),(172,4208,0),(172,4209,0),(172,4210,0),(172,4211,0),(172,4212,0),(271,4212,0),(172,4213,0),(172,4214,0),(211,4214,0),(172,4215,0),(172,4216,0),(172,4217,0),(172,4218,0),(172,4219,0),(172,4220,0),(172,4221,0),(172,4222,0),(211,4222,0),(271,4222,0),(172,4223,0),(172,4224,0),(172,4225,0),(172,4226,0),(172,4227,0),(242,4227,0),(273,4227,0),(172,4228,0),(172,4229,0),(271,4229,0),(172,4230,0),(271,4230,0),(172,4231,0),(271,4231,0),(172,4232,0),(172,4233,0),(172,4234,0),(244,4234,0),(172,4235,0),(211,4235,0),(245,4235,0),(172,4236,0),(172,4237,0),(172,4238,0),(172,4239,0),(172,4240,0),(172,4241,0),(172,4242,0),(211,4242,0),(243,4242,0),(273,4242,0),(172,4243,0),(172,4244,0),(172,4245,0),(181,4245,0),(271,4245,0),(172,4246,0),(172,4247,0),(172,4248,0),(224,4248,0),(172,4249,0),(172,4250,0),(172,4251,0),(172,4252,0),(172,4253,0),(172,4254,0),(172,4255,0),(172,4256,0),(172,4257,0),(172,4258,0),(208,4258,0),(172,4259,0),(271,4259,0),(172,4260,0),(172,4261,0),(172,4262,0),(172,4263,0),(271,4263,0),(172,4264,1),(179,4264,1),(189,4264,1),(209,4264,1),(211,4264,1),(244,4264,0),(271,4264,1),(279,4264,1),(172,4265,1),(179,4265,1),(189,4265,1),(209,4265,1),(271,4265,1),(279,4265,1),(172,4266,1),(179,4266,1),(189,4266,1),(209,4266,1),(271,4266,1),(279,4266,1),(173,4267,0),(173,4268,0),(279,4268,0),(173,4269,0),(173,4270,0),(173,4271,0),(173,4272,0),(173,4273,0),(173,4274,0),(173,4275,0),(173,4276,0),(173,4277,0),(173,4278,0),(173,4279,0),(174,4280,0),(174,4281,0),(174,4282,0),(244,4282,0),(174,4283,0),(174,4284,0),(174,4284,1),(174,4285,0),(201,4285,0),(174,4286,0),(174,4287,0),(174,4288,0),(179,4288,0),(174,4289,0),(175,4290,0),(175,4291,0),(201,4291,0),(175,4292,0),(175,4293,0),(175,4294,0),(181,4294,0),(175,4295,0),(266,4295,0),(175,4296,0),(175,4297,0),(175,4298,0),(251,4298,0),(266,4298,0),(270,4298,0),(175,4299,0),(175,4300,0),(175,4301,0),(175,4302,0),(246,4302,0),(175,4303,0),(175,4304,0),(177,4304,0),(242,4304,0),(246,4304,0),(176,4305,0),(266,4305,0),(176,4306,0),(176,4307,0),(247,4307,0),(176,4308,0),(176,4309,0),(251,4309,0),(176,4310,0),(278,4310,0),(176,4311,0),(176,4312,0),(176,4313,0),(176,4314,0),(177,4315,0),(177,4316,0),(178,4317,0),(178,4318,0),(237,4318,0),(178,4319,0),(215,4319,0),(178,4320,0),(215,4320,0),(178,4321,0),(215,4321,0),(178,4322,0),(215,4322,0),(178,4323,0),(215,4323,0),(178,4324,0),(215,4324,0),(178,4325,0),(215,4325,0),(178,4326,0),(215,4326,0),(178,4327,0),(215,4327,0),(178,4328,0),(215,4328,0),(216,4328,0),(219,4328,0),(178,4329,0),(209,4329,0),(215,4329,0),(178,4330,0),(215,4330,0),(178,4331,0),(215,4331,0),(178,4332,0),(215,4332,0),(178,4333,0),(215,4333,0),(178,4334,0),(178,4335,0),(272,4335,0),(178,4336,0),(178,4337,0),(178,4338,0),(178,4339,0),(185,4339,0),(178,4340,0),(178,4341,0),(178,4342,0),(178,4343,0),(178,4344,0),(178,4345,0),(178,4346,0),(178,4347,0),(234,4347,0),(178,4348,0),(178,4349,0),(178,4350,0),(178,4351,0),(178,4352,0),(178,4353,0),(178,4354,0),(178,4355,0),(178,4356,0),(186,4356,0),(178,4357,0),(178,4358,0),(178,4359,0),(178,4360,0),(178,4361,0),(178,4362,0),(196,4362,0),(178,4363,0),(182,4363,0),(178,4364,0),(178,4365,0),(178,4366,0),(178,4367,0),(178,4368,0),(178,4369,0),(178,4370,0),(178,4371,0),(178,4372,0),(178,4373,0),(178,4374,0),(282,4374,0),(178,4375,0),(178,4376,0),(178,4377,0),(178,4378,0),(178,4379,0),(178,4380,0),(178,4381,0),(215,4381,0),(178,4382,0),(178,4383,0),(178,4384,0),(203,4384,0),(178,4385,0),(178,4386,0),(178,4387,0),(266,4387,0),(178,4388,0),(178,4389,0),(266,4389,0),(178,4390,0),(178,4391,0),(178,4392,0),(178,4393,0),(178,4394,0),(178,4395,0),(178,4396,0),(178,4397,0),(178,4398,0),(178,4399,0),(178,4400,0),(179,4401,0),(179,4402,0),(189,4402,0),(179,4403,0),(189,4403,0),(179,4404,0),(189,4404,0),(271,4404,0),(279,4404,0),(179,4405,0),(189,4405,0),(179,4406,0),(189,4406,0),(179,4407,0),(189,4407,0),(179,4408,0),(189,4408,0),(179,4409,0),(179,4410,0),(179,4411,0),(247,4411,0),(179,4412,0),(179,4413,0),(251,4413,0),(179,4414,0),(185,4414,0),(241,4414,0),(179,4415,0),(179,4416,0),(247,4416,0),(179,4417,0),(179,4418,0),(180,4419,0),(180,4420,0),(250,4420,0),(266,4420,0),(180,4421,0),(180,4422,0),(180,4423,0),(180,4424,0),(180,4425,0),(266,4425,0),(180,4426,0),(181,4427,0),(181,4428,0),(181,4429,0),(181,4430,0),(181,4431,0),(181,4432,0),(181,4433,0),(181,4434,0),(181,4435,0),(181,4436,0),(181,4437,0),(181,4438,0),(181,4439,0),(181,4440,0),(181,4441,0),(181,4442,0),(185,4442,0),(181,4443,0),(181,4444,0),(181,4445,0),(181,4446,0),(270,4446,0),(181,4447,0),(182,4448,0),(267,4448,0),(182,4449,0),(182,4450,0),(182,4451,0),(182,4452,0),(182,4453,0),(182,4453,1),(191,4453,1),(182,4454,0),(182,4455,0),(182,4456,0),(182,4457,0),(182,4458,0),(182,4459,0),(182,4460,0),(182,4461,0),(182,4462,0),(182,4463,0),(182,4464,0),(182,4465,0),(182,4466,0),(182,4467,0),(182,4468,0),(182,4469,0),(182,4470,0),(250,4470,0),(182,4471,0),(227,4471,0),(182,4472,0),(182,4473,0),(182,4474,0),(183,4475,0),(186,4475,0),(217,4475,0),(183,4476,0),(183,4477,0),(247,4477,0),(183,4478,0),(183,4479,0),(183,4480,0),(186,4480,0),(201,4480,0),(209,4480,0),(183,4481,0),(183,4482,0),(193,4482,0),(183,4483,0),(185,4483,0),(183,4484,0),(227,4484,0),(183,4485,1),(184,4485,1),(185,4485,1),(186,4485,1),(188,4485,1),(196,4485,1),(198,4485,1),(199,4485,1),(237,4485,1),(183,4486,1),(184,4486,1),(185,4486,1),(186,4486,1),(188,4486,1),(196,4486,1),(198,4486,1),(199,4486,1),(237,4486,1),(184,4487,0),(184,4488,0),(272,4488,0),(184,4489,0),(184,4490,0),(234,4490,0),(184,4491,0),(185,4492,0),(185,4493,0),(185,4494,0),(202,4494,0),(185,4495,0),(266,4495,0),(185,4496,0),(185,4497,0),(185,4498,0),(185,4499,0),(186,4500,0),(186,4501,0),(186,4502,0),(203,4502,0),(186,4503,0),(186,4504,0),(186,4505,0),(186,4506,0),(186,4507,0),(186,4508,0),(186,4509,0),(186,4510,0),(262,4510,0),(186,4511,0),(186,4512,0),(188,4512,0),(202,4512,0),(204,4512,0),(205,4512,0),(217,4512,0),(232,4512,0),(186,4513,0),(186,4514,0),(186,4515,0),(203,4515,0),(186,4516,0),(186,4517,0),(186,4518,0),(187,4519,0),(208,4519,0),(187,4520,0),(187,4521,0),(188,4522,0),(188,4523,0),(188,4524,0),(196,4524,0),(188,4525,0),(188,4526,0),(189,4527,0),(189,4528,0),(189,4529,0),(189,4530,0),(189,4531,0),(189,4532,0),(189,4533,0),(190,4534,0),(190,4535,0),(190,4536,0),(190,4537,0),(190,4538,0),(190,4539,0),(190,4540,0),(193,4540,0),(195,4540,0),(190,4541,0),(191,4542,0),(191,4543,0),(191,4544,0),(191,4545,0),(192,4546,0),(192,4547,0),(192,4548,0),(192,4549,0),(192,4550,0),(192,4551,0),(192,4552,0),(208,4552,0),(192,4553,0),(192,4554,0),(192,4555,0),(192,4556,0),(193,4557,0),(193,4558,0),(193,4559,0),(193,4560,0),(193,4561,0),(193,4562,0),(195,4562,0),(213,4562,0),(246,4562,0),(194,4563,0),(194,4564,0),(194,4565,0),(194,4566,0),(195,4567,0),(213,4567,0),(195,4568,0),(201,4568,0),(213,4568,0),(195,4569,0),(195,4570,0),(195,4571,0),(195,4572,0),(196,4573,0),(196,4574,0),(196,4575,0),(196,4576,0),(196,4577,0),(196,4578,0),(196,4579,0),(196,4580,0),(196,4581,0),(196,4582,0),(196,4583,0),(196,4584,0),(196,4585,0),(196,4586,0),(196,4587,0),(196,4588,0),(196,4589,0),(197,4590,0),(205,4590,0),(198,4591,0),(198,4592,0),(198,4593,0),(198,4594,0),(198,4595,0),(198,4596,0),(198,4597,0),(198,4598,0),(198,4599,0),(198,4600,0),(198,4601,0),(198,4602,0),(198,4603,0),(199,4604,0),(199,4605,0),(199,4606,0),(199,4607,0),(199,4608,0),(200,4609,0),(200,4610,0),(200,4611,0),(200,4612,0),(201,4613,0),(201,4614,0),(201,4615,0),(201,4616,0),(201,4617,0),(201,4618,0),(201,4619,0),(201,4620,0),(201,4621,0),(203,4621,0),(201,4622,0),(203,4622,0),(201,4623,0),(201,4624,0),(201,4625,0),(203,4625,0),(201,4626,0),(201,4627,0),(203,4627,0),(201,4628,0),(203,4628,0),(201,4629,0),(201,4630,0),(203,4630,0),(201,4631,0),(201,4632,0),(203,4632,0),(201,4633,0),(201,4634,0),(201,4635,0),(201,4636,0),(244,4636,0),(201,4637,0),(201,4638,0),(201,4639,0),(201,4640,0),(201,4641,0),(201,4642,0),(201,4643,0),(201,4644,0),(201,4645,0),(201,4646,0),(201,4647,0),(201,4648,0),(203,4648,0),(201,4649,0),(203,4649,0),(201,4650,0),(201,4651,0),(241,4651,0),(201,4652,0),(203,4652,0),(201,4653,0),(203,4653,0),(201,4654,0),(201,4655,0),(201,4656,0),(201,4657,0),(201,4658,0),(203,4658,0),(201,4659,0),(203,4659,0),(201,4660,0),(203,4660,0),(201,4661,0),(203,4661,0),(201,4662,0),(203,4662,0),(201,4663,0),(203,4663,0),(201,4664,0),(203,4664,0),(201,4665,0),(203,4665,0),(201,4666,0),(203,4666,0),(223,4666,0),(251,4666,0),(201,4667,0),(201,4668,0),(201,4669,0),(201,4670,0),(201,4671,0),(201,4672,0),(201,4673,0),(201,4674,0),(203,4674,0),(201,4675,0),(201,4676,0),(201,4677,0),(205,4677,0),(201,4678,0),(201,4679,0),(201,4680,0),(201,4681,0),(201,4682,0),(201,4683,0),(201,4684,0),(201,4685,0),(201,4686,0),(201,4687,0),(201,4688,0),(201,4689,0),(201,4690,0),(201,4691,0),(201,4692,0),(201,4693,0),(201,4694,0),(201,4695,0),(201,4696,0),(201,4697,0),(201,4698,0),(211,4698,0),(201,4699,0),(201,4700,0),(201,4702,0),(201,4703,0),(201,4704,0),(262,4704,0),(201,4705,0),(202,4705,0),(247,4705,0),(202,4706,0),(202,4707,0),(202,4708,0),(205,4708,0),(202,4709,0),(205,4709,0),(202,4710,0),(205,4710,0),(202,4711,0),(202,4712,0),(204,4712,0),(202,4713,0),(202,4714,0),(202,4715,0),(202,4716,0),(203,4717,0),(203,4718,0),(203,4719,0),(218,4719,0),(203,4720,0),(218,4720,0),(203,4721,0),(203,4722,0),(203,4723,0),(203,4724,0),(203,4725,0),(203,4726,0),(203,4727,0),(203,4728,0),(203,4729,0),(203,4730,0),(203,4731,0),(203,4732,0),(203,4733,0),(203,4734,0),(203,4735,0),(203,4736,0),(203,4737,0),(203,4738,0),(203,4739,0),(203,4740,0),(203,4741,0),(203,4742,0),(251,4742,0),(203,4743,0),(203,4744,0),(203,4745,0),(203,4746,0),(203,4747,0),(250,4747,0),(203,4748,0),(203,4749,0),(203,4750,0),(203,4751,0),(203,4752,0),(203,4753,0),(203,4754,0),(203,4755,0),(203,4756,0),(203,4757,0),(203,4758,0),(203,4759,0),(203,4760,0),(203,4761,0),(274,4761,0),(203,4762,0),(203,4763,0),(203,4764,0),(203,4765,0),(266,4765,0),(203,4766,0),(266,4766,0),(203,4767,0),(203,4768,0),(203,4769,0),(240,4769,0),(203,4770,0),(203,4771,0),(203,4772,0),(203,4773,0),(203,4774,0),(203,4775,0),(203,4776,0),(203,4777,0),(203,4778,0),(203,4779,0),(203,4780,0),(203,4781,0),(203,4782,0),(203,4783,0),(205,4783,0),(203,4784,0),(205,4784,0),(203,4785,0),(203,4786,0),(203,4787,0),(203,4788,0),(203,4789,0),(203,4790,0),(205,4790,0),(203,4791,0),(203,4792,0),(203,4793,0),(204,4794,0),(204,4795,0),(204,4796,0),(204,4797,0),(250,4797,0),(204,4798,0),(217,4798,0),(204,4799,0),(205,4800,0),(205,4801,0),(205,4802,0),(205,4803,0),(205,4804,0),(205,4805,0),(229,4805,0),(205,4806,0),(205,4807,0),(205,4808,0),(205,4809,0),(205,4810,0),(248,4810,0),(205,4811,0),(205,4812,0),(205,4813,0),(206,4814,0),(206,4815,0),(206,4816,0),(206,4817,0),(206,4818,0),(206,4819,0),(206,4820,0),(206,4821,0),(206,4822,0),(206,4823,0),(206,4824,0),(206,4825,0),(206,4826,1),(207,4826,1),(208,4826,1),(207,4827,0),(207,4828,0),(207,4829,0),(208,4830,0),(208,4831,0),(208,4832,0),(208,4833,0),(208,4834,0),(208,4835,0),(208,4836,0),(208,4837,0),(208,4838,0),(208,4839,0),(208,4840,0),(208,4841,0),(211,4841,0),(208,4842,0),(270,4842,0),(208,4843,0),(208,4844,0),(208,4845,0),(208,4846,0),(208,4847,0),(208,4848,0),(208,4849,0),(208,4850,0),(208,4851,0),(208,4852,0),(208,4853,0),(208,4854,0),(208,4855,0),(209,4856,0),(242,4856,0),(246,4856,0),(209,4857,0),(209,4858,0),(209,4859,0),(209,4860,0),(250,4860,0),(271,4860,0),(209,4861,0),(243,4861,0),(209,4862,0),(210,4863,0),(210,4864,0),(210,4865,0),(210,4866,0),(210,4867,0),(210,4868,0),(210,4869,0),(210,4870,0),(210,4871,0),(210,4872,0),(210,4873,1),(212,4873,1),(211,4874,0),(211,4875,0),(267,4875,0),(211,4876,0),(211,4877,0),(211,4878,0),(211,4879,0),(211,4880,0),(211,4881,0),(211,4882,0),(211,4883,0),(211,4884,0),(211,4885,0),(211,4886,0),(211,4887,0),(211,4888,0),(211,4889,0),(211,4890,0),(211,4891,0),(211,4892,0),(211,4893,0),(211,4894,0),(211,4895,0),(211,4896,0),(211,4897,0),(211,4898,0),(211,4899,0),(211,4900,0),(211,4901,0),(211,4902,0),(211,4903,0),(242,4903,0),(211,4904,0),(211,4905,0),(271,4905,0),(211,4906,0),(211,4907,0),(211,4908,0),(211,4909,0),(211,4910,0),(211,4911,0),(211,4912,0),(211,4913,0),(211,4914,0),(248,4914,0),(249,4914,0),(211,4915,0),(211,4916,0),(211,4917,0),(211,4918,0),(211,4919,0),(211,4920,0),(211,4921,0),(211,4922,0),(211,4923,0),(211,4924,0),(211,4925,0),(211,4926,0),(211,4927,0),(211,4928,0),(211,4929,0),(211,4930,0),(211,4931,0),(211,4932,0),(211,4933,0),(211,4934,0),(211,4935,0),(211,4936,0),(211,4937,0),(211,4938,0),(211,4939,0),(211,4940,0),(211,4941,0),(211,4942,0),(211,4943,0),(211,4944,0),(211,4945,0),(211,4946,0),(211,4947,0),(211,4948,0),(211,4949,0),(211,4950,0),(211,4951,0),(251,4951,0),(211,4952,0),(243,4952,0),(211,4953,0),(211,4954,0),(211,4955,0),(211,4956,0),(211,4957,0),(211,4958,0),(211,4959,0),(211,4960,0),(211,4961,0),(211,4962,0),(211,4963,0),(211,4964,0),(211,4965,0),(211,4966,0),(211,4967,0),(211,4968,0),(211,4969,0),(211,4970,0),(211,4971,0),(211,4972,0),(211,4973,0),(211,4974,0),(211,4975,0),(211,4976,0),(211,4977,0),(211,4978,0),(211,4979,0),(211,4980,0),(211,4981,0),(211,4982,0),(211,4983,0),(211,4984,0),(211,4985,0),(211,4986,0),(211,4987,0),(211,4988,0),(211,4989,0),(211,4990,0),(211,4991,0),(211,4992,0),(211,4993,0),(211,4994,0),(271,4994,0),(211,4995,0),(211,4996,0),(211,4997,0),(211,4998,0),(211,4999,0),(211,5000,0),(211,5001,0),(211,5002,0),(211,5003,0),(211,5004,0),(211,5005,0),(211,5006,0),(211,5007,0),(211,5008,0),(211,5009,0),(211,5010,0),(211,5011,0),(211,5012,0),(211,5013,0),(211,5014,0),(211,5015,0),(211,5016,0),(211,5017,0),(211,5018,0),(211,5019,1),(212,5020,0),(212,5021,0),(212,5022,0),(212,5023,0),(212,5024,0),(212,5025,0),(212,5026,0),(213,5027,0),(213,5028,0),(213,5029,0),(213,5030,0),(213,5031,0),(213,5032,0),(213,5033,0),(213,5034,0),(214,5035,0),(215,5036,0),(215,5037,0),(215,5038,0),(215,5039,0),(215,5040,0),(215,5041,0),(215,5042,0),(281,5042,0),(215,5044,0),(215,5045,0),(215,5046,0),(215,5048,0),(215,5050,0),(215,5051,0),(215,5052,0),(271,5052,0),(215,5053,0),(215,5054,0),(215,5056,0),(215,5057,0),(215,5058,0),(215,5059,0),(215,5060,0),(215,5061,0),(215,5062,0),(215,5063,0),(215,5064,0),(215,5065,0),(215,5066,0),(215,5067,0),(215,5068,0),(264,5068,0),(215,5069,0),(215,5070,0),(215,5071,0),(216,5072,0),(219,5072,0),(216,5073,0),(219,5073,0),(216,5074,0),(219,5074,0),(216,5075,0),(219,5075,0),(216,5076,0),(219,5076,0),(216,5077,0),(219,5077,0),(216,5078,0),(219,5078,0),(216,5079,0),(219,5079,0),(216,5080,0),(219,5080,0),(216,5081,0),(219,5081,0),(216,5082,0),(219,5082,0),(216,5083,0),(219,5083,0),(216,5084,0),(216,5085,0),(216,5086,0),(216,5087,0),(216,5088,0),(217,5089,0),(217,5090,0),(217,5091,0),(226,5091,0),(270,5091,0),(217,5092,0),(217,5093,0),(217,5094,0),(217,5095,0),(217,5096,0),(217,5097,0),(218,5098,0),(218,5099,0),(218,5100,0),(218,5101,0),(218,5102,0),(233,5102,0),(247,5102,0),(219,5103,0),(219,5104,0),(219,5105,0),(219,5106,0),(219,5107,0),(219,5108,0),(219,5109,0),(219,5110,0),(270,5110,0),(272,5110,0),(280,5110,0),(220,5111,0),(220,5112,0),(220,5113,0),(220,5114,1),(223,5114,1),(224,5114,1),(239,5114,1),(221,5115,0),(221,5116,0),(221,5117,0),(276,5117,0),(222,5118,0),(222,5119,0),(222,5120,0),(222,5121,0),(223,5122,0),(223,5123,0),(223,5124,0),(223,5125,0),(223,5126,0),(223,5127,0),(224,5127,0),(224,5128,0),(224,5129,0),(224,5130,0),(224,5131,0),(224,5132,0),(224,5133,0),(224,5134,0),(225,5135,0),(225,5136,0),(225,5137,0),(225,5138,0),(225,5139,0),(225,5140,0),(225,5141,0),(225,5142,0),(225,5143,0),(225,5144,0),(225,5145,0),(225,5146,0),(225,5147,0),(225,5148,0),(225,5149,0),(225,5150,0),(225,5151,0),(225,5152,0),(226,5153,0),(226,5154,0),(226,5155,0),(226,5156,0),(226,5157,0),(226,5158,0),(226,5159,0),(226,5160,0),(226,5161,0),(226,5162,0),(226,5163,0),(226,5164,0),(226,5165,0),(226,5166,0),(226,5167,0),(226,5168,0),(226,5169,0),(231,5169,0),(226,5170,0),(227,5171,0),(227,5172,0),(227,5173,0),(227,5174,0),(264,5174,0),(227,5175,0),(227,5176,0),(272,5176,0),(227,5177,0),(227,5178,0),(227,5179,0),(227,5180,0),(227,5181,0),(227,5182,0),(227,5183,0),(227,5184,0),(227,5185,0),(227,5186,0),(227,5187,0),(227,5188,0),(228,5189,0),(228,5190,0),(228,5191,0),(229,5191,0),(228,5192,0),(251,5192,0),(228,5193,0),(228,5194,0),(228,5195,0),(228,5196,0),(228,5197,0),(228,5198,0),(228,5199,0),(228,5200,0),(228,5201,0),(229,5202,0),(229,5203,0),(247,5203,0),(229,5204,0),(229,5205,0),(229,5206,0),(229,5207,0),(231,5207,0),(229,5208,0),(231,5208,0),(229,5209,0),(229,5210,0),(229,5211,0),(229,5212,0),(229,5213,0),(229,5214,0),(229,5215,1),(231,5215,1),(231,5216,0),(231,5217,0),(231,5218,0),(231,5219,0),(231,5220,0),(231,5221,0),(231,5222,0),(231,5223,0),(231,5224,0),(232,5225,0),(232,5226,0),(232,5227,0),(232,5228,0),(232,5229,0),(251,5229,0),(262,5229,0),(232,5230,0),(232,5231,0),(250,5231,0),(232,5232,0),(259,5232,0),(233,5233,0),(241,5233,0),(233,5234,0),(233,5235,0),(233,5236,0),(267,5236,0),(233,5237,0),(233,5238,0),(233,5239,0),(233,5240,0),(251,5240,0),(234,5241,0),(234,5242,0),(234,5243,0),(247,5243,0),(234,5244,0),(262,5244,0),(234,5245,0),(234,5246,0),(235,5247,0),(235,5248,0),(235,5249,0),(235,5250,0),(235,5251,0),(241,5251,0),(235,5252,0),(235,5253,0),(236,5254,0),(236,5255,0),(236,5256,0),(236,5257,0),(236,5258,0),(236,5259,0),(236,5260,0),(236,5261,0),(236,5262,0),(144,5263,0),(237,5264,0),(243,5264,0),(250,5264,0),(265,5264,0),(237,5265,0),(237,5266,0),(237,5267,0),(237,5268,0),(237,5269,0),(237,5270,0),(237,5271,0),(237,5272,0),(237,5273,0),(237,5274,0),(237,5275,0),(238,5276,0),(238,5277,0),(238,5278,0),(238,5279,0),(238,5280,0),(239,5281,0),(239,5282,0),(239,5283,0),(239,5284,0),(239,5285,0),(239,5286,0),(239,5287,0),(239,5288,0),(239,5289,0),(239,5290,0),(239,5291,0),(239,5292,0),(240,5293,0),(240,5294,0),(241,5295,0),(241,5296,0),(241,5297,0),(241,5298,0),(241,5299,0),(241,5300,0),(241,5301,0),(241,5302,0),(241,5303,0),(241,5304,0),(241,5305,0),(241,5306,0),(241,5307,0),(241,5308,0),(241,5309,0),(242,5310,0),(242,5311,0),(242,5312,0),(246,5312,0),(242,5313,0),(246,5313,0),(242,5314,0),(246,5314,0),(262,5314,0),(242,5315,0),(246,5315,0),(242,5316,0),(246,5316,0),(242,5317,0),(246,5317,0),(242,5318,0),(246,5318,0),(253,5318,0),(267,5318,0),(242,5319,0),(246,5319,0),(242,5320,0),(246,5320,0),(242,5321,0),(246,5321,0),(242,5322,0),(246,5322,0),(242,5323,0),(246,5323,0),(242,5324,0),(246,5324,0),(242,5325,0),(242,5326,0),(246,5326,0),(242,5327,0),(246,5327,0),(242,5328,0),(246,5328,0),(242,5329,0),(246,5329,0),(242,5330,0),(242,5331,0),(242,5332,0),(242,5333,0),(242,5334,0),(242,5335,0),(242,5336,0),(242,5337,0),(242,5338,0),(242,5339,0),(242,5340,0),(242,5341,0),(242,5342,0),(242,5343,0),(242,5344,0),(242,5345,0),(242,5346,0),(270,5346,0),(242,5347,0),(270,5347,0),(242,5348,0),(242,5349,0),(242,5350,0),(242,5351,0),(242,5352,0),(242,5353,0),(270,5353,0),(242,5354,0),(242,5355,0),(242,5356,0),(246,5356,0),(242,5357,0),(242,5358,0),(242,5359,0),(242,5360,0),(242,5361,0),(251,5361,0),(242,5362,0),(242,5363,0),(242,5364,0),(242,5365,0),(242,5366,0),(242,5367,0),(242,5368,0),(242,5369,0),(242,5370,0),(242,5371,0),(242,5372,0),(242,5373,0),(242,5374,0),(242,5375,0),(242,5376,0),(242,5377,0),(242,5378,0),(242,5379,0),(242,5380,0),(242,5381,0),(242,5382,0),(242,5383,0),(242,5384,0),(242,5385,0),(242,5386,0),(242,5387,0),(242,5388,0),(242,5389,0),(242,5390,0),(242,5391,0),(242,5392,0),(242,5393,0),(242,5394,0),(242,5395,0),(242,5396,0),(242,5397,0),(242,5398,0),(242,5399,0),(243,5400,0),(243,5401,0),(243,5401,1),(243,5402,0),(243,5403,0),(243,5404,0),(243,5405,0),(243,5406,0),(243,5407,0),(243,5408,0),(243,5409,0),(243,5410,0),(243,5411,0),(243,5412,0),(243,5413,1),(244,5414,0),(244,5415,0),(244,5416,0),(244,5417,0),(244,5418,0),(244,5419,0),(244,5420,0),(244,5421,0),(244,5422,0),(244,5423,0),(244,5424,0),(244,5425,0),(244,5426,0),(244,5427,0),(244,5428,0),(244,5429,0),(244,5430,0),(244,5431,0),(16,5432,0),(16,5433,0),(245,5434,0),(245,5435,0),(271,5435,0),(245,5436,0),(245,5437,0),(245,5438,0),(245,5439,0),(245,5440,0),(245,5441,0),(245,5442,0),(245,5443,0),(245,5444,0),(245,5445,0),(245,5446,0),(245,5447,0),(245,5448,0),(245,5449,0),(245,5450,0),(245,5451,0),(245,5452,0),(245,5453,0),(245,5454,0),(245,5455,0),(245,5456,0),(245,5457,0),(245,5458,0),(245,5459,0),(245,5460,0),(245,5461,0),(245,5462,0),(245,5463,0),(245,5464,0),(245,5465,0),(275,5465,0),(245,5466,0),(245,5467,0),(245,5468,0),(245,5469,0),(245,5470,0),(245,5471,0),(245,5472,0),(245,5473,0),(245,5474,0),(245,5475,0),(245,5476,0),(245,5477,0),(245,5478,0),(245,5479,0),(246,5480,0),(246,5481,0),(246,5482,0),(246,5483,0),(246,5484,0),(246,5485,0),(246,5486,0),(246,5487,0),(246,5488,0),(246,5489,0),(246,5490,0),(246,5491,0),(246,5492,0),(246,5493,0),(247,5494,0),(247,5495,0),(247,5496,0),(247,5497,0),(247,5498,0),(247,5499,0),(247,5500,0),(247,5501,0),(247,5502,0),(247,5503,0),(247,5504,0),(247,5505,0),(248,5506,0),(248,5507,0),(248,5508,0),(248,5509,0),(248,5510,0),(248,5511,0),(248,5512,0),(248,5513,0),(248,5514,0),(248,5515,0),(248,5516,0),(248,5517,0),(248,5518,0),(248,5519,0),(248,5520,0),(248,5521,0),(248,5522,0),(248,5523,0),(248,5524,0),(248,5525,0),(249,5525,0),(248,5526,0),(248,5527,0),(248,5528,0),(249,5528,0),(248,5529,0),(248,5530,0),(248,5531,0),(248,5532,0),(248,5533,0),(248,5534,0),(248,5535,0),(248,5536,0),(248,5537,0),(248,5538,0),(248,5539,0),(248,5540,0),(248,5541,0),(248,5542,0),(248,5543,0),(248,5544,0),(248,5545,0),(248,5546,0),(248,5547,0),(248,5548,0),(248,5549,0),(248,5550,0),(248,5551,0),(248,5552,0),(249,5552,0),(248,5553,0),(248,5554,0),(248,5555,0),(249,5555,0),(248,5556,0),(248,5557,0),(248,5558,0),(248,5559,0),(248,5560,0),(248,5561,0),(248,5562,0),(248,5563,0),(248,5564,0),(248,5565,0),(248,5566,0),(248,5567,0),(248,5568,0),(248,5569,0),(248,5570,0),(248,5571,0),(248,5572,0),(248,5573,0),(248,5574,0),(265,5574,0),(248,5575,0),(248,5576,0),(251,5576,0),(248,5577,0),(248,5578,0),(248,5579,0),(248,5580,0),(248,5581,0),(248,5582,0),(248,5583,1),(251,5583,0),(249,5584,0),(249,5585,0),(249,5586,0),(249,5587,0),(249,5588,0),(249,5589,0),(249,5590,0),(249,5591,0),(249,5592,0),(249,5593,0),(249,5594,0),(249,5595,0),(249,5596,0),(249,5597,1),(250,5598,0),(250,5598,1),(266,5598,0),(250,5599,0),(250,5599,1),(250,5600,0),(250,5601,0),(250,5602,0),(250,5603,0),(250,5604,0),(250,5605,0),(250,5606,0),(266,5606,0),(250,5607,0),(250,5608,0),(250,5609,0),(250,5610,0),(250,5611,0),(250,5612,0),(250,5613,0),(250,5614,0),(250,5615,0),(250,5616,0),(250,5617,0),(250,5618,0),(250,5619,0),(249,5620,0),(249,5621,0),(249,5622,0),(249,5623,0),(249,5624,0),(249,5625,0),(249,5626,0),(249,5627,0),(249,5628,0),(249,5629,0),(249,5630,0),(249,5631,0),(249,5632,0),(249,5633,0),(249,5634,0),(251,5635,0),(251,5636,0),(251,5637,0),(251,5638,0),(251,5639,0),(251,5640,0),(251,5641,0),(251,5642,0),(251,5643,0),(251,5644,0),(257,5644,0),(262,5644,0),(251,5645,0),(251,5646,0),(251,5647,0),(251,5648,0),(251,5649,0),(251,5650,0),(251,5651,0),(251,5652,0),(266,5652,0),(251,5653,0),(251,5654,0),(251,5655,0),(251,5656,0),(251,5657,0),(251,5658,0),(251,5659,0),(251,5660,0),(251,5661,0),(251,5662,0),(251,5663,0),(251,5664,0),(251,5665,0),(251,5666,0),(251,5667,0),(251,5668,0),(251,5669,0),(251,5670,0),(251,5671,0),(251,5672,0),(251,5673,0),(251,5674,0),(251,5675,0),(251,5676,0),(251,5677,0),(251,5678,0),(251,5679,0),(251,5680,0),(266,5680,0),(251,5681,0),(251,5682,0),(251,5683,0),(251,5684,0),(251,5685,0),(251,5686,0),(251,5687,0),(251,5688,0),(251,5689,0),(251,5690,0),(251,5691,0),(251,5692,0),(251,5693,0),(251,5694,0),(251,5695,0),(251,5696,0),(251,5697,0),(251,5698,0),(251,5699,0),(251,5700,0),(251,5701,0),(251,5702,0),(251,5703,0),(251,5704,0),(251,5705,0),(251,5706,0),(251,5707,0),(251,5708,0),(251,5709,0),(251,5710,0),(251,5711,0),(251,5712,0),(251,5713,1),(257,5713,1),(261,5713,1),(251,5714,1),(257,5714,1),(261,5714,1),(251,5715,0),(252,5716,0),(275,5716,0),(252,5717,0),(252,5718,0),(253,5719,0),(256,5719,0),(253,5720,0),(253,5721,0),(253,5722,0),(253,5723,0),(253,5724,0),(253,5725,0),(253,5726,0),(253,5727,0),(253,5728,0),(253,5729,0),(253,5730,1),(256,5730,1),(259,5730,1),(268,5730,1),(253,5731,1),(256,5731,1),(259,5731,1),(268,5731,1),(254,5732,0),(254,5733,0),(254,5734,0),(254,5735,0),(255,5736,0),(255,5737,0),(255,5738,0),(255,5739,0),(256,5740,0),(256,5741,0),(256,5742,0),(256,5743,0),(257,5744,0),(257,5745,0),(258,5746,0),(259,5747,0),(259,5748,0),(262,5748,0),(259,5749,0),(259,5750,0),(259,5751,0),(280,5751,0),(259,5752,0),(259,5753,0),(259,5754,0),(259,5755,0),(259,5756,0),(259,5757,0),(259,5758,0),(259,5759,0),(260,5760,0),(260,5761,0),(260,5762,0),(277,5762,0),(261,5763,0),(261,5764,0),(261,5765,0),(262,5766,0),(262,5767,0),(262,5768,0),(262,5769,0),(262,5770,0),(262,5771,0),(262,5772,0),(262,5773,0),(262,5774,0),(262,5775,0),(262,5776,0),(262,5777,0),(262,5778,0),(267,5778,0),(262,5779,0),(262,5780,0),(262,5781,0),(262,5782,0),(262,5783,0),(262,5784,0),(262,5785,0),(262,5786,0),(262,5787,0),(262,5788,0),(264,5789,0),(264,5790,0),(264,5791,0),(264,5792,0),(264,5793,0),(264,5794,0),(264,5795,0),(264,5796,0),(264,5797,0),(264,5798,0),(264,5799,0),(264,5800,0),(264,5801,0),(264,5802,0),(264,5803,0),(264,5804,0),(264,5805,0),(264,5806,0),(264,5807,0),(264,5808,0),(264,5809,0),(264,5810,0),(264,5811,0),(264,5812,0),(264,5813,0),(264,5814,0),(264,5815,0),(264,5816,0),(264,5817,0),(264,5818,0),(264,5819,0),(264,5820,0),(264,5821,0),(264,5822,0),(264,5823,0),(264,5824,0),(264,5825,0),(264,5826,0),(264,5827,0),(264,5828,0),(264,5829,0),(265,5830,0),(265,5831,0),(265,5832,0),(265,5833,0),(265,5834,0),(265,5835,0),(265,5836,0),(265,5837,0),(265,5838,0),(265,5839,0),(265,5840,0),(266,5841,0),(266,5842,0),(266,5843,0),(266,5844,0),(266,5845,0),(266,5846,0),(267,5846,0),(266,5847,0),(266,5848,0),(266,5849,0),(266,5850,0),(266,5851,0),(266,5852,0),(266,5853,0),(266,5854,0),(266,5855,0),(266,5856,0),(266,5857,0),(266,5858,0),(266,5859,0),(266,5860,0),(266,5861,0),(266,5862,0),(266,5863,0),(266,5864,0),(266,5865,0),(266,5866,0),(266,5867,0),(266,5868,0),(266,5869,0),(266,5870,0),(266,5871,0),(266,5872,0),(266,5873,0),(266,5874,0),(266,5875,0),(266,5876,0),(266,5877,0),(266,5878,0),(267,5879,0),(267,5880,0),(269,5880,0),(267,5881,0),(267,5882,0),(267,5883,0),(268,5884,0),(269,5885,0),(269,5886,0),(270,5887,0),(270,5888,0),(270,5889,0),(270,5890,0),(270,5891,0),(270,5892,0),(270,5893,0),(270,5894,0),(270,5895,0),(270,5896,0),(270,5897,0),(270,5898,0),(270,5899,0),(270,5900,0),(270,5901,0),(270,5902,0),(270,5903,0),(270,5904,0),(270,5905,0),(270,5906,0),(270,5907,0),(270,5908,0),(270,5909,0),(270,5910,0),(270,5911,0),(270,5912,0),(270,5913,0),(270,5914,0),(270,5915,0),(270,5916,0),(270,5917,0),(270,5918,0),(270,5919,0),(270,5920,0),(270,5921,0),(270,5922,0),(270,5923,0),(270,5924,0),(270,5925,0),(270,5926,0),(270,5927,1),(271,5928,0),(271,5929,0),(271,5930,0),(271,5931,0),(271,5932,0),(271,5933,0),(271,5934,0),(271,5935,0),(271,5936,0),(271,5937,0),(271,5938,0),(271,5939,0),(271,5940,0),(271,5941,0),(271,5942,0),(271,5943,0),(271,5944,0),(271,5945,0),(271,5946,0),(271,5947,0),(271,5948,0),(271,5949,0),(271,5950,0),(271,5951,0),(271,5952,0),(271,5953,0),(271,5954,0),(271,5955,0),(273,5955,0),(271,5956,0),(271,5957,0),(271,5958,0),(271,5959,0),(271,5960,0),(271,5961,0),(271,5962,0),(271,5963,0),(271,5964,0),(271,5965,0),(271,5966,0),(271,5967,0),(271,5968,0),(271,5969,0),(271,5970,0),(271,5971,0),(271,5972,0),(271,5973,0),(271,5974,0),(271,5975,0),(271,5976,0),(271,5977,0),(272,5978,0),(272,5979,0),(272,5980,0),(272,5981,0),(272,5982,0),(272,5983,0),(272,5984,0),(272,5985,0),(272,5986,0),(272,5987,0),(273,5988,0),(273,5989,0),(273,5990,0),(273,5991,0),(273,5992,0),(273,5993,0),(273,5994,0),(273,5995,0),(273,5996,0),(273,5997,0),(273,5998,0),(273,5999,0),(273,6000,0),(273,6001,0),(273,6002,0),(273,6003,0),(273,6004,0),(273,6005,0),(273,6006,0),(273,6007,0),(273,6008,0),(273,6009,0),(274,6010,0),(274,6011,0),(274,6012,0),(275,6012,0),(274,6013,0),(274,6014,0),(274,6015,0),(274,6016,0),(274,6017,0),(274,6018,0),(274,6019,0),(272,6020,0),(272,6021,0),(275,6022,0),(275,6023,0),(275,6024,0),(275,6025,0),(275,6026,0),(277,6026,0),(275,6027,0),(275,6028,0),(275,6029,0),(275,6030,0),(275,6031,0),(275,6032,0),(275,6033,0),(275,6034,0),(276,6034,0),(275,6035,0),(283,6035,0),(275,6036,0),(275,6037,0),(275,6038,0),(275,6039,0),(283,6039,0),(276,6040,0),(276,6041,0),(276,6042,0),(276,6043,0),(276,6044,0),(276,6045,0),(276,6046,0),(276,6047,0),(276,6048,0),(276,6049,0),(276,6050,0),(276,6051,0),(276,6052,0),(276,6053,0),(277,6054,0),(277,6055,0),(277,6056,0),(278,6057,0),(278,6058,0),(278,6059,0),(278,6060,0),(278,6061,0),(278,6062,0),(278,6063,0),(278,6064,0),(278,6065,0),(278,6066,0),(278,6067,0),(278,6068,0),(278,6069,0),(278,6070,0),(278,6071,0),(278,6072,0),(278,6073,0),(278,6074,0),(278,6075,0),(278,6076,0),(278,6077,0),(279,6078,0),(279,6079,0),(279,6080,0),(279,6081,0),(279,6082,0),(279,6083,0),(279,6084,0),(279,6085,0),(279,6086,0),(279,6087,0),(279,6088,0),(279,6089,0),(279,6090,0),(279,6091,0),(279,6092,0),(280,6093,0),(280,6094,0),(280,6095,0),(280,6096,0),(280,6097,0),(280,6098,0),(280,6099,0),(280,6100,0),(280,6101,0),(280,6102,0),(280,6103,0),(280,6104,0),(280,6105,0),(281,6106,0),(281,6107,0),(281,6108,0),(281,6109,0),(281,6110,0),(281,6111,0),(281,6112,0),(282,6113,0),(282,6114,0),(282,6115,0),(282,6116,0),(283,6117,0),(283,6118,0),(283,6119,0),(283,6120,0),(283,6121,0),(283,6122,0),(283,6123,0),(283,6124,0),(283,6125,0),(283,6126,0),(283,6127,0),(283,6128,0),(283,6129,0),(283,6130,0),(283,6131,0),(283,6132,0),(283,6133,0),(283,6134,0),(283,6135,0),(283,6136,0),(283,6137,0),(283,6138,0),(283,6139,0),(283,6140,0),(283,6141,0),(283,6142,0),(283,6143,0),(283,6144,0),(283,6145,0),(283,6146,0),(283,6147,0);
/*!40000 ALTER TABLE `phpbb_search_wordmatch` ENABLE KEYS */;
UNLOCK TABLES;

--
-- Table structure for table `phpbb_sessions`
--

DROP TABLE IF EXISTS `phpbb_sessions`;
/*!40101 SET @saved_cs_client     = @@character_set_client */;
/*!40101 SET character_set_client = utf8 */;
CREATE TABLE `phpbb_sessions` (
  `session_id` char(32) COLLATE utf8_bin NOT NULL DEFAULT '',
  `session_user_id` int(10) unsigned NOT NULL DEFAULT 0,
  `session_last_visit` int(11) unsigned NOT NULL DEFAULT 0,
  `session_start` int(11) unsigned NOT NULL DEFAULT 0,
  `session_time` int(11) unsigned NOT NULL DEFAULT 0,
  `session_ip` varchar(40) COLLATE utf8_bin NOT NULL DEFAULT '',
  `session_browser` varchar(150) COLLATE utf8_bin NOT NULL DEFAULT '',
  `session_forwarded_for` varchar(255) COLLATE utf8_bin NOT NULL DEFAULT '',
  `session_page` varchar(255) COLLATE utf8_bin NOT NULL DEFAULT '',
  `session_viewonline` tinyint(1) unsigned NOT NULL DEFAULT 1,
  `session_autologin` tinyint(1) unsigned NOT NULL DEFAULT 0,
  `session_admin` tinyint(1) unsigned NOT NULL DEFAULT 0,
  `session_forum_id` mediumint(8) unsigned NOT NULL DEFAULT 0,
  PRIMARY KEY (`session_id`),
  KEY `session_time` (`session_time`),
  KEY `session_user_id` (`session_user_id`),
  KEY `session_fid` (`session_forum_id`)
) ENGINE=InnoDB DEFAULT CHARSET=utf8 COLLATE=utf8_bin;
/*!40101 SET character_set_client = @saved_cs_client */;

--
-- Dumping data for table `phpbb_sessions`
--

LOCK TABLES `phpbb_sessions` WRITE;
/*!40000 ALTER TABLE `phpbb_sessions` DISABLE KEYS */;
INSERT INTO `phpbb_sessions` VALUES ('099655ab37c6dc280c4b12bfb6254028',1,1653621408,1653621408,1653621408,'20.203.145.216','Mozilla/5.0 (Linux; U; Android 4.4.2; en-US; HM NOTE 1W Build/KOT49H) AppleWebKit/534.30 (KHTML, like Gecko) Version/4.0 UCBrowser/11.0.5.850 U3/0.8.','','index.php',1,0,0,0),('149f617087c26ee262894b631d9523a8',1,1653638520,1653638520,1653638520,'95.108.213.64','Mozilla/5.0 (compatible; YandexBot/3.0; +http://yandex.com/bots)','','memberlist.php?mode=contactadmin',1,0,0,0),('204d828986568f4d7b7b4ca324be5c85',1,1653638507,1653638507,1653638507,'5.255.253.110','Mozilla/5.0 (compatible; YandexBot/3.0; +http://yandex.com/bots)','','index.php',1,0,0,0),('28c44462a5b635522c34572866fb5735',1,1653560507,1653560507,1653560507,'141.8.142.66','Mozilla/5.0 (compatible; YandexBot/3.0; +http://yandex.com/bots)','','app.php/robots.txt',1,0,0,0),('5504c57e4084b15e88144c31a5a2310a',63,1652252192,1653309656,1653477555,'85.221.240.2','Mozilla/5.0 (Windows NT 10.0; Win64; x64; rv:100.0) Gecko/20100101 Firefox/100.0','','index.php',1,1,0,0),('587a909ca56af562b0a2299af1741103',1,1653586798,1653586798,1653586798,'176.53.220.252','Mozilla/5.0 (Windows NT 10.0; Win64; x64) AppleWebKit/537.36 (KHTML, like Gecko) Chrome/94.0.4606.61 Safari/537.36','','index.php',1,0,0,0),('648de0adf2c3b5a93ac4c0a3ec26209c',1,1653638509,1653638509,1653638509,'213.180.203.62','Mozilla/5.0 (compatible; YandexBot/3.0; +http://yandex.com/bots)','','app.php/feed/topics',1,0,0,0),('76d225ded967828092ea46a83725d09c',1,1653539250,1653539250,1653539250,'185.81.158.130','Mozilla/5.0 (X11; Linux x86_64) AppleWebKit/537.36 (KHTML, like Gecko) Chrome/81.0.4044.129 Safari/537.36','','index.php',1,0,0,0),('824fe781d59d408d3db2ef65189534a2',1,1653502495,1653502495,1653502495,'5.255.231.249','Mozilla/5.0 (compatible; YandexBot/3.0; +http://yandex.com/bots)','','app.php/robots.txt',1,0,0,0),('899aeb084334412ad31e19c846520e3a',1,1653638503,1653638503,1653638503,'5.45.207.138','Mozilla/5.0 (compatible; YandexBot/3.0; +http://yandex.com/bots)','','app.php/user/forgot_password',1,0,0,0),('94a13d97b36ab34a090202a4b935f3be',1,1653505015,1653505015,1653505015,'87.250.224.126','Mozilla/5.0 (compatible; YandexBot/3.0; +http://yandex.com/bots)','','app.php/admin/index.php?lang=ru',1,0,0,0),('9d22027af09048f3271c0dafb7a76e0c',1,1653638522,1653638522,1653638522,'5.255.253.157','Mozilla/5.0 (compatible; YandexBot/3.0; +http://yandex.com/bots)','','memberlist.php?mode=contactadmin',1,0,0,0),('a4102b19a4bfb528a6c75fdd73abf378',1,1653560510,1653560510,1653560510,'5.255.253.181','Mozilla/5.0 (compatible; YandexBot/3.0; +http://yandex.com/bots)','','viewforum.php?f=13',1,0,0,13),('ababefc58880de95723360deae2b9ade',1,1653610033,1653610033,1653610033,'87.250.224.51','Mozilla/5.0 (compatible; YandexBot/3.0; +http://yandex.com/bots)','','viewtopic.php?t=1&view=print',1,0,0,0),('cc6797cc6759d10e1a3caa360d464136',1,1653539369,1653539369,1653539369,'185.81.158.130','Mozilla/5.0 (X11; Linux x86_64) AppleWebKit/537.36 (KHTML, like Gecko) Chrome/81.0.4044.129 Safari/537.36','','index.php',1,0,0,0),('cd33ac17bfd4d4b5246ae7d40a9ddcd1',1,1653633225,1653633225,1653633225,'141.8.142.75','Mozilla/5.0 (compatible; YandexBot/3.0; +http://yandex.com/bots)','','app.php/robots.txt',1,0,0,0),('d112f259811c0fe3ea98188f95b132e9',1,1653638511,1653638511,1653638511,'5.255.253.123','Mozilla/5.0 (compatible; YandexBot/3.0; +http://yandex.com/bots)','','app.php/feed',1,0,0,0),('d242e03faf3965150c0a61e23301fa4b',1,1653582898,1653582898,1653582898,'87.250.224.111','Mozilla/5.0 (compatible; YandexBot/3.0; +http://yandex.com/bots)','','index.php',1,0,0,0),('d4c64b2edf36b7c8c515fcf8318f1ed9',1,1653582895,1653582895,1653582895,'87.250.224.51','Mozilla/5.0 (compatible; YandexBot/3.0; +http://yandex.com/bots)','','app.php/robots.txt',1,0,0,0),('d5114564f799bfd6057014652e10ed2c',1,1653638504,1653638504,1653638504,'87.250.224.35','Mozilla/5.0 (compatible; YandexBot/3.0; +http://yandex.com/bots)','','app.php/help/faq',1,0,0,0),('d8661b481b446042f50d77cf9e086078',1,1653638206,1653638206,1653638206,'46.53.180.74','Mozilla/5.0 (Windows NT 10.0; Win64; x64) AppleWebKit/537.36 (KHTML, like Gecko) Chrome/100.0.4896.143 YaBrowser/22.5.0.1814 Yowser/2.5 Safari/537.36','','index.php',1,0,0,0),('dd0030a34e13c2be6f8126e7e9dab77e',1,1653638238,1653638238,1653638238,'5.45.207.143','Mozilla/5.0 (compatible; YandexBot/3.0; +http://yandex.com/bots)','','index.php',1,0,0,0),('e8445eb8c4ef6709527144b35db2f530',1,1653637609,1653637609,1653637609,'5.45.207.94','Mozilla/5.0 (compatible; YandexFavicons/1.0; +http://yandex.com/bots)','','app.php/pluginfile.php/1/theme_trema/favicon/1629179363/favicon.png',1,0,0,0),('ecca350a6db5c5b0be7458a1e4b29013',1,1653502498,1653502498,1653502498,'5.45.207.143','Mozilla/5.0 (compatible; YandexBot/3.0; +http://yandex.com/bots)','','app.php/admin/search.php?lang=en&query',1,0,0,0),('f670c6d28f360d0df3d20a187089af72',1,1653633228,1653633228,1653633228,'5.45.207.154','Mozilla/5.0 (compatible; YandexBot/3.0; +http://yandex.com/bots)','','viewforum.php?f=2',1,0,0,2),('fa49a8cf4cdf0a2df7417055a0929482',1,1653610030,1653610030,1653610030,'5.255.253.162','Mozilla/5.0 (compatible; YandexBot/3.0; +http://yandex.com/bots)','','app.php/robots.txt',1,0,0,0);
/*!40000 ALTER TABLE `phpbb_sessions` ENABLE KEYS */;
UNLOCK TABLES;

--
-- Table structure for table `phpbb_sessions_keys`
--

DROP TABLE IF EXISTS `phpbb_sessions_keys`;
/*!40101 SET @saved_cs_client     = @@character_set_client */;
/*!40101 SET character_set_client = utf8 */;
CREATE TABLE `phpbb_sessions_keys` (
  `key_id` char(32) COLLATE utf8_bin NOT NULL DEFAULT '',
  `user_id` int(10) unsigned NOT NULL DEFAULT 0,
  `last_ip` varchar(40) COLLATE utf8_bin NOT NULL DEFAULT '',
  `last_login` int(11) unsigned NOT NULL DEFAULT 0,
  PRIMARY KEY (`key_id`,`user_id`),
  KEY `last_login` (`last_login`)
) ENGINE=InnoDB DEFAULT CHARSET=utf8 COLLATE=utf8_bin;
/*!40101 SET character_set_client = @saved_cs_client */;

--
-- Dumping data for table `phpbb_sessions_keys`
--

LOCK TABLES `phpbb_sessions_keys` WRITE;
/*!40000 ALTER TABLE `phpbb_sessions_keys` DISABLE KEYS */;
INSERT INTO `phpbb_sessions_keys` VALUES ('16c81095cf122ee0aeb778d6b5e43e4f',61,'185.153.39.80',1649870645),('322c6cccbdfcb2a98e2dd3c70f9afefd',61,'185.153.39.80',1650008360),('3e6f37159a2dded748ae9d3e6e4c6afe',61,'185.153.39.80',1650449103),('3e6fb0e3f15a0c2072b9ca495e2db320',61,'185.153.39.80',1652117588),('67381cfa16e5248f1b6d61ab37150284',63,'85.221.240.2',1653309656),('8b2d1066c13c0bd24a83b164f1d7bf41',61,'185.153.39.80',1652267554),('8bf4117d1c710e86885cd381dd454264',61,'185.153.39.80',1651061867),('9dd9c46b7e3ad1622dc8b6506ddc0f57',61,'185.153.39.80',1652707557),('a1486ee64d1c6f426dc8095c235b57da',61,'185.153.39.80',1651315151),('c7ee3efc57ed336da215608a239cd123',61,'185.153.39.80',1649832616),('d2bbca99a49cad3d50d8ebadd898c3b1',61,'94.232.216.242',1652345762);
/*!40000 ALTER TABLE `phpbb_sessions_keys` ENABLE KEYS */;
UNLOCK TABLES;

--
-- Table structure for table `phpbb_sitelist`
--

DROP TABLE IF EXISTS `phpbb_sitelist`;
/*!40101 SET @saved_cs_client     = @@character_set_client */;
/*!40101 SET character_set_client = utf8 */;
CREATE TABLE `phpbb_sitelist` (
  `site_id` mediumint(8) unsigned NOT NULL AUTO_INCREMENT,
  `site_ip` varchar(40) COLLATE utf8_bin NOT NULL DEFAULT '',
  `site_hostname` varchar(255) COLLATE utf8_bin NOT NULL DEFAULT '',
  `ip_exclude` tinyint(1) unsigned NOT NULL DEFAULT 0,
  PRIMARY KEY (`site_id`)
) ENGINE=InnoDB DEFAULT CHARSET=utf8 COLLATE=utf8_bin;
/*!40101 SET character_set_client = @saved_cs_client */;

--
-- Dumping data for table `phpbb_sitelist`
--

LOCK TABLES `phpbb_sitelist` WRITE;
/*!40000 ALTER TABLE `phpbb_sitelist` DISABLE KEYS */;
/*!40000 ALTER TABLE `phpbb_sitelist` ENABLE KEYS */;
UNLOCK TABLES;

--
-- Table structure for table `phpbb_smilies`
--

DROP TABLE IF EXISTS `phpbb_smilies`;
/*!40101 SET @saved_cs_client     = @@character_set_client */;
/*!40101 SET character_set_client = utf8 */;
CREATE TABLE `phpbb_smilies` (
  `smiley_id` mediumint(8) unsigned NOT NULL AUTO_INCREMENT,
  `code` varchar(50) COLLATE utf8_bin NOT NULL DEFAULT '',
  `emotion` varchar(255) COLLATE utf8_bin NOT NULL DEFAULT '',
  `smiley_url` varchar(50) COLLATE utf8_bin NOT NULL DEFAULT '',
  `smiley_width` smallint(4) unsigned NOT NULL DEFAULT 0,
  `smiley_height` smallint(4) unsigned NOT NULL DEFAULT 0,
  `smiley_order` mediumint(8) unsigned NOT NULL DEFAULT 0,
  `display_on_posting` tinyint(1) unsigned NOT NULL DEFAULT 1,
  PRIMARY KEY (`smiley_id`),
  KEY `display_on_post` (`display_on_posting`)
) ENGINE=InnoDB AUTO_INCREMENT=43 DEFAULT CHARSET=utf8 COLLATE=utf8_bin;
/*!40101 SET character_set_client = @saved_cs_client */;

--
-- Dumping data for table `phpbb_smilies`
--

LOCK TABLES `phpbb_smilies` WRITE;
/*!40000 ALTER TABLE `phpbb_smilies` DISABLE KEYS */;
INSERT INTO `phpbb_smilies` VALUES (1,':D','Very Happy','icon_e_biggrin.gif',15,17,1,1),(2,':-D','Very Happy','icon_e_biggrin.gif',15,17,2,1),(3,':grin:','Very Happy','icon_e_biggrin.gif',15,17,3,1),(4,':)','Smile','icon_e_smile.gif',15,17,4,1),(5,':-)','Smile','icon_e_smile.gif',15,17,5,1),(6,':smile:','Smile','icon_e_smile.gif',15,17,6,1),(7,';)','Wink','icon_e_wink.gif',15,17,7,1),(8,';-)','Wink','icon_e_wink.gif',15,17,8,1),(9,':wink:','Wink','icon_e_wink.gif',15,17,9,1),(10,':(','Sad','icon_e_sad.gif',15,17,10,1),(11,':-(','Sad','icon_e_sad.gif',15,17,11,1),(12,':sad:','Sad','icon_e_sad.gif',15,17,12,1),(13,':o','Surprised','icon_e_surprised.gif',15,17,13,1),(14,':-o','Surprised','icon_e_surprised.gif',15,17,14,1),(15,':eek:','Surprised','icon_e_surprised.gif',15,17,15,1),(16,':shock:','Shocked','icon_eek.gif',15,17,16,1),(17,':?','Confused','icon_e_confused.gif',15,17,17,1),(18,':-?','Confused','icon_e_confused.gif',15,17,18,1),(19,':???:','Confused','icon_e_confused.gif',15,17,19,1),(20,'8-)','Cool','icon_cool.gif',15,17,20,1),(21,':cool:','Cool','icon_cool.gif',15,17,21,1),(22,':lol:','Laughing','icon_lol.gif',15,17,22,1),(23,':x','Mad','icon_mad.gif',15,17,23,1),(24,':-x','Mad','icon_mad.gif',15,17,24,1),(25,':mad:','Mad','icon_mad.gif',15,17,25,1),(26,':P','Razz','icon_razz.gif',15,17,26,1),(27,':-P','Razz','icon_razz.gif',15,17,27,1),(28,':razz:','Razz','icon_razz.gif',15,17,28,1),(29,':oops:','Embarrassed','icon_redface.gif',15,17,29,1),(30,':cry:','Crying or Very Sad','icon_cry.gif',15,17,30,1),(31,':evil:','Evil or Very Mad','icon_evil.gif',15,17,31,1),(32,':twisted:','Twisted Evil','icon_twisted.gif',15,17,32,1),(33,':roll:','Rolling Eyes','icon_rolleyes.gif',15,17,33,1),(34,':!:','Exclamation','icon_exclaim.gif',15,17,34,1),(35,':?:','Question','icon_question.gif',15,17,35,1),(36,':idea:','Idea','icon_idea.gif',15,17,36,1),(37,':arrow:','Arrow','icon_arrow.gif',15,17,37,1),(38,':|','Neutral','icon_neutral.gif',15,17,38,1),(39,':-|','Neutral','icon_neutral.gif',15,17,39,1),(40,':mrgreen:','Mr. Green','icon_mrgreen.gif',15,17,40,1),(41,':geek:','Geek','icon_e_geek.gif',17,17,41,1),(42,':ugeek:','Uber Geek','icon_e_ugeek.gif',17,18,42,1);
/*!40000 ALTER TABLE `phpbb_smilies` ENABLE KEYS */;
UNLOCK TABLES;

--
-- Table structure for table `phpbb_styles`
--

DROP TABLE IF EXISTS `phpbb_styles`;
/*!40101 SET @saved_cs_client     = @@character_set_client */;
/*!40101 SET character_set_client = utf8 */;
CREATE TABLE `phpbb_styles` (
  `style_id` mediumint(8) unsigned NOT NULL AUTO_INCREMENT,
  `style_name` varchar(255) COLLATE utf8_bin NOT NULL DEFAULT '',
  `style_copyright` varchar(255) COLLATE utf8_bin NOT NULL DEFAULT '',
  `style_active` tinyint(1) unsigned NOT NULL DEFAULT 1,
  `style_path` varchar(100) COLLATE utf8_bin NOT NULL DEFAULT '',
  `bbcode_bitfield` varchar(255) COLLATE utf8_bin NOT NULL DEFAULT 'kNg=',
  `style_parent_id` int(4) unsigned NOT NULL DEFAULT 0,
  `style_parent_tree` text COLLATE utf8_bin NOT NULL,
  PRIMARY KEY (`style_id`),
  UNIQUE KEY `style_name` (`style_name`)
) ENGINE=InnoDB AUTO_INCREMENT=3 DEFAULT CHARSET=utf8 COLLATE=utf8_bin;
/*!40101 SET character_set_client = @saved_cs_client */;

--
-- Dumping data for table `phpbb_styles`
--

LOCK TABLES `phpbb_styles` WRITE;
/*!40000 ALTER TABLE `phpbb_styles` DISABLE KEYS */;
INSERT INTO `phpbb_styles` VALUES (1,'prosilver','&copy; phpBB Limited',1,'prosilver','//g=',0,''),(2,'we_clearblue',' INVENTEA,  nextgen, 2021',1,'we_clearblue','//g=',1,'prosilver');
/*!40000 ALTER TABLE `phpbb_styles` ENABLE KEYS */;
UNLOCK TABLES;

--
-- Table structure for table `phpbb_teampage`
--

DROP TABLE IF EXISTS `phpbb_teampage`;
/*!40101 SET @saved_cs_client     = @@character_set_client */;
/*!40101 SET character_set_client = utf8 */;
CREATE TABLE `phpbb_teampage` (
  `teampage_id` mediumint(8) unsigned NOT NULL AUTO_INCREMENT,
  `group_id` mediumint(8) unsigned NOT NULL DEFAULT 0,
  `teampage_name` varchar(255) COLLATE utf8_bin NOT NULL DEFAULT '',
  `teampage_position` mediumint(8) unsigned NOT NULL DEFAULT 0,
  `teampage_parent` mediumint(8) unsigned NOT NULL DEFAULT 0,
  PRIMARY KEY (`teampage_id`)
) ENGINE=InnoDB AUTO_INCREMENT=3 DEFAULT CHARSET=utf8 COLLATE=utf8_bin;
/*!40101 SET character_set_client = @saved_cs_client */;

--
-- Dumping data for table `phpbb_teampage`
--

LOCK TABLES `phpbb_teampage` WRITE;
/*!40000 ALTER TABLE `phpbb_teampage` DISABLE KEYS */;
INSERT INTO `phpbb_teampage` VALUES (1,5,'',1,0),(2,4,'',2,0);
/*!40000 ALTER TABLE `phpbb_teampage` ENABLE KEYS */;
UNLOCK TABLES;

--
-- Table structure for table `phpbb_topics`
--

DROP TABLE IF EXISTS `phpbb_topics`;
/*!40101 SET @saved_cs_client     = @@character_set_client */;
/*!40101 SET character_set_client = utf8 */;
CREATE TABLE `phpbb_topics` (
  `topic_id` int(10) unsigned NOT NULL AUTO_INCREMENT,
  `forum_id` mediumint(8) unsigned NOT NULL DEFAULT 0,
  `icon_id` mediumint(8) unsigned NOT NULL DEFAULT 0,
  `topic_attachment` tinyint(1) unsigned NOT NULL DEFAULT 0,
  `topic_reported` tinyint(1) unsigned NOT NULL DEFAULT 0,
  `topic_title` varchar(255) CHARACTER SET utf8 COLLATE utf8_unicode_ci NOT NULL DEFAULT '',
  `topic_poster` int(10) unsigned NOT NULL DEFAULT 0,
  `topic_time` int(11) unsigned NOT NULL DEFAULT 0,
  `topic_time_limit` int(11) unsigned NOT NULL DEFAULT 0,
  `topic_views` mediumint(8) unsigned NOT NULL DEFAULT 0,
  `topic_status` tinyint(3) NOT NULL DEFAULT 0,
  `topic_type` tinyint(3) NOT NULL DEFAULT 0,
  `topic_first_post_id` int(10) unsigned NOT NULL DEFAULT 0,
  `topic_first_poster_name` varchar(255) CHARACTER SET utf8 COLLATE utf8_unicode_ci NOT NULL DEFAULT '',
  `topic_first_poster_colour` varchar(6) COLLATE utf8_bin NOT NULL DEFAULT '',
  `topic_last_post_id` int(10) unsigned NOT NULL DEFAULT 0,
  `topic_last_poster_id` int(10) unsigned NOT NULL DEFAULT 0,
  `topic_last_poster_name` varchar(255) COLLATE utf8_bin NOT NULL DEFAULT '',
  `topic_last_poster_colour` varchar(6) COLLATE utf8_bin NOT NULL DEFAULT '',
  `topic_last_post_subject` varchar(255) COLLATE utf8_bin NOT NULL DEFAULT '',
  `topic_last_post_time` int(11) unsigned NOT NULL DEFAULT 0,
  `topic_last_view_time` int(11) unsigned NOT NULL DEFAULT 0,
  `topic_moved_id` int(10) unsigned NOT NULL DEFAULT 0,
  `topic_bumped` tinyint(1) unsigned NOT NULL DEFAULT 0,
  `topic_bumper` mediumint(8) unsigned NOT NULL DEFAULT 0,
  `poll_title` varchar(255) COLLATE utf8_bin NOT NULL DEFAULT '',
  `poll_start` int(11) unsigned NOT NULL DEFAULT 0,
  `poll_length` int(11) unsigned NOT NULL DEFAULT 0,
  `poll_max_options` tinyint(4) NOT NULL DEFAULT 1,
  `poll_last_vote` int(11) unsigned NOT NULL DEFAULT 0,
  `poll_vote_change` tinyint(1) unsigned NOT NULL DEFAULT 0,
  `topic_visibility` tinyint(3) NOT NULL DEFAULT 0,
  `topic_delete_time` int(11) unsigned NOT NULL DEFAULT 0,
  `topic_delete_reason` varchar(255) COLLATE utf8_bin NOT NULL DEFAULT '',
  `topic_delete_user` int(10) unsigned NOT NULL DEFAULT 0,
  `topic_posts_approved` mediumint(8) unsigned NOT NULL DEFAULT 0,
  `topic_posts_unapproved` mediumint(8) unsigned NOT NULL DEFAULT 0,
  `topic_posts_softdeleted` mediumint(8) unsigned NOT NULL DEFAULT 0,
  PRIMARY KEY (`topic_id`),
  KEY `forum_id` (`forum_id`),
  KEY `forum_id_type` (`forum_id`,`topic_type`),
  KEY `last_post_time` (`topic_last_post_time`),
  KEY `fid_time_moved` (`forum_id`,`topic_last_post_time`,`topic_moved_id`),
  KEY `topic_visibility` (`topic_visibility`),
  KEY `forum_vis_last` (`forum_id`,`topic_visibility`,`topic_last_post_id`),
  KEY `latest_topics` (`forum_id`,`topic_last_post_time`,`topic_last_post_id`,`topic_moved_id`)
) ENGINE=InnoDB AUTO_INCREMENT=79 DEFAULT CHARSET=utf8 COLLATE=utf8_bin;
/*!40101 SET character_set_client = @saved_cs_client */;

--
-- Dumping data for table `phpbb_topics`
--

LOCK TABLES `phpbb_topics` WRITE;
/*!40000 ALTER TABLE `phpbb_topics` DISABLE KEYS */;
INSERT INTO `phpbb_topics` VALUES (3,5,1,0,0,'Cykl Technology Features',58,1649249242,0,6,0,0,3,'Damian Jakubik','',3,58,'Damian Jakubik','','Cykl Technology Features',1649249242,1649371350,0,0,0,'',0,0,1,0,0,1,0,'',0,1,0,0),(4,5,7,0,0,'Cykl Sprzedawcy',58,1649249545,0,9,0,0,4,'Damian Jakubik','',4,58,'Damian Jakubik','','Cykl Sprzedawcy',1649249545,1649702287,0,0,0,'',0,0,0,0,0,1,0,'',0,1,0,0),(5,23,0,0,0,'7-9.06.2022 [MIL] UDT Rotterdam, Holandia',58,1649250325,0,60,0,1,5,'Damian Jakubik','',232,61,'Beata Sotys','','Re: 7-9.06.2022 [MIL] UDT Rotterdam, Holandia',1651219493,1652097704,0,0,0,'',0,0,0,0,0,1,0,'',0,8,0,0),(6,20,0,1,0,'GO! - scenariusz filmu',58,1649250592,0,85,0,0,6,'Damian Jakubik','',278,63,'Witold Hoffmann','','Re: GO! - scenariusz filmu',1652171718,1652205278,0,0,0,'',0,0,1,0,0,1,0,'',0,20,0,0),(7,41,0,1,0,'Sugestie, pomysy, zgoszenia',58,1649250753,0,70,0,0,7,'Damian Jakubik','',281,58,'Damian Jakubik','','Re: Sugestie, pomysy, zgoszenia',1652175159,1652711930,0,0,0,'',0,0,1,0,0,1,0,'',0,12,0,0),(8,5,7,0,0,'Cykl Ambasadorzy',58,1649251068,0,8,0,0,8,'Damian Jakubik','',8,58,'Damian Jakubik','','Cykl Ambasadorzy',1649251068,1650734405,0,0,0,'',0,0,0,0,0,1,0,'',0,1,0,0),(9,31,9,0,0,'Czy potrzebujemy nowych kanaw SM?',58,1649267233,0,16,0,0,9,'Damian Jakubik','',9,58,'Damian Jakubik','','Czy potrzebujemy nowych kanaw SM?',1649267233,1650960463,0,0,0,'<t>Jaki nowy kana Social Media powinnmy wdroy</t>',1649267233,0,1,1649399566,0,1,0,'',0,1,0,0),(12,31,0,1,0,'Godne uwagi tematy',58,1649267808,0,55,0,0,12,'Damian Jakubik','',254,58,'Damian Jakubik','','Re: Godne uwagi tematy',1651948513,1652118642,0,0,0,'',0,0,1,0,0,1,0,'',0,10,0,0),(13,9,0,0,0,'Aktualizacja produktw',58,1649267890,0,7,0,0,13,'Damian Jakubik','',13,58,'Damian Jakubik','','Aktualizacja produktw',1649267890,1649344404,0,0,0,'',0,0,1,0,0,1,0,'',0,1,0,0),(14,9,0,0,0,'Aktualizacja wydarze',58,1649268020,0,3,0,0,14,'Damian Jakubik','',14,58,'Damian Jakubik','','Aktualizacja wydarze',1649268020,1649833677,0,0,0,'',0,0,1,0,0,1,0,'',0,1,0,0),(16,9,0,0,0,'Aktualizacja zakadki MIL',58,1649268751,0,7,0,0,16,'Damian Jakubik','',244,58,'Damian Jakubik','','Re: Aktualizacja zakadki MIL',1651644530,1651848906,0,0,0,'',0,0,0,0,0,1,0,'',0,2,0,0),(17,10,0,0,0,'Zmiana moduu newsy',58,1649268940,0,2,0,0,17,'Damian Jakubik','',17,58,'Damian Jakubik','','Zmiana moduu newsy',1649268940,1649430911,0,0,0,'',0,0,1,0,0,1,0,'',0,1,0,0),(18,15,0,0,0,'Tematy na Business Update MIL',58,1649269260,0,38,0,0,18,'Damian Jakubik','',246,58,'Damian Jakubik','','Re: Tematy na Business Update MIL',1651645208,1652164861,0,0,0,'',0,0,0,0,0,1,0,'',0,8,0,0),(19,14,0,0,0,'Tematy na Business Update REC',58,1649269314,0,4,0,0,19,'Damian Jakubik','',19,58,'Damian Jakubik','','Tematy na Business Update REC',1649269314,1651644825,0,0,0,'',0,0,1,0,0,1,0,'',0,1,0,0),(20,43,8,0,0,'Kalendarz wydarze - co, gdzie i kiedy',58,1649269798,0,8,0,0,20,'Damian Jakubik','',20,58,'Damian Jakubik','','Kalendarz wydarze - co, gdzie i kiedy',1649269798,1650977349,0,0,0,'',0,0,0,0,0,1,0,'',0,1,0,0),(21,43,0,0,0,'CaveCamp Mexico 2022',60,1649314934,0,16,0,0,22,'Paulina lzak','',30,60,'Paulina lzak','','Re: CaveCamp Mexico 2022',1649334661,1649412374,0,0,0,'',0,0,1,0,0,1,0,'',0,3,0,0),(22,18,0,0,0,'Karty katalogowe',58,1649320975,0,79,0,0,25,'Damian Jakubik','',226,60,'Paulina lzak','','Re: Karty katalogowe',1651217469,1651260679,0,0,0,'',0,0,0,0,0,1,0,'',0,16,0,0),(23,9,0,0,0,'Jzyk koreaski',58,1649322338,0,6,0,0,26,'Damian Jakubik','',26,58,'Damian Jakubik','','Jzyk koreaski',1649322338,1649430883,0,0,0,'',0,0,1,0,0,1,0,'',0,1,0,0),(24,28,0,0,0,'Zdjcia i materiay',63,1649323093,0,28,0,0,27,'Witold Hoffmann','',247,58,'Damian Jakubik','','Re: Zdjcia i materiay',1651649813,1652173791,0,0,0,'',0,0,1,0,0,1,0,'',0,5,0,0),(25,10,0,0,0,'Bdy, nie dziaajce linki',58,1649398683,0,42,0,0,31,'Damian Jakubik','',101,63,'Witold Hoffmann','','Re: Bdy, nie dziaajce linki',1649940342,1651083315,0,0,0,'',0,0,1,0,0,1,0,'',0,8,0,0),(26,44,0,0,0,'Kartownik',58,1649407938,0,11,0,0,33,'Damian Jakubik','',154,61,'Beata Sotys','','Re: Kartownik',1650623800,1650900742,0,0,0,'',0,0,1,0,0,1,0,'',0,2,0,0),(27,23,0,0,0,'21.04.2022 [MIL] Event Gearpoint',63,1649660113,0,64,1,0,43,'Witold Hoffmann','',153,61,'Beata Sotys','','Re: Event Gearpoint 21.04',1650622763,1651487406,0,0,0,'',0,0,0,0,0,1,0,'',0,12,0,0),(28,21,0,0,0,'RENDERY',61,1649674842,0,9,0,0,50,'Beata Sotys','',51,58,'Damian Jakubik','','Re: RENDERY',1649676913,1649790765,0,0,0,'',0,0,1,0,0,1,0,'',0,2,0,0),(29,26,0,1,0,'14-15.05.22 Nurkowe Demo Days Jaworzno, Koparki',58,1649743251,0,61,0,0,53,'Damian Jakubik','',218,58,'Damian Jakubik','','Re: 14-15.05.22 Nurkowe Demo Days Jaworzno, Koparki',1651132538,1651641498,0,0,0,'',0,0,0,0,0,1,0,'',0,12,0,0),(30,45,0,0,0,'Uchwyt na kamer',58,1649745136,0,12,0,0,54,'Damian Jakubik','',68,61,'Beata Sotys','','Re: Uchwyt na kamer',1649766183,1652173841,0,0,0,'',0,0,1,0,0,1,0,'',0,3,0,0),(31,46,0,0,0,'Obcienie elektroniczne',58,1649749208,0,19,0,0,56,'Damian Jakubik','',134,63,'Witold Hoffmann','','Re: Obcienie elektroniczne',1650369636,1650623971,0,0,0,'',0,0,0,0,0,1,0,'',0,5,0,0),(32,21,0,0,0,'Zdjcia produktowe- paczka, materiay marketingowe',63,1649754914,0,11,0,0,57,'Witold Hoffmann','',76,61,'Beata Sotys','','Re: Zdjcia produktowe- paczka, materiay marketingowe',1649835097,1652160879,0,0,0,'',0,0,1,0,0,1,0,'',0,2,0,0),(33,40,0,1,0,'Cennik - 12.04.2022',61,1649833325,0,15,0,0,73,'Beata Sotys','',148,60,'Paulina lzak','','Re: Cennik - 12.04.2022',1650545618,1650972751,0,0,0,'',0,0,1,0,0,1,0,'',0,4,0,0),(34,9,0,1,0,'Aktualizacja newsw',58,1649834081,0,12,0,0,74,'Damian Jakubik','',85,58,'Damian Jakubik','','Re: Aktualizacja newsw',1649851726,1651083241,0,0,0,'',0,0,1,0,0,1,0,'',0,4,0,0),(35,42,0,0,0,'Brandbook MIL ENG',58,1649838746,0,7,0,0,78,'Damian Jakubik','',78,58,'Damian Jakubik','','Brandbook MIL ENG',1649838746,1650353381,0,0,0,'',0,0,1,0,0,1,0,'',0,1,0,0),(36,28,0,0,0,'Premiera - Korea',63,1649850248,0,5,0,0,81,'Witold Hoffmann','',81,63,'Witold Hoffmann','','Premiera - Korea',1649850248,1650348268,0,0,0,'',0,0,1,0,0,1,0,'',0,1,0,0),(37,19,0,0,0,'Ulotka/flyer ENC3',58,1649921941,0,5,0,0,96,'Damian Jakubik','',97,61,'Beata Sotys','','Re: Ulotka/flyer ENC3',1649924770,1649964771,0,0,0,'',0,0,1,0,0,1,0,'',0,2,0,0),(38,23,0,0,0,'Japonia',63,1649937371,0,11,0,0,99,'Witold Hoffmann','',107,60,'Paulina lzak','','Re: Japonia',1650011948,1651825560,0,0,0,'',0,0,1,0,0,1,0,'',0,2,0,0),(39,23,0,0,0,'Nowa Zelandia',63,1649938312,0,7,0,0,100,'Witold Hoffmann','',106,60,'Paulina lzak','','Re: Nowa Zelandia',1650011926,1650023349,0,0,0,'',0,0,1,0,0,1,0,'',0,2,0,0),(40,31,0,1,0,'Najlepszy czas na publiakcj w SM',58,1650001440,0,19,0,0,103,'Damian Jakubik','',109,58,'Damian Jakubik','','Re: Najlepszy czas na publiakcj w SM',1650014137,1650627728,0,0,0,'',0,0,0,0,0,1,0,'',0,3,0,0),(41,50,0,1,0,'Podrbki, kopie, plagiaty naszego sprztu itp',58,1650002649,0,21,0,0,104,'Damian Jakubik','',104,58,'Damian Jakubik','','Podrbki, kopie, plagiaty naszego sprztu itp',1650002649,1650039222,0,0,0,'',0,0,0,0,0,1,0,'',0,1,0,0),(42,21,0,1,0,'Banner Tarnobrzeg',58,1650013542,0,29,0,0,108,'Damian Jakubik','',142,60,'Paulina lzak','','Re: Banner Tarnobrzeg',1650436115,1651083327,0,0,0,'',0,0,1,0,0,1,0,'',0,6,0,0),(43,51,0,0,0,'Platforma ENC3M gen.II',58,1650354229,0,5,0,0,120,'Damian Jakubik','',120,58,'Damian Jakubik','','Platforma ENC3M gen.II',1650354229,1651218028,0,0,0,'',0,0,1,0,0,1,0,'',0,1,0,0),(44,21,0,0,0,'Foldery do udostpnienia - struktura',61,1650356674,0,17,0,0,122,'Beata Sotys','',135,63,'Witold Hoffmann','','Re: Foldery do udostpnienia - struktura',1650369694,1650457052,0,0,0,'',0,0,1,0,0,1,0,'',0,5,0,0),(45,21,0,0,0,'Wytyczne wystawiania si na targach - przewodnik, poradnik',63,1650357298,0,4,0,0,125,'Witold Hoffmann','',125,63,'Witold Hoffmann','','Wytyczne wystawiania si na targach - przewodnik, poradnik',1650357298,1650436073,0,0,0,'',0,0,1,0,0,1,0,'',0,1,0,0),(46,52,0,0,0,'Stojak do DPC',58,1650358117,0,4,0,0,128,'Damian Jakubik','',128,58,'Damian Jakubik','','Stojak do DPC',1650358117,1650436076,0,0,0,'',0,0,1,0,0,1,0,'',0,1,0,0),(47,28,0,0,0,'Opakowanie skutera',61,1650368085,0,6,0,0,132,'Beata Sotys','',132,61,'Beata Sotys','','Opakowanie skutera',1650368085,1651729962,0,0,0,'',0,0,1,0,0,1,0,'',0,1,0,0),(48,25,0,0,0,'25-26.06.2022 [REC] Handover event Cavebase',63,1650369530,0,54,0,0,133,'Witold Hoffmann','',280,58,'Damian Jakubik','','Re: 25-26.06.2022 [REC] Handover event Cavebase',1652173372,1652451437,0,0,0,'',0,0,0,0,0,1,0,'',0,12,0,0),(49,11,0,1,0,'Wizytwka firmowa w Google',58,1650432246,0,13,0,0,138,'Damian Jakubik','',156,58,'Damian Jakubik','','Re: Wizytwka firmowa w Google',1650625261,1650971429,0,0,0,'',0,0,1,0,0,1,0,'',0,4,0,0),(50,39,0,0,0,'stojak wystawowy',61,1650450852,0,10,0,0,143,'Beata Sotys','',149,61,'Beata Sotys','','Re: stojak wystawowy',1650612288,1651215324,0,0,0,'',0,0,1,0,0,1,0,'',0,2,0,0),(51,16,0,0,0,'Seacraft Newsletter 05.2022',58,1650519372,0,16,0,0,144,'Damian Jakubik','',146,58,'Damian Jakubik','','Re: Seacraft Newsletter 05.2022',1650526574,1651613719,0,0,0,'',0,0,0,0,0,1,0,'',0,3,0,0),(52,9,0,0,0,'Produkty Special',60,1650536676,0,5,0,0,147,'Paulina lzak','',147,60,'Paulina lzak','','Produkty Special',1650536676,1650971424,0,0,0,'',0,0,1,0,0,1,0,'',0,1,0,0),(53,39,0,0,0,'Zmiany w kolejnej wersji cennika rec',61,1650621742,0,11,0,0,150,'Beata Sotys','',282,61,'Beata Sotys','','Re: Zmiany w kolejnej wersji cennika rec',1652345887,1653477520,0,0,0,'',0,0,1,0,0,1,0,'',0,2,0,0),(54,40,0,0,0,'Niezbdne zmiany w cenniku special',61,1650622058,0,13,0,0,151,'Beata Sotys','',283,61,'Beata Sotys','','Re: Niezbdne zmiany w cenniku special',1652686721,1653477534,0,0,0,'',0,0,1,0,0,1,0,'',0,3,0,0),(55,49,0,0,0,'serwis suex',61,1650622255,0,7,0,0,152,'Beata Sotys','',152,61,'Beata Sotys','','serwis suex',1650622255,1651141484,0,0,0,'',0,0,1,0,0,1,0,'',0,1,0,0),(56,29,0,0,0,'Cena',61,1650624080,0,24,0,0,155,'Beata Sotys','',180,63,'Witold Hoffmann','','Re: Cena',1650972671,1651083345,0,0,0,'',0,0,1,0,0,1,0,'',0,7,0,0),(57,31,0,1,0,'Wsppraca z Cavebase',60,1650958464,0,23,0,0,167,'Paulina lzak','',194,63,'Witold Hoffmann','','Re: Wsppraca z Cavebase',1651043217,1651765365,0,0,0,'',0,0,0,0,0,1,0,'',0,8,0,0),(58,21,0,0,0,'Projekty video o Jaskiniach Sowacja, Chorwacja, Hiszpania - propozycja wsparcia',58,1650960294,0,22,0,0,172,'Damian Jakubik','',279,63,'Witold Hoffmann','','Re: Projekty video o Jaskiniach Sowacja, Chorwacja, Hiszpania - propozycja wsparcia',1652171873,1652172831,0,0,0,'',0,0,0,0,0,1,0,'',0,6,0,0),(59,25,0,0,0,'09.2022 [MIL] Prezentacja sprztu dla wszystkich 3 (lub 4) jednostek specjalnych w Gdyni.',61,1650968229,0,13,0,0,174,'Beata Sotys','',174,61,'Beata Sotys','','09.2022 [MIL] Prezentacja sprztu dla wszystkich 3 (lub 4) jednostek specjalnych w Gdyni.',1650968229,1651132422,0,0,0,'',0,0,0,0,0,1,0,'',0,1,0,0),(60,5,0,0,0,'Cykl Patenty',63,1650971297,0,11,0,0,175,'Witold Hoffmann','',197,60,'Paulina lzak','','Re: Cykl Patenty',1651044025,1651177949,0,0,0,'',0,0,1,0,0,1,0,'',0,2,0,0),(61,36,0,0,0,'Warunki wsppracy- centra DEMO Seacrafta',63,1650976945,0,11,0,0,182,'Witold Hoffmann','',191,61,'Beata Sotys','','Re: Warunki wsppracy- centra DEMO Seacrafta',1651038973,1651763640,0,0,0,'',0,0,1,0,0,1,0,'',0,2,0,0),(62,43,0,0,0,'Sesja zdjciowa Irena Stangieska- Czerwiec?',63,1650978355,0,25,0,0,183,'Witold Hoffmann','',237,61,'Beata Sotys','','Re: Sesja zdjciowa Irena Stangieska- Czerwiec?',1651229339,1651237881,0,0,0,'',0,0,1,0,0,1,0,'',0,9,0,0),(63,36,0,0,0,'Warunki wsppracy - uzupenienia 2022',63,1651065647,0,7,0,0,206,'Witold Hoffmann','',208,63,'Witold Hoffmann','','Re: Warunki wsppracy - uzupenienia 2022',1651079018,1651129339,0,0,0,'',0,0,1,0,0,1,0,'',0,3,0,0),(64,41,0,0,0,'Przenosiny na nowy serwer',63,1651079856,0,7,0,0,210,'Witold Hoffmann','',212,58,'Damian Jakubik','','Re: Przenosiny na nowy serwer',1651123495,1651237232,0,0,0,'',0,0,1,0,0,1,0,'',0,2,0,0),(65,21,0,0,0,'Projekty jaskiniowe- Chorwacja',63,1651082240,0,4,0,0,211,'Witold Hoffmann','',211,63,'Witold Hoffmann','','Projekty jaskiniowe- Chorwacja',1651082240,1651128577,0,0,0,'',0,0,1,0,0,1,0,'',0,1,0,0),(66,23,0,0,0,'Bahrajn - targi wojskowe',63,1651149871,0,14,0,0,220,'Witold Hoffmann','',239,63,'Witold Hoffmann','','Re: Bahrajn - targi wojskowe',1651260819,1651649063,0,0,0,'',0,0,1,0,0,1,0,'',0,4,0,0),(67,23,0,0,0,'USA - targi si specjalnych',63,1651149912,0,12,0,0,221,'Witold Hoffmann','',240,63,'Witold Hoffmann','','Re: USA - targi si specjalnych',1651260875,1651649062,0,0,0,'',0,0,1,0,0,1,0,'',0,3,0,0),(68,28,0,0,0,'Premiera skutera GO!',60,1651217718,0,11,0,0,227,'Paulina lzak','',236,61,'Beata Sotys','','Re: Premiera skutera GO!',1651227030,1651769594,0,0,0,'',0,0,1,0,0,1,0,'',0,2,0,0),(69,54,0,0,0,'Internacjonalizacja DPC',60,1651218014,0,7,0,0,229,'Paulina lzak','',231,61,'Beata Sotys','','Re: Internacjonalizacja DPC',1651219312,1651661388,0,0,0,'',0,0,1,0,0,1,0,'',0,2,0,0),(70,26,0,0,0,'18 - 21 padziernik 2022; Euronaval',61,1651487841,0,5,0,0,243,'Beata Sotys','',243,61,'Beata Sotys','','18 - 21 padziernik 2022; Euronaval',1651487841,1651649136,0,0,0,'',0,0,1,0,0,1,0,'',0,1,0,0),(71,34,0,0,0,'Level 0+1 lista kontrahentw',58,1651728588,0,11,0,0,248,'Damian Jakubik','',248,58,'Damian Jakubik','','Level 0+1 lista kontrahentw',1651728588,1651820188,0,0,0,'',0,0,0,0,0,1,0,'',0,1,0,0),(72,34,0,0,0,'Level 2 lista kontrahentow',58,1651728825,0,12,0,0,249,'Damian Jakubik','',249,58,'Damian Jakubik','','Level 2 lista kontrahentow',1651728825,1651764069,0,0,0,'',0,0,0,0,0,1,0,'',0,1,0,0),(73,55,0,0,0,'Bateria lotnicza',61,1651743959,0,4,0,0,250,'Beata Sotys','',250,61,'Beata Sotys','','Re: Sugestie, pomysy, zgoszenia',1651743959,1652173226,0,0,0,'',0,0,1,0,0,1,0,'',0,1,0,0),(74,34,0,0,0,'E-learning - zasady oglne + prototyp level 0',63,1651840163,0,13,0,0,251,'Witold Hoffmann','',261,63,'Witold Hoffmann','','Re: E-learning - zasady oglne + prototyp level 0',1652096188,1652111294,0,0,0,'',0,0,0,0,0,1,0,'',0,3,0,0),(75,42,0,0,0,'Dodanie kodw do naklejek na produkty',63,1651849208,0,11,0,0,253,'Witold Hoffmann','',268,61,'Beata Sotys','','Re: Dodanie kodw do naklejek na produkty',1652118994,1652171277,0,0,0,'',0,0,1,0,0,1,0,'',0,4,0,0),(76,37,0,0,0,'Umowy',61,1652079958,0,8,0,0,255,'Beata Sotys','',258,58,'Damian Jakubik','','Re: Umowy',1652082575,1652119147,0,0,0,'',0,0,1,0,0,1,0,'',0,2,0,0),(77,18,0,0,0,'[MIL] Brakujce zdjcia produktowe',58,1652162949,0,7,0,0,270,'Damian Jakubik','',270,58,'Damian Jakubik','','[MIL] Brakujce zdjcia produktowe',1652162949,1652173966,0,0,0,'',0,0,1,0,0,1,0,'',0,1,0,0),(78,28,0,1,0,'Reklamy GO! na FB',58,1652164849,0,6,0,0,272,'Damian Jakubik','',272,58,'Damian Jakubik','','Reklamy GO! na FB',1652164849,1652171880,0,0,0,'',0,0,0,0,0,1,0,'',0,1,0,0);
/*!40000 ALTER TABLE `phpbb_topics` ENABLE KEYS */;
UNLOCK TABLES;

--
-- Table structure for table `phpbb_topics_posted`
--

DROP TABLE IF EXISTS `phpbb_topics_posted`;
/*!40101 SET @saved_cs_client     = @@character_set_client */;
/*!40101 SET character_set_client = utf8 */;
CREATE TABLE `phpbb_topics_posted` (
  `user_id` int(10) unsigned NOT NULL DEFAULT 0,
  `topic_id` int(10) unsigned NOT NULL DEFAULT 0,
  `topic_posted` tinyint(1) unsigned NOT NULL DEFAULT 0,
  PRIMARY KEY (`user_id`,`topic_id`)
) ENGINE=InnoDB DEFAULT CHARSET=utf8 COLLATE=utf8_bin;
/*!40101 SET character_set_client = @saved_cs_client */;

--
-- Dumping data for table `phpbb_topics_posted`
--

LOCK TABLES `phpbb_topics_posted` WRITE;
/*!40000 ALTER TABLE `phpbb_topics_posted` DISABLE KEYS */;
INSERT INTO `phpbb_topics_posted` VALUES (58,3,1),(58,4,1),(58,5,1),(58,6,1),(58,7,1),(58,8,1),(58,9,1),(58,12,1),(58,13,1),(58,14,1),(58,16,1),(58,17,1),(58,18,1),(58,19,1),(58,20,1),(58,22,1),(58,23,1),(58,24,1),(58,25,1),(58,26,1),(58,27,1),(58,28,1),(58,29,1),(58,30,1),(58,31,1),(58,34,1),(58,35,1),(58,37,1),(58,40,1),(58,41,1),(58,42,1),(58,43,1),(58,46,1),(58,48,1),(58,49,1),(58,51,1),(58,56,1),(58,57,1),(58,58,1),(58,64,1),(58,66,1),(58,71,1),(58,72,1),(58,76,1),(58,77,1),(58,78,1),(60,5,1),(60,6,1),(60,12,1),(60,21,1),(60,22,1),(60,25,1),(60,27,1),(60,29,1),(60,33,1),(60,38,1),(60,39,1),(60,40,1),(60,42,1),(60,48,1),(60,51,1),(60,52,1),(60,57,1),(60,60,1),(60,68,1),(60,69,1),(61,5,1),(61,6,1),(61,7,1),(61,12,1),(61,18,1),(61,22,1),(61,24,1),(61,25,1),(61,26,1),(61,27,1),(61,28,1),(61,29,1),(61,30,1),(61,31,1),(61,32,1),(61,33,1),(61,34,1),(61,37,1),(61,42,1),(61,44,1),(61,47,1),(61,48,1),(61,49,1),(61,50,1),(61,53,1),(61,54,1),(61,55,1),(61,56,1),(61,57,1),(61,59,1),(61,61,1),(61,62,1),(61,63,1),(61,66,1),(61,67,1),(61,68,1),(61,69,1),(61,70,1),(61,73,1),(61,74,1),(61,75,1),(61,76,1),(63,5,1),(63,6,1),(63,7,1),(63,12,1),(63,18,1),(63,21,1),(63,22,1),(63,24,1),(63,25,1),(63,27,1),(63,29,1),(63,30,1),(63,31,1),(63,32,1),(63,33,1),(63,34,1),(63,36,1),(63,38,1),(63,39,1),(63,44,1),(63,45,1),(63,48,1),(63,54,1),(63,56,1),(63,57,1),(63,58,1),(63,60,1),(63,61,1),(63,62,1),(63,63,1),(63,64,1),(63,65,1),(63,66,1),(63,67,1),(63,74,1),(63,75,1);
/*!40000 ALTER TABLE `phpbb_topics_posted` ENABLE KEYS */;
UNLOCK TABLES;

--
-- Table structure for table `phpbb_topics_track`
--

DROP TABLE IF EXISTS `phpbb_topics_track`;
/*!40101 SET @saved_cs_client     = @@character_set_client */;
/*!40101 SET character_set_client = utf8 */;
CREATE TABLE `phpbb_topics_track` (
  `user_id` int(10) unsigned NOT NULL DEFAULT 0,
  `topic_id` int(10) unsigned NOT NULL DEFAULT 0,
  `forum_id` mediumint(8) unsigned NOT NULL DEFAULT 0,
  `mark_time` int(11) unsigned NOT NULL DEFAULT 0,
  PRIMARY KEY (`user_id`,`topic_id`),
  KEY `forum_id` (`forum_id`),
  KEY `topic_id` (`topic_id`)
) ENGINE=InnoDB DEFAULT CHARSET=utf8 COLLATE=utf8_bin;
/*!40101 SET character_set_client = @saved_cs_client */;

--
-- Dumping data for table `phpbb_topics_track`
--

LOCK TABLES `phpbb_topics_track` WRITE;
/*!40000 ALTER TABLE `phpbb_topics_track` DISABLE KEYS */;
INSERT INTO `phpbb_topics_track` VALUES (2,5,23,1650626526),(2,8,5,1649251068),(2,12,31,1649862984),(2,25,10,1649940342),(2,34,9,1649851726),(2,42,21,1650436115),(2,48,25,1652100797),(2,53,39,1650621742),(2,74,34,1652096188),(58,7,41,1652175160),(58,12,31,1651948514),(58,16,9,1651644560),(58,18,15,1651645208),(58,19,14,1649269314),(58,41,50,1650007676),(58,43,51,1650354229),(58,46,52,1650358117),(58,48,25,1652173372),(58,49,11,1650625261),(58,51,16,1651227111),(58,76,37,1652082575),(58,77,18,1652162950),(58,78,28,1652165683),(60,6,20,1652165335),(60,60,5,1651044025),(61,26,44,1650623801),(61,37,19,1649924770),(61,53,39,1652345887),(61,55,49,1650622255),(61,62,43,1651229339),(61,69,54,1651219312),(61,70,26,1651487842),(61,74,34,1652080725),(61,75,42,1652118994),(63,6,20,1652171718),(63,25,10,1649940343),(63,31,46,1650369637),(63,56,29,1650972671),(63,58,21,1652171873),(63,63,36,1651079018),(63,67,23,1651260875),(63,74,34,1652096188);
/*!40000 ALTER TABLE `phpbb_topics_track` ENABLE KEYS */;
UNLOCK TABLES;

--
-- Table structure for table `phpbb_topics_watch`
--

DROP TABLE IF EXISTS `phpbb_topics_watch`;
/*!40101 SET @saved_cs_client     = @@character_set_client */;
/*!40101 SET character_set_client = utf8 */;
CREATE TABLE `phpbb_topics_watch` (
  `topic_id` int(10) unsigned NOT NULL DEFAULT 0,
  `user_id` int(10) unsigned NOT NULL DEFAULT 0,
  `notify_status` tinyint(1) unsigned NOT NULL DEFAULT 0,
  KEY `topic_id` (`topic_id`),
  KEY `user_id` (`user_id`),
  KEY `notify_stat` (`notify_status`)
) ENGINE=InnoDB DEFAULT CHARSET=utf8 COLLATE=utf8_bin;
/*!40101 SET character_set_client = @saved_cs_client */;

--
-- Dumping data for table `phpbb_topics_watch`
--

LOCK TABLES `phpbb_topics_watch` WRITE;
/*!40000 ALTER TABLE `phpbb_topics_watch` DISABLE KEYS */;
INSERT INTO `phpbb_topics_watch` VALUES (12,60,0),(4,60,0),(8,60,0),(3,60,0),(9,60,0),(19,60,0),(18,60,0),(5,60,0),(21,60,0),(20,60,0),(7,60,0),(44,61,0),(73,60,0);
/*!40000 ALTER TABLE `phpbb_topics_watch` ENABLE KEYS */;
UNLOCK TABLES;

--
-- Table structure for table `phpbb_user_group`
--

DROP TABLE IF EXISTS `phpbb_user_group`;
/*!40101 SET @saved_cs_client     = @@character_set_client */;
/*!40101 SET character_set_client = utf8 */;
CREATE TABLE `phpbb_user_group` (
  `group_id` mediumint(8) unsigned NOT NULL DEFAULT 0,
  `user_id` int(10) unsigned NOT NULL DEFAULT 0,
  `group_leader` tinyint(1) unsigned NOT NULL DEFAULT 0,
  `user_pending` tinyint(1) unsigned NOT NULL DEFAULT 1,
  KEY `group_id` (`group_id`),
  KEY `user_id` (`user_id`),
  KEY `group_leader` (`group_leader`)
) ENGINE=InnoDB DEFAULT CHARSET=utf8 COLLATE=utf8_bin;
/*!40101 SET character_set_client = @saved_cs_client */;

--
-- Dumping data for table `phpbb_user_group`
--

LOCK TABLES `phpbb_user_group` WRITE;
/*!40000 ALTER TABLE `phpbb_user_group` DISABLE KEYS */;
INSERT INTO `phpbb_user_group` VALUES (1,1,0,0),(2,2,0,0),(4,2,0,0),(5,2,1,0),(6,3,0,0),(6,4,0,0),(6,5,0,0),(6,6,0,0),(6,7,0,0),(6,8,0,0),(6,9,0,0),(6,10,0,0),(6,11,0,0),(6,12,0,0),(6,13,0,0),(6,14,0,0),(6,15,0,0),(6,16,0,0),(6,17,0,0),(6,18,0,0),(6,19,0,0),(6,20,0,0),(6,21,0,0),(6,22,0,0),(6,23,0,0),(6,24,0,0),(6,25,0,0),(6,26,0,0),(6,27,0,0),(6,28,0,0),(6,29,0,0),(6,30,0,0),(6,31,0,0),(6,32,0,0),(6,33,0,0),(6,34,0,0),(6,35,0,0),(6,36,0,0),(6,37,0,0),(6,38,0,0),(6,39,0,0),(6,40,0,0),(6,41,0,0),(6,42,0,0),(6,43,0,0),(6,44,0,0),(6,45,0,0),(6,46,0,0),(6,47,0,0),(6,48,0,0),(6,49,0,0),(6,50,0,0),(6,51,0,0),(6,52,0,0),(6,53,0,0),(6,54,0,0),(6,55,0,0),(6,56,0,0),(6,57,0,0),(2,58,0,0),(5,58,1,0),(9,58,1,0),(2,60,0,0),(9,60,0,0),(2,61,0,0),(9,61,0,0),(2,63,0,0),(9,63,0,0),(2,64,0,0),(7,64,0,0),(9,64,0,0);
/*!40000 ALTER TABLE `phpbb_user_group` ENABLE KEYS */;
UNLOCK TABLES;

--
-- Table structure for table `phpbb_user_notifications`
--

DROP TABLE IF EXISTS `phpbb_user_notifications`;
/*!40101 SET @saved_cs_client     = @@character_set_client */;
/*!40101 SET character_set_client = utf8 */;
CREATE TABLE `phpbb_user_notifications` (
  `item_type` varchar(165) COLLATE utf8_bin NOT NULL DEFAULT '',
  `item_id` int(10) unsigned NOT NULL DEFAULT 0,
  `user_id` int(10) unsigned NOT NULL DEFAULT 0,
  `method` varchar(165) COLLATE utf8_bin NOT NULL DEFAULT '',
  `notify` tinyint(1) unsigned NOT NULL DEFAULT 1,
  UNIQUE KEY `itm_usr_mthd` (`item_type`,`item_id`,`user_id`,`method`),
  KEY `user_id` (`user_id`),
  KEY `uid_itm_id` (`user_id`,`item_id`),
  KEY `usr_itm_tpe` (`user_id`,`item_type`,`item_id`)
) ENGINE=InnoDB DEFAULT CHARSET=utf8 COLLATE=utf8_bin;
/*!40101 SET character_set_client = @saved_cs_client */;

--
-- Dumping data for table `phpbb_user_notifications`
--

LOCK TABLES `phpbb_user_notifications` WRITE;
/*!40000 ALTER TABLE `phpbb_user_notifications` DISABLE KEYS */;
INSERT INTO `phpbb_user_notifications` VALUES ('notification.type.forum',0,2,'notification.method.board',1),('notification.type.forum',0,2,'notification.method.email',1),('notification.type.post',0,2,'notification.method.board',1),('notification.type.post',0,2,'notification.method.email',1),('notification.type.post',0,3,'notification.method.email',1),('notification.type.post',0,4,'notification.method.email',1),('notification.type.post',0,5,'notification.method.email',1),('notification.type.post',0,6,'notification.method.email',1),('notification.type.post',0,7,'notification.method.email',1),('notification.type.post',0,8,'notification.method.email',1),('notification.type.post',0,9,'notification.method.email',1),('notification.type.post',0,10,'notification.method.email',1),('notification.type.post',0,11,'notification.method.email',1),('notification.type.post',0,12,'notification.method.email',1),('notification.type.post',0,13,'notification.method.email',1),('notification.type.post',0,14,'notification.method.email',1),('notification.type.post',0,15,'notification.method.email',1),('notification.type.post',0,16,'notification.method.email',1),('notification.type.post',0,17,'notification.method.email',1),('notification.type.post',0,18,'notification.method.email',1),('notification.type.post',0,19,'notification.method.email',1),('notification.type.post',0,20,'notification.method.email',1),('notification.type.post',0,21,'notification.method.email',1),('notification.type.post',0,22,'notification.method.email',1),('notification.type.post',0,23,'notification.method.email',1),('notification.type.post',0,24,'notification.method.email',1),('notification.type.post',0,25,'notification.method.email',1),('notification.type.post',0,26,'notification.method.email',1),('notification.type.post',0,27,'notification.method.email',1),('notification.type.post',0,28,'notification.method.email',1),('notification.type.post',0,29,'notification.method.email',1),('notification.type.post',0,30,'notification.method.email',1),('notification.type.post',0,31,'notification.method.email',1),('notification.type.post',0,32,'notification.method.email',1),('notification.type.post',0,33,'notification.method.email',1),('notification.type.post',0,34,'notification.method.email',1),('notification.type.post',0,35,'notification.method.email',1),('notification.type.post',0,36,'notification.method.email',1),('notification.type.post',0,37,'notification.method.email',1),('notification.type.post',0,38,'notification.method.email',1),('notification.type.post',0,39,'notification.method.email',1),('notification.type.post',0,40,'notification.method.email',1),('notification.type.post',0,41,'notification.method.email',1),('notification.type.post',0,42,'notification.method.email',1),('notification.type.post',0,43,'notification.method.email',1),('notification.type.post',0,44,'notification.method.email',1),('notification.type.post',0,45,'notification.method.email',1),('notification.type.post',0,46,'notification.method.email',1),('notification.type.post',0,47,'notification.method.email',1),('notification.type.post',0,48,'notification.method.email',1),('notification.type.post',0,49,'notification.method.email',1),('notification.type.post',0,50,'notification.method.email',1),('notification.type.post',0,51,'notification.method.email',1),('notification.type.post',0,52,'notification.method.email',1),('notification.type.post',0,53,'notification.method.email',1),('notification.type.post',0,54,'notification.method.email',1),('notification.type.post',0,55,'notification.method.email',1),('notification.type.post',0,56,'notification.method.email',1),('notification.type.post',0,57,'notification.method.email',1),('notification.type.post',0,58,'notification.method.email',1),('notification.type.post',0,60,'notification.method.email',1),('notification.type.post',0,61,'notification.method.email',1),('notification.type.post',0,63,'notification.method.email',1),('notification.type.post',0,64,'notification.method.email',1),('notification.type.topic',0,2,'notification.method.board',1),('notification.type.topic',0,2,'notification.method.email',1),('notification.type.topic',0,3,'notification.method.email',1),('notification.type.topic',0,4,'notification.method.email',1),('notification.type.topic',0,5,'notification.method.email',1),('notification.type.topic',0,6,'notification.method.email',1),('notification.type.topic',0,7,'notification.method.email',1),('notification.type.topic',0,8,'notification.method.email',1),('notification.type.topic',0,9,'notification.method.email',1),('notification.type.topic',0,10,'notification.method.email',1),('notification.type.topic',0,11,'notification.method.email',1),('notification.type.topic',0,12,'notification.method.email',1),('notification.type.topic',0,13,'notification.method.email',1),('notification.type.topic',0,14,'notification.method.email',1),('notification.type.topic',0,15,'notification.method.email',1),('notification.type.topic',0,16,'notification.method.email',1),('notification.type.topic',0,17,'notification.method.email',1),('notification.type.topic',0,18,'notification.method.email',1),('notification.type.topic',0,19,'notification.method.email',1),('notification.type.topic',0,20,'notification.method.email',1),('notification.type.topic',0,21,'notification.method.email',1),('notification.type.topic',0,22,'notification.method.email',1),('notification.type.topic',0,23,'notification.method.email',1),('notification.type.topic',0,24,'notification.method.email',1),('notification.type.topic',0,25,'notification.method.email',1),('notification.type.topic',0,26,'notification.method.email',1),('notification.type.topic',0,27,'notification.method.email',1),('notification.type.topic',0,28,'notification.method.email',1),('notification.type.topic',0,29,'notification.method.email',1),('notification.type.topic',0,30,'notification.method.email',1),('notification.type.topic',0,31,'notification.method.email',1),('notification.type.topic',0,32,'notification.method.email',1),('notification.type.topic',0,33,'notification.method.email',1),('notification.type.topic',0,34,'notification.method.email',1),('notification.type.topic',0,35,'notification.method.email',1),('notification.type.topic',0,36,'notification.method.email',1),('notification.type.topic',0,37,'notification.method.email',1),('notification.type.topic',0,38,'notification.method.email',1),('notification.type.topic',0,39,'notification.method.email',1),('notification.type.topic',0,40,'notification.method.email',1),('notification.type.topic',0,41,'notification.method.email',1),('notification.type.topic',0,42,'notification.method.email',1),('notification.type.topic',0,43,'notification.method.email',1),('notification.type.topic',0,44,'notification.method.email',1),('notification.type.topic',0,45,'notification.method.email',1),('notification.type.topic',0,46,'notification.method.email',1),('notification.type.topic',0,47,'notification.method.email',1),('notification.type.topic',0,48,'notification.method.email',1),('notification.type.topic',0,49,'notification.method.email',1),('notification.type.topic',0,50,'notification.method.email',1),('notification.type.topic',0,51,'notification.method.email',1),('notification.type.topic',0,52,'notification.method.email',1),('notification.type.topic',0,53,'notification.method.email',1),('notification.type.topic',0,54,'notification.method.email',1),('notification.type.topic',0,55,'notification.method.email',1),('notification.type.topic',0,56,'notification.method.email',1),('notification.type.topic',0,57,'notification.method.email',1),('notification.type.topic',0,58,'notification.method.email',1),('notification.type.topic',0,60,'notification.method.email',1),('notification.type.topic',0,61,'notification.method.email',1),('notification.type.topic',0,63,'notification.method.email',1),('notification.type.topic',0,64,'notification.method.email',1);
/*!40000 ALTER TABLE `phpbb_user_notifications` ENABLE KEYS */;
UNLOCK TABLES;

--
-- Table structure for table `phpbb_users`
--

DROP TABLE IF EXISTS `phpbb_users`;
/*!40101 SET @saved_cs_client     = @@character_set_client */;
/*!40101 SET character_set_client = utf8 */;
CREATE TABLE `phpbb_users` (
  `user_id` int(10) unsigned NOT NULL AUTO_INCREMENT,
  `user_type` tinyint(2) NOT NULL DEFAULT 0,
  `group_id` mediumint(8) unsigned NOT NULL DEFAULT 3,
  `user_permissions` mediumtext COLLATE utf8_bin NOT NULL,
  `user_perm_from` mediumint(8) unsigned NOT NULL DEFAULT 0,
  `user_ip` varchar(40) COLLATE utf8_bin NOT NULL DEFAULT '',
  `user_regdate` int(11) unsigned NOT NULL DEFAULT 0,
  `username` varchar(255) COLLATE utf8_bin NOT NULL DEFAULT '',
  `username_clean` varchar(255) COLLATE utf8_bin NOT NULL DEFAULT '',
  `user_password` varchar(255) COLLATE utf8_bin NOT NULL DEFAULT '',
  `user_passchg` int(11) unsigned NOT NULL DEFAULT 0,
  `user_email` varchar(100) COLLATE utf8_bin NOT NULL DEFAULT '',
  `user_birthday` varchar(10) COLLATE utf8_bin NOT NULL DEFAULT '',
  `user_lastvisit` int(11) unsigned NOT NULL DEFAULT 0,
  `user_lastmark` int(11) unsigned NOT NULL DEFAULT 0,
  `user_lastpost_time` int(11) unsigned NOT NULL DEFAULT 0,
  `user_lastpage` varchar(200) COLLATE utf8_bin NOT NULL DEFAULT '',
  `user_last_confirm_key` varchar(10) COLLATE utf8_bin NOT NULL DEFAULT '',
  `user_last_search` int(11) unsigned NOT NULL DEFAULT 0,
  `user_warnings` tinyint(4) NOT NULL DEFAULT 0,
  `user_last_warning` int(11) unsigned NOT NULL DEFAULT 0,
  `user_login_attempts` tinyint(4) NOT NULL DEFAULT 0,
  `user_inactive_reason` tinyint(2) NOT NULL DEFAULT 0,
  `user_inactive_time` int(11) unsigned NOT NULL DEFAULT 0,
  `user_posts` mediumint(8) unsigned NOT NULL DEFAULT 0,
  `user_lang` varchar(30) COLLATE utf8_bin NOT NULL DEFAULT '',
  `user_timezone` varchar(100) COLLATE utf8_bin NOT NULL DEFAULT '',
  `user_dateformat` varchar(64) COLLATE utf8_bin NOT NULL DEFAULT 'd M Y H:i',
  `user_style` mediumint(8) unsigned NOT NULL DEFAULT 0,
  `user_rank` mediumint(8) unsigned NOT NULL DEFAULT 0,
  `user_colour` varchar(6) COLLATE utf8_bin NOT NULL DEFAULT '',
  `user_new_privmsg` int(4) NOT NULL DEFAULT 0,
  `user_unread_privmsg` int(4) NOT NULL DEFAULT 0,
  `user_last_privmsg` int(11) unsigned NOT NULL DEFAULT 0,
  `user_message_rules` tinyint(1) unsigned NOT NULL DEFAULT 0,
  `user_full_folder` int(11) NOT NULL DEFAULT -3,
  `user_emailtime` int(11) unsigned NOT NULL DEFAULT 0,
  `user_topic_show_days` smallint(4) unsigned NOT NULL DEFAULT 0,
  `user_topic_sortby_type` varchar(1) COLLATE utf8_bin NOT NULL DEFAULT 't',
  `user_topic_sortby_dir` varchar(1) COLLATE utf8_bin NOT NULL DEFAULT 'd',
  `user_post_show_days` smallint(4) unsigned NOT NULL DEFAULT 0,
  `user_post_sortby_type` varchar(1) COLLATE utf8_bin NOT NULL DEFAULT 't',
  `user_post_sortby_dir` varchar(1) COLLATE utf8_bin NOT NULL DEFAULT 'a',
  `user_notify` tinyint(1) unsigned NOT NULL DEFAULT 0,
  `user_notify_pm` tinyint(1) unsigned NOT NULL DEFAULT 1,
  `user_notify_type` tinyint(4) NOT NULL DEFAULT 0,
  `user_allow_pm` tinyint(1) unsigned NOT NULL DEFAULT 1,
  `user_allow_viewonline` tinyint(1) unsigned NOT NULL DEFAULT 1,
  `user_allow_viewemail` tinyint(1) unsigned NOT NULL DEFAULT 1,
  `user_allow_massemail` tinyint(1) unsigned NOT NULL DEFAULT 1,
  `user_options` int(11) unsigned NOT NULL DEFAULT 230271,
  `user_avatar` varchar(255) COLLATE utf8_bin NOT NULL DEFAULT '',
  `user_avatar_type` varchar(255) COLLATE utf8_bin NOT NULL DEFAULT '',
  `user_avatar_width` smallint(4) unsigned NOT NULL DEFAULT 0,
  `user_avatar_height` smallint(4) unsigned NOT NULL DEFAULT 0,
  `user_sig` mediumtext COLLATE utf8_bin NOT NULL,
  `user_sig_bbcode_uid` varchar(8) COLLATE utf8_bin NOT NULL DEFAULT '',
  `user_sig_bbcode_bitfield` varchar(255) COLLATE utf8_bin NOT NULL DEFAULT '',
  `user_jabber` varchar(255) COLLATE utf8_bin NOT NULL DEFAULT '',
  `user_actkey` varchar(32) COLLATE utf8_bin NOT NULL DEFAULT '',
  `reset_token` varchar(64) COLLATE utf8_bin NOT NULL DEFAULT '',
  `reset_token_expiration` int(11) unsigned NOT NULL DEFAULT 0,
  `user_newpasswd` varchar(255) COLLATE utf8_bin NOT NULL DEFAULT '',
  `user_form_salt` varchar(32) COLLATE utf8_bin NOT NULL DEFAULT '',
  `user_new` tinyint(1) unsigned NOT NULL DEFAULT 1,
  `user_reminded` tinyint(4) NOT NULL DEFAULT 0,
  `user_reminded_time` int(11) unsigned NOT NULL DEFAULT 0,
  PRIMARY KEY (`user_id`),
  UNIQUE KEY `username_clean` (`username_clean`),
  KEY `user_birthday` (`user_birthday`),
  KEY `user_type` (`user_type`),
  KEY `user_email` (`user_email`)
) ENGINE=InnoDB AUTO_INCREMENT=65 DEFAULT CHARSET=utf8 COLLATE=utf8_bin;
/*!40101 SET character_set_client = @saved_cs_client */;

--
-- Dumping data for table `phpbb_users`
--

LOCK TABLES `phpbb_users` WRITE;
/*!40000 ALTER TABLE `phpbb_users` DISABLE KEYS */;
INSERT INTO `phpbb_users` VALUES (1,2,1,'00000000000g13ydmo',0,'',1648824948,'Anonymous','anonymous','',0,'','',0,0,0,'','DEFKCIA25G',1648961463,0,0,0,0,0,0,'en','','d M Y H:i',2,0,'',0,0,0,0,-3,0,0,'t','d',0,'t','a',0,1,0,1,1,1,0,230271,'','',0,0,'<t></t>','','','','','',0,'','32jikd93lit5dw1v',1,0,0),(2,3,5,'zik0zjzik0zjzik0zi\nzik0zjqmx0qo\n\n\n\nzik0zjqmx0qo\nzik0zjqmx0qo\nzik0zjqmx0qo\nzik0zjqmx0qo\nzik0zjqmx0qo\nzik0zjqmx0qo\nzik0zjqmx0qo\nzik0zjqmx0qo\n\nzik0zjqmx0qo\nzik0zjqmx0qo\nzik0zjqmx0qo\nzik0zjqmx0qo\nzik0zjqmx0qo\nzik0zjqmx0qo\nzik0zjqmx0qo\nzik0zjqmx0qo\nzik0zjqmx0qo\nzik0zjqmx0qo\n\nzik0zjqmx0qo\nzik0zjqmx0qo\nzik0zjqmx0qo\nzik0zjqmx0qo\nzik0zjqmx0qo\nzik0zjqmx0qo\nzik0zjqmx0qo\nzik0zjqmx0qo\nzik0zjqmx0qo\nzik0zjqmx0qo\nzik0zjqmx0qo\nzik0zjqmx0qo\nzik0zjqmx0qo\nzik0zjqmx0qo\nzik0zjqmx0qo\nzik0zjqmx0qo\nzik0zjqmx0qo\nzik0zjqmx0qo\nzik0zjqmx0qo\nzik0zjqmx0qo\nzik0zjqmx0qo\nzik0zjqmx0qo\nzik0zjqmx0qo\nzik0zjqmx0qo\nzik0zjqmx0qo\nzik0zjqmx0qo\nzik0zjqmx0qo\nzik0zjqmx0qo\nzik0zjqmx0qo\nzik0zjqmx0qo\nzik0zjqmx0qo',0,'37.212.24.255',1648824948,'admin','admin','$argon2id$v=19$m=65536,t=4,p=2$aGxReENQWDFUaVdsbXVmRQ$saSLV8Pndo//6BWZLePuFZyHUbVoQ12hvfipXegDPuM',0,'vr-pobed@yandex.ru','',1652713489,0,0,'viewtopic.php?p=261','',0,0,0,0,0,0,0,'en','','D M d, Y g:i a',1,1,'AA0000',0,0,0,0,-3,0,0,'t','d',0,'t','a',0,1,0,1,1,1,1,230271,'','',0,0,'<t></t>','','','','','bri0oodn6087zzjysrlsmjzkh7sp6il9',1649318554,'','952ha3h4bqdncvu4',1,0,0),(3,2,6,'',0,'',1648824949,'AdsBot [Google]','adsbot [google]','',1648824949,'','',0,1648824949,0,'','',0,0,0,0,0,0,0,'en','UTC','D M d, Y g:i a',1,0,'9E8DA7',0,0,0,0,-3,0,0,'t','d',0,'t','a',0,1,0,0,1,1,0,230271,'','',0,0,'<t></t>','','','','','',0,'','gg1w2jfnou6fm2vk',0,0,0),(4,2,6,'',0,'',1648824949,'Ahrefs [Bot]','ahrefs [bot]','',1648824949,'','',0,1648824949,0,'','',0,0,0,0,0,0,0,'en','UTC','D M d, Y g:i a',1,0,'9E8DA7',0,0,0,0,-3,0,0,'t','d',0,'t','a',0,1,0,0,1,1,0,230271,'','',0,0,'<t></t>','','','','','',0,'','148m6d9lef67i0a1',0,0,0),(5,2,6,'',0,'',1648824949,'Alexa [Bot]','alexa [bot]','',1648824949,'','',0,1648824949,0,'','',0,0,0,0,0,0,0,'en','UTC','D M d, Y g:i a',1,0,'9E8DA7',0,0,0,0,-3,0,0,'t','d',0,'t','a',0,1,0,0,1,1,0,230271,'','',0,0,'<t></t>','','','','','',0,'','rzfnxt7wnlmhgyf2',0,0,0),(6,2,6,'',0,'',1648824949,'Alta Vista [Bot]','alta vista [bot]','',1648824949,'','',0,1648824949,0,'','',0,0,0,0,0,0,0,'en','UTC','D M d, Y g:i a',1,0,'9E8DA7',0,0,0,0,-3,0,0,'t','d',0,'t','a',0,1,0,0,1,1,0,230271,'','',0,0,'<t></t>','','','','','',0,'','d5bwg8w015z2npli',0,0,0),(7,2,6,'',0,'',1648824949,'Amazon [Bot]','amazon [bot]','',1648824949,'','',0,1648824949,0,'','',0,0,0,0,0,0,0,'en','UTC','D M d, Y g:i a',1,0,'9E8DA7',0,0,0,0,-3,0,0,'t','d',0,'t','a',0,1,0,0,1,1,0,230271,'','',0,0,'<t></t>','','','','','',0,'','dspjlwb0xygjd40n',0,0,0),(8,2,6,'',0,'',1648824949,'Ask Jeeves [Bot]','ask jeeves [bot]','',1648824949,'','',0,1648824949,0,'','',0,0,0,0,0,0,0,'en','UTC','D M d, Y g:i a',1,0,'9E8DA7',0,0,0,0,-3,0,0,'t','d',0,'t','a',0,1,0,0,1,1,0,230271,'','',0,0,'<t></t>','','','','','',0,'','5mh3k4c1dltbhnhh',0,0,0),(9,2,6,'',0,'',1648824949,'Baidu [Spider]','baidu [spider]','',1648824949,'','',0,1648824949,0,'','',0,0,0,0,0,0,0,'en','UTC','D M d, Y g:i a',1,0,'9E8DA7',0,0,0,0,-3,0,0,'t','d',0,'t','a',0,1,0,0,1,1,0,230271,'','',0,0,'<t></t>','','','','','',0,'','dd8blinnq92axhsu',0,0,0),(10,2,6,'',0,'',1648824949,'Bing [Bot]','bing [bot]','',1648824949,'','',0,1648824949,0,'','',0,0,0,0,0,0,0,'en','UTC','D M d, Y g:i a',1,0,'9E8DA7',0,0,0,0,-3,0,0,'t','d',0,'t','a',0,1,0,0,1,1,0,230271,'','',0,0,'<t></t>','','','','','',0,'','rae17g2gkwkay1uu',0,0,0),(11,2,6,'',0,'',1648824949,'DuckDuckGo [Bot]','duckduckgo [bot]','',1648824949,'','',0,1648824949,0,'','',0,0,0,0,0,0,0,'en','UTC','D M d, Y g:i a',1,0,'9E8DA7',0,0,0,0,-3,0,0,'t','d',0,'t','a',0,1,0,0,1,1,0,230271,'','',0,0,'<t></t>','','','','','',0,'','2eqiw7ei5tw30exl',0,0,0),(12,2,6,'',0,'',1648824949,'Exabot [Bot]','exabot [bot]','',1648824949,'','',0,1648824949,0,'','',0,0,0,0,0,0,0,'en','UTC','D M d, Y g:i a',1,0,'9E8DA7',0,0,0,0,-3,0,0,'t','d',0,'t','a',0,1,0,0,1,1,0,230271,'','',0,0,'<t></t>','','','','','',0,'','zvcikaf2k66buf4b',0,0,0),(13,2,6,'',0,'',1648824949,'FAST Enterprise [Crawler]','fast enterprise [crawler]','',1648824949,'','',0,1648824949,0,'','',0,0,0,0,0,0,0,'en','UTC','D M d, Y g:i a',1,0,'9E8DA7',0,0,0,0,-3,0,0,'t','d',0,'t','a',0,1,0,0,1,1,0,230271,'','',0,0,'<t></t>','','','','','',0,'','gbvdtrri99i4q2bq',0,0,0),(14,2,6,'',0,'',1648824949,'FAST WebCrawler [Crawler]','fast webcrawler [crawler]','',1648824949,'','',0,1648824949,0,'','',0,0,0,0,0,0,0,'en','UTC','D M d, Y g:i a',1,0,'9E8DA7',0,0,0,0,-3,0,0,'t','d',0,'t','a',0,1,0,0,1,1,0,230271,'','',0,0,'<t></t>','','','','','',0,'','hfobkjs8wyg17u70',0,0,0),(15,2,6,'',0,'',1648824949,'Francis [Bot]','francis [bot]','',1648824949,'','',0,1648824949,0,'','',0,0,0,0,0,0,0,'en','UTC','D M d, Y g:i a',1,0,'9E8DA7',0,0,0,0,-3,0,0,'t','d',0,'t','a',0,1,0,0,1,1,0,230271,'','',0,0,'<t></t>','','','','','',0,'','31b1z41gxo94ry9i',0,0,0),(16,2,6,'',0,'',1648824949,'Gigabot [Bot]','gigabot [bot]','',1648824949,'','',0,1648824949,0,'','',0,0,0,0,0,0,0,'en','UTC','D M d, Y g:i a',1,0,'9E8DA7',0,0,0,0,-3,0,0,'t','d',0,'t','a',0,1,0,0,1,1,0,230271,'','',0,0,'<t></t>','','','','','',0,'','brmp0u80a3021vhl',0,0,0),(17,2,6,'',0,'',1648824949,'Google Adsense [Bot]','google adsense [bot]','',1648824949,'','',0,1648824949,0,'','',0,0,0,0,0,0,0,'en','UTC','D M d, Y g:i a',1,0,'9E8DA7',0,0,0,0,-3,0,0,'t','d',0,'t','a',0,1,0,0,1,1,0,230271,'','',0,0,'<t></t>','','','','','',0,'','v6cvbir8z4fxvxii',0,0,0),(18,2,6,'',0,'',1648824949,'Google Desktop','google desktop','',1648824949,'','',0,1648824949,0,'','',0,0,0,0,0,0,0,'en','UTC','D M d, Y g:i a',1,0,'9E8DA7',0,0,0,0,-3,0,0,'t','d',0,'t','a',0,1,0,0,1,1,0,230271,'','',0,0,'<t></t>','','','','','',0,'','oj2cyi7ir93qdw50',0,0,0),(19,2,6,'',0,'',1648824949,'Google Feedfetcher','google feedfetcher','',1648824949,'','',0,1648824949,0,'','',0,0,0,0,0,0,0,'en','UTC','D M d, Y g:i a',1,0,'9E8DA7',0,0,0,0,-3,0,0,'t','d',0,'t','a',0,1,0,0,1,1,0,230271,'','',0,0,'<t></t>','','','','','',0,'','hvyzaezprwfs6wc3',0,0,0),(20,2,6,'',0,'',1648824949,'Google [Bot]','google [bot]','',1648824949,'','',0,1648824949,0,'','',0,0,0,0,0,0,0,'en','UTC','D M d, Y g:i a',1,0,'9E8DA7',0,0,0,0,-3,0,0,'t','d',0,'t','a',0,1,0,0,1,1,0,230271,'','',0,0,'<t></t>','','','','','',0,'','yp2oxcgu77egvwnz',0,0,0),(21,2,6,'',0,'',1648824949,'Heise IT-Markt [Crawler]','heise it-markt [crawler]','',1648824949,'','',0,1648824949,0,'','',0,0,0,0,0,0,0,'en','UTC','D M d, Y g:i a',1,0,'9E8DA7',0,0,0,0,-3,0,0,'t','d',0,'t','a',0,1,0,0,1,1,0,230271,'','',0,0,'<t></t>','','','','','',0,'','ixbszxyfepwz6c98',0,0,0),(22,2,6,'',0,'',1648824949,'Heritrix [Crawler]','heritrix [crawler]','',1648824949,'','',0,1648824949,0,'','',0,0,0,0,0,0,0,'en','UTC','D M d, Y g:i a',1,0,'9E8DA7',0,0,0,0,-3,0,0,'t','d',0,'t','a',0,1,0,0,1,1,0,230271,'','',0,0,'<t></t>','','','','','',0,'','08zhd7j7xlgvmpws',0,0,0),(23,2,6,'',0,'',1648824949,'IBM Research [Bot]','ibm research [bot]','',1648824949,'','',0,1648824949,0,'','',0,0,0,0,0,0,0,'en','UTC','D M d, Y g:i a',1,0,'9E8DA7',0,0,0,0,-3,0,0,'t','d',0,'t','a',0,1,0,0,1,1,0,230271,'','',0,0,'<t></t>','','','','','',0,'','c9dq84emfr2o5cq0',0,0,0),(24,2,6,'',0,'',1648824949,'ICCrawler - ICjobs','iccrawler - icjobs','',1648824949,'','',0,1648824949,0,'','',0,0,0,0,0,0,0,'en','UTC','D M d, Y g:i a',1,0,'9E8DA7',0,0,0,0,-3,0,0,'t','d',0,'t','a',0,1,0,0,1,1,0,230271,'','',0,0,'<t></t>','','','','','',0,'','yjnbttl8tfb4sil3',0,0,0),(25,2,6,'',0,'',1648824949,'ichiro [Crawler]','ichiro [crawler]','',1648824949,'','',0,1648824949,0,'','',0,0,0,0,0,0,0,'en','UTC','D M d, Y g:i a',1,0,'9E8DA7',0,0,0,0,-3,0,0,'t','d',0,'t','a',0,1,0,0,1,1,0,230271,'','',0,0,'<t></t>','','','','','',0,'','31gptf8zlttn0tjb',0,0,0),(26,2,6,'',0,'',1648824949,'Majestic-12 [Bot]','majestic-12 [bot]','',1648824949,'','',0,1648824949,0,'','',0,0,0,0,0,0,0,'en','UTC','D M d, Y g:i a',1,0,'9E8DA7',0,0,0,0,-3,0,0,'t','d',0,'t','a',0,1,0,0,1,1,0,230271,'','',0,0,'<t></t>','','','','','',0,'','6l4yqdt8yfnw64dr',0,0,0),(27,2,6,'',0,'',1648824949,'Metager [Bot]','metager [bot]','',1648824949,'','',0,1648824949,0,'','',0,0,0,0,0,0,0,'en','UTC','D M d, Y g:i a',1,0,'9E8DA7',0,0,0,0,-3,0,0,'t','d',0,'t','a',0,1,0,0,1,1,0,230271,'','',0,0,'<t></t>','','','','','',0,'','xlhwzm6166pc96ch',0,0,0),(28,2,6,'',0,'',1648824949,'MSN NewsBlogs','msn newsblogs','',1648824949,'','',0,1648824949,0,'','',0,0,0,0,0,0,0,'en','UTC','D M d, Y g:i a',1,0,'9E8DA7',0,0,0,0,-3,0,0,'t','d',0,'t','a',0,1,0,0,1,1,0,230271,'','',0,0,'<t></t>','','','','','',0,'','7nzdq0suuoo6995q',0,0,0),(29,2,6,'',0,'',1648824949,'MSN [Bot]','msn [bot]','',1648824949,'','',0,1648824949,0,'','',0,0,0,0,0,0,0,'en','UTC','D M d, Y g:i a',1,0,'9E8DA7',0,0,0,0,-3,0,0,'t','d',0,'t','a',0,1,0,0,1,1,0,230271,'','',0,0,'<t></t>','','','','','',0,'','hrvvlrqgw00agax2',0,0,0),(30,2,6,'',0,'',1648824949,'MSNbot Media','msnbot media','',1648824949,'','',0,1648824949,0,'','',0,0,0,0,0,0,0,'en','UTC','D M d, Y g:i a',1,0,'9E8DA7',0,0,0,0,-3,0,0,'t','d',0,'t','a',0,1,0,0,1,1,0,230271,'','',0,0,'<t></t>','','','','','',0,'','o9z5a4xssb8dwyg9',0,0,0),(31,2,6,'',0,'',1648824949,'NG-Search [Bot]','ng-search [bot]','',1648824949,'','',0,1648824949,0,'','',0,0,0,0,0,0,0,'en','UTC','D M d, Y g:i a',1,0,'9E8DA7',0,0,0,0,-3,0,0,'t','d',0,'t','a',0,1,0,0,1,1,0,230271,'','',0,0,'<t></t>','','','','','',0,'','j3d2ea2kkkafqmkx',0,0,0),(32,2,6,'',0,'',1648824949,'Nutch [Bot]','nutch [bot]','',1648824949,'','',0,1648824949,0,'','',0,0,0,0,0,0,0,'en','UTC','D M d, Y g:i a',1,0,'9E8DA7',0,0,0,0,-3,0,0,'t','d',0,'t','a',0,1,0,0,1,1,0,230271,'','',0,0,'<t></t>','','','','','',0,'','lykdgwv2qn9rzluz',0,0,0),(33,2,6,'',0,'',1648824949,'Nutch/CVS [Bot]','nutch/cvs [bot]','',1648824949,'','',0,1648824949,0,'','',0,0,0,0,0,0,0,'en','UTC','D M d, Y g:i a',1,0,'9E8DA7',0,0,0,0,-3,0,0,'t','d',0,'t','a',0,1,0,0,1,1,0,230271,'','',0,0,'<t></t>','','','','','',0,'','mo5ny7yjxiluhztu',0,0,0),(34,2,6,'',0,'',1648824949,'OmniExplorer [Bot]','omniexplorer [bot]','',1648824949,'','',0,1648824949,0,'','',0,0,0,0,0,0,0,'en','UTC','D M d, Y g:i a',1,0,'9E8DA7',0,0,0,0,-3,0,0,'t','d',0,'t','a',0,1,0,0,1,1,0,230271,'','',0,0,'<t></t>','','','','','',0,'','xb4dgeq74mf988g3',0,0,0),(35,2,6,'',0,'',1648824949,'Online link [Validator]','online link [validator]','',1648824949,'','',0,1648824949,0,'','',0,0,0,0,0,0,0,'en','UTC','D M d, Y g:i a',1,0,'9E8DA7',0,0,0,0,-3,0,0,'t','d',0,'t','a',0,1,0,0,1,1,0,230271,'','',0,0,'<t></t>','','','','','',0,'','znbovj4429bkarr7',0,0,0),(36,2,6,'',0,'',1648824949,'psbot [Picsearch]','psbot [picsearch]','',1648824949,'','',0,1648824949,0,'','',0,0,0,0,0,0,0,'en','UTC','D M d, Y g:i a',1,0,'9E8DA7',0,0,0,0,-3,0,0,'t','d',0,'t','a',0,1,0,0,1,1,0,230271,'','',0,0,'<t></t>','','','','','',0,'','71nmlfsnjd3en193',0,0,0),(37,2,6,'',0,'',1648824949,'Seekport [Bot]','seekport [bot]','',1648824949,'','',0,1648824949,0,'','',0,0,0,0,0,0,0,'en','UTC','D M d, Y g:i a',1,0,'9E8DA7',0,0,0,0,-3,0,0,'t','d',0,'t','a',0,1,0,0,1,1,0,230271,'','',0,0,'<t></t>','','','','','',0,'','54lgmbfj780egybe',0,0,0),(38,2,6,'',0,'',1648824949,'Semrush [Bot]','semrush [bot]','',1648824949,'','',0,1648824949,0,'','',0,0,0,0,0,0,0,'en','UTC','D M d, Y g:i a',1,0,'9E8DA7',0,0,0,0,-3,0,0,'t','d',0,'t','a',0,1,0,0,1,1,0,230271,'','',0,0,'<t></t>','','','','','',0,'','zhmkxxl520ewu9hb',0,0,0),(39,2,6,'',0,'',1648824949,'Sensis [Crawler]','sensis [crawler]','',1648824949,'','',0,1648824949,0,'','',0,0,0,0,0,0,0,'en','UTC','D M d, Y g:i a',1,0,'9E8DA7',0,0,0,0,-3,0,0,'t','d',0,'t','a',0,1,0,0,1,1,0,230271,'','',0,0,'<t></t>','','','','','',0,'','9ldp9cck0bb714j5',0,0,0),(40,2,6,'',0,'',1648824949,'SEO Crawler','seo crawler','',1648824949,'','',0,1648824949,0,'','',0,0,0,0,0,0,0,'en','UTC','D M d, Y g:i a',1,0,'9E8DA7',0,0,0,0,-3,0,0,'t','d',0,'t','a',0,1,0,0,1,1,0,230271,'','',0,0,'<t></t>','','','','','',0,'','qetr8f51zdh5aoim',0,0,0),(41,2,6,'',0,'',1648824949,'Seoma [Crawler]','seoma [crawler]','',1648824949,'','',0,1648824949,0,'','',0,0,0,0,0,0,0,'en','UTC','D M d, Y g:i a',1,0,'9E8DA7',0,0,0,0,-3,0,0,'t','d',0,'t','a',0,1,0,0,1,1,0,230271,'','',0,0,'<t></t>','','','','','',0,'','zavw3uzbm6y3t5bc',0,0,0),(42,2,6,'',0,'',1648824949,'SEOSearch [Crawler]','seosearch [crawler]','',1648824949,'','',0,1648824949,0,'','',0,0,0,0,0,0,0,'en','UTC','D M d, Y g:i a',1,0,'9E8DA7',0,0,0,0,-3,0,0,'t','d',0,'t','a',0,1,0,0,1,1,0,230271,'','',0,0,'<t></t>','','','','','',0,'','l6yvx75qpf99a98t',0,0,0),(43,2,6,'',0,'',1648824949,'Snappy [Bot]','snappy [bot]','',1648824949,'','',0,1648824949,0,'','',0,0,0,0,0,0,0,'en','UTC','D M d, Y g:i a',1,0,'9E8DA7',0,0,0,0,-3,0,0,'t','d',0,'t','a',0,1,0,0,1,1,0,230271,'','',0,0,'<t></t>','','','','','',0,'','ho468i2450jcpmxt',0,0,0),(44,2,6,'',0,'',1648824949,'Steeler [Crawler]','steeler [crawler]','',1648824949,'','',0,1648824949,0,'','',0,0,0,0,0,0,0,'en','UTC','D M d, Y g:i a',1,0,'9E8DA7',0,0,0,0,-3,0,0,'t','d',0,'t','a',0,1,0,0,1,1,0,230271,'','',0,0,'<t></t>','','','','','',0,'','5rqouxhja9zkfk2d',0,0,0),(45,2,6,'',0,'',1648824949,'Synoo [Bot]','synoo [bot]','',1648824949,'','',0,1648824949,0,'','',0,0,0,0,0,0,0,'en','UTC','D M d, Y g:i a',1,0,'9E8DA7',0,0,0,0,-3,0,0,'t','d',0,'t','a',0,1,0,0,1,1,0,230271,'','',0,0,'<t></t>','','','','','',0,'','eac64ojkkzxgecms',0,0,0),(46,2,6,'',0,'',1648824949,'Telekom [Bot]','telekom [bot]','',1648824949,'','',0,1648824949,0,'','',0,0,0,0,0,0,0,'en','UTC','D M d, Y g:i a',1,0,'9E8DA7',0,0,0,0,-3,0,0,'t','d',0,'t','a',0,1,0,0,1,1,0,230271,'','',0,0,'<t></t>','','','','','',0,'','gvyei6jfhdi3n67c',0,0,0),(47,2,6,'',0,'',1648824949,'TurnitinBot [Bot]','turnitinbot [bot]','',1648824949,'','',0,1648824949,0,'','',0,0,0,0,0,0,0,'en','UTC','D M d, Y g:i a',1,0,'9E8DA7',0,0,0,0,-3,0,0,'t','d',0,'t','a',0,1,0,0,1,1,0,230271,'','',0,0,'<t></t>','','','','','',0,'','5l55y9w037b9p9j3',0,0,0),(48,2,6,'',0,'',1648824949,'Voyager [Bot]','voyager [bot]','',1648824949,'','',0,1648824949,0,'','',0,0,0,0,0,0,0,'en','UTC','D M d, Y g:i a',1,0,'9E8DA7',0,0,0,0,-3,0,0,'t','d',0,'t','a',0,1,0,0,1,1,0,230271,'','',0,0,'<t></t>','','','','','',0,'','ug4glfy8ymt553oi',0,0,0),(49,2,6,'',0,'',1648824949,'W3 [Sitesearch]','w3 [sitesearch]','',1648824949,'','',0,1648824949,0,'','',0,0,0,0,0,0,0,'en','UTC','D M d, Y g:i a',1,0,'9E8DA7',0,0,0,0,-3,0,0,'t','d',0,'t','a',0,1,0,0,1,1,0,230271,'','',0,0,'<t></t>','','','','','',0,'','ry1tb05imkgc0q5x',0,0,0),(50,2,6,'',0,'',1648824949,'W3C [Linkcheck]','w3c [linkcheck]','',1648824949,'','',0,1648824949,0,'','',0,0,0,0,0,0,0,'en','UTC','D M d, Y g:i a',1,0,'9E8DA7',0,0,0,0,-3,0,0,'t','d',0,'t','a',0,1,0,0,1,1,0,230271,'','',0,0,'<t></t>','','','','','',0,'','9l5plbmhb1xeo8xe',0,0,0),(51,2,6,'',0,'',1648824949,'W3C [Validator]','w3c [validator]','',1648824949,'','',0,1648824949,0,'','',0,0,0,0,0,0,0,'en','UTC','D M d, Y g:i a',1,0,'9E8DA7',0,0,0,0,-3,0,0,'t','d',0,'t','a',0,1,0,0,1,1,0,230271,'','',0,0,'<t></t>','','','','','',0,'','8q2ybkonb0o2ndk1',0,0,0),(52,2,6,'',0,'',1648824949,'WiseNut [Bot]','wisenut [bot]','',1648824949,'','',0,1648824949,0,'','',0,0,0,0,0,0,0,'en','UTC','D M d, Y g:i a',1,0,'9E8DA7',0,0,0,0,-3,0,0,'t','d',0,'t','a',0,1,0,0,1,1,0,230271,'','',0,0,'<t></t>','','','','','',0,'','vuccrx7vfz1vehtd',0,0,0),(53,2,6,'',0,'',1648824949,'YaCy [Bot]','yacy [bot]','',1648824949,'','',0,1648824949,0,'','',0,0,0,0,0,0,0,'en','UTC','D M d, Y g:i a',1,0,'9E8DA7',0,0,0,0,-3,0,0,'t','d',0,'t','a',0,1,0,0,1,1,0,230271,'','',0,0,'<t></t>','','','','','',0,'','0vb86kfmeqxbk8sr',0,0,0),(54,2,6,'',0,'',1648824949,'Yahoo MMCrawler [Bot]','yahoo mmcrawler [bot]','',1648824949,'','',0,1648824949,0,'','',0,0,0,0,0,0,0,'en','UTC','D M d, Y g:i a',1,0,'9E8DA7',0,0,0,0,-3,0,0,'t','d',0,'t','a',0,1,0,0,1,1,0,230271,'','',0,0,'<t></t>','','','','','',0,'','strbecvzf2hvv7pk',0,0,0),(55,2,6,'',0,'',1648824949,'Yahoo Slurp [Bot]','yahoo slurp [bot]','',1648824949,'','',0,1648824949,0,'','',0,0,0,0,0,0,0,'en','UTC','D M d, Y g:i a',1,0,'9E8DA7',0,0,0,0,-3,0,0,'t','d',0,'t','a',0,1,0,0,1,1,0,230271,'','',0,0,'<t></t>','','','','','',0,'','zmsawywqeuyv5of1',0,0,0),(56,2,6,'',0,'',1648824949,'Yahoo [Bot]','yahoo [bot]','',1648824949,'','',0,1648824949,0,'','',0,0,0,0,0,0,0,'en','UTC','D M d, Y g:i a',1,0,'9E8DA7',0,0,0,0,-3,0,0,'t','d',0,'t','a',0,1,0,0,1,1,0,230271,'','',0,0,'<t></t>','','','','','',0,'','myq3jpse8dnu56jc',0,0,0),(57,2,6,'',0,'',1648824949,'YahooSeeker [Bot]','yahooseeker [bot]','',1648824949,'','',0,1648824949,0,'','',0,0,0,0,0,0,0,'en','UTC','D M d, Y g:i a',1,0,'9E8DA7',0,0,0,0,-3,0,0,'t','d',0,'t','a',0,1,0,0,1,1,0,230271,'','',0,0,'<t></t>','','','','','',0,'','tqy78yk33dbu3qbb',0,0,0),(58,0,9,'00111rylfif3zik0zi\nzik0zjzih7uo\n\n\n\nzik0zjqmx0qo\nzik0zjqmx0qo\nzik0zjzih7uo\nzik0zjzih7uo\nzik0zjzih7uo\nzik0zjzih7uo\nzik0zjzih7uo\nzik0zjzih7uo\n\nzik0zjzih7uo\nzik0zjzih7uo\nzik0zjzih7uo\nzik0zjzih7uo\nzik0zjzih7uo\nzik0zjzih7uo\nzik0zjzih7uo\nzik0zjzih7uo\nzik0zjzih7uo\nzik0zjzih7uo\n\nzik0zjzih7uo\nzik0zjzih7uo\nzik0zjzih7uo\nzik0zjzih7uo\nzik0zjzih7uo\nzik0zjzih7uo\nzik0zjzih7uo\nzik0zjzih7uo\nzik0zjzih7uo\nzik0zjzih7uo\nzik0zjzih7uo\nzik0zjzih7uo\nzik0zjzih7uo\nzik0zjzih7uo\nzik0zjzih7uo\nzik0zjzih7uo\nzik0zjzih7uo\nzik0zjzih7uo\nzik0zjzih7uo\nzik0zjzih7uo\nzik0zjzih7uo\nzik0zjzih7uo\nzik0zjzih7uo\nzik0zjzih7uo\nzik0zjzih7uo\nzik0zjzih7uo\nzik0zjzih7uo\nzik0zjzih7uo\nzik0zjzih7uo\nzik0zjzih7uo\nzik0zjzih7uo',0,'94.232.216.242',1649052988,'Damian Jakubik','damian jakubik','$argon2id$v=19$m=65536,t=4,p=2$QXVNdm5vYWFNVnRSNW45OA$zHayyBwpQi5dJYfuP2Zm3Yk0KYP8n/8yaEusr9n34eI',1649052988,'damian.jakubik@seacraft.eu','',1652725621,1649052988,1652175159,'index.php','',1650456571,0,0,0,0,0,92,'en','Europe/Warsaw','D M d, Y g:i a',1,0,'',0,0,0,0,-3,0,0,'t','d',0,'t','a',0,1,0,1,1,1,1,230271,'58_1649267322.jpg','avatar.driver.upload',120,120,'','','','','','7ehlaiz5s47ywdciaiirjsqa741jtz06',1649938511,'','saw8c60yb41d65tv',0,0,0),(60,0,2,'00000000000v8qmol6\nzik0zjqmx0qo\n\n\n\nzik0zjqmx0qo\nzik0zjqmx0qo\nzik0zjqmx0qo\nzik0zjqmx0qo\nzik0zjqmx0qo\nzik0zjqmx0qo\nzik0zjqmx0qo\nzik0zjqmx0qo\n\nzik0zjqmx0qo\nzik0zjqmx0qo\nzik0zjqmx0qo\nzik0zjqmx0qo\nzik0zjqmx0qo\nzik0zjqmx0qo\nzik0zjqmx0qo\nzik0zjqmx0qo\nzik0zjqmx0qo\nzik0zjqmx0qo\n\nzik0zjqmx0qo\nzik0zjqmx0qo\nzik0zjqmx0qo\nzik0zjqmx0qo\nzik0zjqmx0qo\nzik0zjqmx0qo\nzik0zjqmx0qo\nzik0zjqmx0qo\nzik0zjqmx0qo\nzik0zjqmx0qo\nzik0zjqmx0qo\nzik0zjqmx0qo\nzik0zjqmx0qo\nzik0zjqmx0qo\nzik0zjqmx0qo\nzik0zjqmx0qo\nzik0zjqmx0qo\nzik0zjqmx0qo\nzik0zjqmx0qo\nzik0zjqmx0qo\nzik0zjqmx0qo\nzik0zjqmx0qo\nzik0zjqmx0qo\nzik0zjqmx0qo\nzik0zjqmx0qo\nzik0zjqmx0qo\nzik0zjqmx0qo\nzik0zjqmx0qo\nzik0zjqmx0qo\nzik0zjqmx0qo\nzik0zjqmx0qo',0,'94.232.216.242',1649313278,'Paulina lzak','paulina lzak','$argon2id$v=19$m=65536,t=4,p=2$cnQ2YlZJb2tlejVEOUJnaA$R9rEJwGmvNgMa9DLxuwoPB6vmV0Y6v7N4JczxNak39w',1649313278,'paulina.slezak@seacraft.eu','',1652165335,1649334974,1652165335,'viewtopic.php?p=273','',0,0,0,0,0,0,39,'en','Europe/Warsaw','D M d, Y g:i a',1,0,'',0,0,0,0,-3,0,0,'t','d',0,'t','a',0,1,0,1,1,1,1,230271,'','',0,0,'','','','','','',0,'','kk55hxycle20r0j6',0,0,0),(61,0,2,'00000000000v8qmol6\nzik0zjqmx0qo\n\n\n\nzik0zjqmx0qo\nzik0zjqmx0qo\nzik0zjqmx0qo\nzik0zjqmx0qo\nzik0zjqmx0qo\nzik0zjqmx0qo\nzik0zjqmx0qo\nzik0zjqmx0qo\n\nzik0zjqmx0qo\nzik0zjqmx0qo\nzik0zjqmx0qo\nzik0zjqmx0qo\nzik0zjqmx0qo\nzik0zjqmx0qo\nzik0zjqmx0qo\nzik0zjqmx0qo\nzik0zjqmx0qo\nzik0zjqmx0qo\n\nzik0zjqmx0qo\nzik0zjqmx0qo\nzik0zjqmx0qo\nzik0zjqmx0qo\nzik0zjqmx0qo\nzik0zjqmx0qo\nzik0zjqmx0qo\nzik0zjqmx0qo\nzik0zjqmx0qo\nzik0zjqmx0qo\nzik0zjqmx0qo\nzik0zjqmx0qo\nzik0zjqmx0qo\nzik0zjqmx0qo\nzik0zjqmx0qo\nzik0zjqmx0qo\nzik0zjqmx0qo\nzik0zjqmx0qo\nzik0zjqmx0qo\nzik0zjqmx0qo\nzik0zjqmx0qo\nzik0zjqmx0qo\nzik0zjqmx0qo\nzik0zjqmx0qo\nzik0zjqmx0qo\nzik0zjqmx0qo\nzik0zjqmx0qo\nzik0zjqmx0qo\nzik0zjqmx0qo\nzik0zjqmx0qo\nzik0zjqmx0qo',0,'94.232.216.242',1649314097,'Beata Sotys','beata soltys','$argon2id$v=19$m=65536,t=4,p=2$YlMuNXR5QXNLbWlLUTFiZQ$b4Q2mXiYGnNKhobLSpbJQUj27cwsaCyR5ZPuTGBwXCw',1649832559,'office@seacraft.eu','',1652712622,1649314097,1652686721,'viewforum.php?f=1','',1651825544,0,0,0,0,0,75,'en','Europe/Warsaw','D M d, Y g:i a',1,0,'',0,0,0,0,-3,0,0,'t','d',0,'t','a',0,1,0,1,1,1,1,230271,'','',0,0,'','','','','','6xircxvibf8b5k7lk93vqa4hahoak8so',1649917894,'','8cci3yajd59vblmj',0,0,0),(63,0,2,'00000000000v8qmol6\nzik0zjqmx0qo\n\n\n\nzik0zjqmx0qo\nzik0zjqmx0qo\nzik0zjqmx0qo\nzik0zjqmx0qo\nzik0zjqmx0qo\nzik0zjqmx0qo\nzik0zjqmx0qo\nzik0zjqmx0qo\n\nzik0zjqmx0qo\nzik0zjqmx0qo\nzik0zjqmx0qo\nzik0zjqmx0qo\nzik0zjqmx0qo\nzik0zjqmx0qo\nzik0zjqmx0qo\nzik0zjqmx0qo\nzik0zjqmx0qo\nzik0zjqmx0qo\n\nzik0zjqmx0qo\nzik0zjqmx0qo\nzik0zjqmx0qo\nzik0zjqmx0qo\nzik0zjqmx0qo\nzik0zjqmx0qo\nzik0zjqmx0qo\nzik0zjqmx0qo\nzik0zjqmx0qo\nzik0zjqmx0qo\nzik0zjqmx0qo\nzik0zjqmx0qo\nzik0zjqmx0qo\nzik0zjqmx0qo\nzik0zjqmx0qo\nzik0zjqmx0qo\nzik0zjqmx0qo\nzik0zjqmx0qo\nzik0zjqmx0qo\nzik0zjqmx0qo\nzik0zjqmx0qo\nzik0zjqmx0qo\nzik0zjqmx0qo\nzik0zjqmx0qo\nzik0zjqmx0qo\nzik0zjqmx0qo\nzik0zjqmx0qo\nzik0zjqmx0qo\nzik0zjqmx0qo\nzik0zjqmx0qo\nzik0zjqmx0qo',0,'85.221.240.2',1649314907,'Witold Hoffmann','witold hoffmann','$argon2id$v=19$m=65536,t=4,p=2$b0R6Rml1c2txbHhkNjJ3Rg$QCprTOjn8IkUawhpz8d06AkFRTYUSz3Axa8vVRwrHlo',1649318842,'witold.hoffmann@seacraft.eu','',1652252192,1649314907,1652171873,'index.php','',1652175030,0,0,0,0,0,71,'en','Europe/Warsaw','D M d, Y g:i a',1,0,'',0,0,0,0,-3,0,0,'t','d',0,'t','a',0,1,0,1,1,1,1,230271,'','',0,0,'','','','','','dwyd7z0n398qcp57giozgi60o0uxe6fl',1649401426,'','ekjn9gw86lggsmg6',0,0,0),(64,0,2,'',0,'82.207.248.89',1649683617,'Frank Lemke','frank lemke','$argon2id$v=19$m=65536,t=4,p=2$N2xibVIvaUdoZ0FBRmpzTQ$ah07nfTU/GRxcTQ7T7MP2NLVQK4iEIcjwc9VBotrUbQ',1650617223,'frank.lemke@seacraft.eu','',1650623564,1649683617,0,'index.php','',0,0,0,0,0,0,0,'en','Europe/Berlin','D M d, Y g:i a',1,0,'',0,0,0,0,-3,0,0,'t','d',0,'t','a',0,1,0,1,1,1,1,230271,'','',0,0,'','','','','','zfsxh0olf1bth74s5zr72gu76t074ujl',1650702887,'','hkdv80x4npjv669e',1,0,0);
/*!40000 ALTER TABLE `phpbb_users` ENABLE KEYS */;
UNLOCK TABLES;

--
-- Table structure for table `phpbb_warnings`
--

DROP TABLE IF EXISTS `phpbb_warnings`;
/*!40101 SET @saved_cs_client     = @@character_set_client */;
/*!40101 SET character_set_client = utf8 */;
CREATE TABLE `phpbb_warnings` (
  `warning_id` mediumint(8) unsigned NOT NULL AUTO_INCREMENT,
  `user_id` int(10) unsigned NOT NULL DEFAULT 0,
  `post_id` int(10) unsigned NOT NULL DEFAULT 0,
  `log_id` int(10) unsigned NOT NULL DEFAULT 0,
  `warning_time` int(11) unsigned NOT NULL DEFAULT 0,
  PRIMARY KEY (`warning_id`)
) ENGINE=InnoDB DEFAULT CHARSET=utf8 COLLATE=utf8_bin;
/*!40101 SET character_set_client = @saved_cs_client */;

--
-- Dumping data for table `phpbb_warnings`
--

LOCK TABLES `phpbb_warnings` WRITE;
/*!40000 ALTER TABLE `phpbb_warnings` DISABLE KEYS */;
/*!40000 ALTER TABLE `phpbb_warnings` ENABLE KEYS */;
UNLOCK TABLES;

--
-- Table structure for table `phpbb_words`
--

DROP TABLE IF EXISTS `phpbb_words`;
/*!40101 SET @saved_cs_client     = @@character_set_client */;
/*!40101 SET character_set_client = utf8 */;
CREATE TABLE `phpbb_words` (
  `word_id` int(10) unsigned NOT NULL AUTO_INCREMENT,
  `word` varchar(255) COLLATE utf8_bin NOT NULL DEFAULT '',
  `replacement` varchar(255) COLLATE utf8_bin NOT NULL DEFAULT '',
  PRIMARY KEY (`word_id`)
) ENGINE=InnoDB DEFAULT CHARSET=utf8 COLLATE=utf8_bin;
/*!40101 SET character_set_client = @saved_cs_client */;

--
-- Dumping data for table `phpbb_words`
--

LOCK TABLES `phpbb_words` WRITE;
/*!40000 ALTER TABLE `phpbb_words` DISABLE KEYS */;
/*!40000 ALTER TABLE `phpbb_words` ENABLE KEYS */;
UNLOCK TABLES;

--
-- Table structure for table `phpbb_zebra`
--

DROP TABLE IF EXISTS `phpbb_zebra`;
/*!40101 SET @saved_cs_client     = @@character_set_client */;
/*!40101 SET character_set_client = utf8 */;
CREATE TABLE `phpbb_zebra` (
  `user_id` int(10) unsigned NOT NULL DEFAULT 0,
  `zebra_id` int(10) unsigned NOT NULL DEFAULT 0,
  `friend` tinyint(1) unsigned NOT NULL DEFAULT 0,
  `foe` tinyint(1) unsigned NOT NULL DEFAULT 0,
  PRIMARY KEY (`user_id`,`zebra_id`)
) ENGINE=InnoDB DEFAULT CHARSET=utf8 COLLATE=utf8_bin;
/*!40101 SET character_set_client = @saved_cs_client */;

--
-- Dumping data for table `phpbb_zebra`
--

LOCK TABLES `phpbb_zebra` WRITE;
/*!40000 ALTER TABLE `phpbb_zebra` DISABLE KEYS */;
/*!40000 ALTER TABLE `phpbb_zebra` ENABLE KEYS */;
UNLOCK TABLES;
/*!40103 SET TIME_ZONE=@OLD_TIME_ZONE */;

/*!40101 SET SQL_MODE=@OLD_SQL_MODE */;
/*!40014 SET FOREIGN_KEY_CHECKS=@OLD_FOREIGN_KEY_CHECKS */;
/*!40014 SET UNIQUE_CHECKS=@OLD_UNIQUE_CHECKS */;
/*!40101 SET CHARACTER_SET_CLIENT=@OLD_CHARACTER_SET_CLIENT */;
/*!40101 SET CHARACTER_SET_RESULTS=@OLD_CHARACTER_SET_RESULTS */;
/*!40101 SET COLLATION_CONNECTION=@OLD_COLLATION_CONNECTION */;
/*!40111 SET SQL_NOTES=@OLD_SQL_NOTES */;

-- Dump completed on 2022-05-27 11:19:30
